[10:15:16.710][info] [#0:/home/nattz/.local/share/nvim/mason/packages/lua-language-server/libexec/main.lua:71]: Lua Lsp startup, root: 	/home/nattz/.local/share/nvim/mason/packages/lua-language-server/libexec
[10:15:16.710][info] [#0:/home/nattz/.local/share/nvim/mason/packages/lua-language-server/libexec/main.lua:72]: ROOT:	/home/nattz/.local/share/nvim/mason/packages/lua-language-server/libexec
[10:15:16.710][info] [#0:/home/nattz/.local/share/nvim/mason/packages/lua-language-server/libexec/main.lua:73]: LOGPATH:	/home/nattz/.local/share/nvim/mason/packages/lua-language-server/libexec/log
[10:15:16.710][info] [#0:/home/nattz/.local/share/nvim/mason/packages/lua-language-server/libexec/main.lua:74]: METAPATH:	/home/nattz/.local/share/nvim/mason/packages/lua-language-server/libexec/meta
[10:15:16.710][info] [#0:/home/nattz/.local/share/nvim/mason/packages/lua-language-server/libexec/main.lua:75]: VERSION:	3.17.1
[10:15:16.733][info] [#0:script/proto/proto.lua:260]: Listen Mode: stdio
[10:15:16.733][info] [#0:script/service/service.lua:145]: 
========= Medical Examination Report =========
    --------------- Memory ---------------
        Total: 1.915 MB
        # 00 : 1.915 MB
        # 01 : 0.000 MB
        # 02 : 0.000 MB
        # 03 : 0.000 MB
        # 04 : 0.000 MB
    --------------- Coroutine ---------------
        Total:     0
        Running:   0
        Suspended: 0
        Normal:    0
        Dead:      0
    --------------- Cache ---------------
        Total: 1
        Dead:  0
    ---------------  RPC  ---------------
        Holdon:   0
        Waiting:  0
==============================================
[10:15:16.736][info] [#0:script/client.lua:657]: Client init	{
  capabilities = {
    general = {
      positionEncodings = { "utf-8", "utf-16", "utf-32" }
    },
    textDocument = {
      callHierarchy = {
        dynamicRegistration = false
      },
      codeAction = {
        codeActionLiteralSupport = {
          codeActionKind = {
            valueSet = { "", "quickfix", "refactor", "refactor.extract", "refactor.inline", "refactor.rewrite", "source", "source.organizeImports" }
          }
        },
        dataSupport = true,
        dynamicRegistration = true,
        isPreferredSupport = true,
        resolveSupport = {
          properties = { "edit", "command" }
        }
      },
      codeLens = {
        dynamicRegistration = false,
        resolveSupport = {
          properties = { "command" }
        }
      },
      completion = {
        completionItem = {
          commitCharactersSupport = false,
          deprecatedSupport = true,
          documentationFormat = { "markdown", "plaintext" },
          preselectSupport = false,
          resolveSupport = {
            properties = { "additionalTextEdits", "command" }
          },
          snippetSupport = true,
          tagSupport = {
            valueSet = { 1 }
          }
        },
        completionItemKind = {
          valueSet = { 1, 2, 3, 4, 5, 6, 7, 8, 9, 10, 11, 12, 13, 14, 15, 16, 17, 18, 19, 20, 21, 22, 23, 24, 25 }
        },
        completionList = {
          itemDefaults = { "editRange", "insertTextFormat", "insertTextMode", "data" }
        },
        contextSupport = true,
        dynamicRegistration = false
      },
      declaration = {
        linkSupport = true
      },
      definition = {
        dynamicRegistration = true,
        linkSupport = true
      },
      diagnostic = {
        dynamicRegistration = false,
        tagSupport = {
          valueSet = { 1, 2 }
        }
      },
      documentHighlight = {
        dynamicRegistration = false
      },
      documentSymbol = {
        dynamicRegistration = false,
        hierarchicalDocumentSymbolSupport = true,
        symbolKind = {
          valueSet = { 1, 2, 3, 4, 5, 6, 7, 8, 9, 10, 11, 12, 13, 14, 15, 16, 17, 18, 19, 20, 21, 22, 23, 24, 25, 26 }
        }
      },
      foldingRange = {
        dynamicRegistration = false,
        foldingRange = {
          collapsedText = true
        },
        foldingRangeKind = {
          valueSet = { "comment", "imports", "region" }
        },
        lineFoldingOnly = true
      },
      formatting = {
        dynamicRegistration = true
      },
      hover = {
        contentFormat = { "markdown", "plaintext" },
        dynamicRegistration = true
      },
      implementation = {
        linkSupport = true
      },
      inlayHint = {
        dynamicRegistration = true,
        resolveSupport = {
          properties = { "textEdits", "tooltip", "location", "command" }
        }
      },
      publishDiagnostics = {
        dataSupport = true,
        relatedInformation = true,
        tagSupport = {
          valueSet = { 1, 2 }
        }
      },
      rangeFormatting = {
        dynamicRegistration = true,
        rangesSupport = true
      },
      references = {
        dynamicRegistration = false
      },
      rename = {
        dynamicRegistration = true,
        prepareSupport = true
      },
      semanticTokens = {
        augmentsSyntaxTokens = true,
        dynamicRegistration = false,
        formats = { "relative" },
        multilineTokenSupport = false,
        overlappingTokenSupport = true,
        requests = {
          full = {
            delta = true
          },
          range = false
        },
        serverCancelSupport = false,
        tokenModifiers = { "declaration", "definition", "readonly", "static", "deprecated", "abstract", "async", "modification", "documentation", "defaultLibrary" },
        tokenTypes = { "namespace", "type", "class", "enum", "interface", "struct", "typeParameter", "parameter", "variable", "property", "enumMember", "event", "function", "method", "macro", "keyword", "modifier", "comment", "string", "number", "regexp", "operator", "decorator" }
      },
      signatureHelp = {
        dynamicRegistration = false,
        signatureInformation = {
          activeParameterSupport = true,
          documentationFormat = { "markdown", "plaintext" },
          parameterInformation = {
            labelOffsetSupport = true
          }
        }
      },
      synchronization = {
        didSave = true,
        dynamicRegistration = false,
        willSave = true,
        willSaveWaitUntil = true
      },
      typeDefinition = {
        linkSupport = true
      }
    },
    window = {
      showDocument = {
        support = true
      },
      showMessage = {
        messageActionItem = {
          additionalPropertiesSupport = true
        }
      },
      workDoneProgress = true
    },
    workspace = {
      applyEdit = true,
      configuration = true,
      didChangeConfiguration = {
        dynamicRegistration = false
      },
      didChangeWatchedFiles = {
        dynamicRegistration = false,
        relativePatternSupport = true
      },
      fileOperations = {
        didRename = true,
        willRename = true
      },
      inlayHint = {
        refreshSupport = true
      },
      semanticTokens = {
        refreshSupport = true
      },
      symbol = {
        dynamicRegistration = false,
        symbolKind = {
          valueSet = { 1, 2, 3, 4, 5, 6, 7, 8, 9, 10, 11, 12, 13, 14, 15, 16, 17, 18, 19, 20, 21, 22, 23, 24, 25, 26 }
        }
      },
      workspaceEdit = {
        resourceOperations = { "rename", "create", "delete" }
      },
      workspaceFolders = true
    }
  },
  clientInfo = {
    name = "Neovim",
    version = "0.11.5+v0.11.5"
  },
  processId = 48735,
  rootPath = "/home/nattz/.config/nvim",
  rootUri = "file:///home/nattz/.config/nvim",
  trace = "off",
  workDoneToken = "1",
  workspaceFolders = { {
      name = "/home/nattz/.config/nvim",
      uri = "file:///home/nattz/.config/nvim"
    } }
}
[10:15:16.736][info] [#0:script/language.lua:137]: VSC language: nil
[10:15:16.736][info] [#0:script/language.lua:138]: LS  language: en-us
[10:15:16.736][info] [#0:script/workspace/workspace.lua:38]: Workspace init root: 	file:///home/nattz/.config/nvim
[10:15:16.736][info] [#0:script/workspace/workspace.lua:42]: Log path: 	/home/nattz/.local/share/nvim/mason/packages/lua-language-server/libexec/log/file_home_nattz_.config_nvim.log
[10:15:16.736][info] [#0:script/workspace/workspace.lua:48]: Workspace create: 	file:///home/nattz/.config/nvim
[10:15:16.765][info] [#0:script/provider/provider.lua:49]: Load config from client	file:///home/nattz/.config/nvim
[10:15:16.765][info] [#0:script/provider/provider.lua:50]: {
  Lua = {
    codeLens = {
      enable = true
    },
    completion = {
      callSnippet = "Replace"
    },
    doc = {
      privateName = { "^_" }
    },
    hint = {
      arrayIndex = "Disable",
      enable = true,
      paramName = "Disable",
      paramType = true,
      semicolon = "Disable",
      setType = false
    },
    workspace = {
      checkThirdParty = false
    }
  }
}
[10:15:16.765][info] [#0:script/provider/provider.lua:49]: Load config from client	file:///home/nattz/.config/nvim
[10:15:16.765][info] [#0:script/provider/provider.lua:50]: {
  Lua = {
    codeLens = {
      enable = true
    },
    completion = {
      callSnippet = "Replace"
    },
    doc = {
      privateName = { "^_" }
    },
    hint = {
      arrayIndex = "Disable",
      enable = true,
      paramName = "Disable",
      paramType = true,
      semicolon = "Disable",
      setType = false
    },
    workspace = {
      checkThirdParty = false
    }
  }
}
[10:15:16.767][info] [#0:script/provider/provider.lua:65]: Load config from client	fallback
[10:15:16.767][info] [#0:script/provider/provider.lua:66]: {
  Lua = {
    codeLens = {
      enable = true
    },
    completion = {
      callSnippet = "Replace"
    },
    doc = {
      privateName = { "^_" }
    },
    hint = {
      arrayIndex = "Disable",
      enable = true,
      paramName = "Disable",
      paramType = true,
      semicolon = "Disable",
      setType = false
    },
    workspace = {
      checkThirdParty = false
    }
  }
}
[10:15:16.767][info] [#0:script/provider/provider.lua:65]: Load config from client	fallback
[10:15:16.767][info] [#0:script/provider/provider.lua:66]: {
  Lua = {
    codeLens = {
      enable = true
    },
    completion = {
      callSnippet = "Replace"
    },
    doc = {
      privateName = { "^_" }
    },
    hint = {
      arrayIndex = "Disable",
      enable = true,
      paramName = "Disable",
      paramType = true,
      semicolon = "Disable",
      setType = false
    },
    workspace = {
      checkThirdParty = false
    }
  }
}
[10:15:16.943][info] [#0:script/library.lua:216]: Init builtin library at:	file:///home/nattz/.config/nvim
[10:15:16.951][info] [#0:script/library.lua:216]: Init builtin library at:	nil
[10:15:17.058][info] [#0:script/workspace/workspace.lua:332]: Preload start:	file:///home/nattz/.config/nvim
[10:15:17.060][info] [#0:script/workspace/workspace.lua:338]: Scan files at:	file:///home/nattz/.config/nvim
[10:15:17.063][info] [#0:script/workspace/workspace.lua:332]: Preload start:	<fallback>
[10:15:17.065][info] [#0:script/workspace/workspace.lua:361]: Scan library at:	file:///home/nattz/.local/share/nvim/mason/packages/lua-language-server/libexec/meta/Lua%205.4%20en-us%20utf8/basic.lua
[10:15:17.065][info] [#0:script/provider/provider.lua:49]: Load config from client	file:///home/nattz/.config/nvim
[10:15:17.065][info] [#0:script/provider/provider.lua:50]: {
  Lua = {
    codeLens = {
      enable = true
    },
    completion = {
      callSnippet = "Replace"
    },
    doc = {
      privateName = { "^_" }
    },
    hint = {
      arrayIndex = "Disable",
      enable = true,
      paramName = "Disable",
      paramType = true,
      semicolon = "Disable",
      setType = false
    },
    runtime = {
      path = { "?.lua", "?/init.lua" },
      pathStrict = true,
      version = "LuaJIT"
    },
    workspace = {
      checkThirdParty = false,
      ignoreDir = { "/lua" },
      library = { "/usr/share/nvim/runtime/lua", "/home/nattz/.config/nvim/lua" }
    }
  }
}
[10:15:17.065][warn] [#0:script/config/loader.lua:116]: No config?	{}
[10:15:17.065][info] [#0:script/provider/provider.lua:65]: Load config from client	fallback
[10:15:17.065][info] [#0:script/provider/provider.lua:66]: nil
[10:15:17.065][info] [#0:script/workspace/workspace.lua:361]: Scan library at:	file:///home/nattz/.local/share/nvim/mason/packages/lua-language-server/libexec/meta/Lua%205.4%20en-us%20utf8/math.lua
[10:15:17.065][info] [#0:script/workspace/workspace.lua:361]: Scan library at:	file:///home/nattz/.local/share/nvim/mason/packages/lua-language-server/libexec/meta/Lua%205.4%20en-us%20utf8/debug.lua
[10:15:17.097][info] [#0:script/workspace/workspace.lua:361]: Scan library at:	file:///home/nattz/.local/share/nvim/mason/packages/lua-language-server/libexec/meta/Lua%205.4%20en-us%20utf8/basic.lua
[10:15:17.097][info] [#0:script/workspace/workspace.lua:361]: Scan library at:	file:///home/nattz/.local/share/nvim/mason/packages/lua-language-server/libexec/meta/Lua%205.4%20en-us%20utf8/math.lua
[10:15:17.097][info] [#0:script/workspace/workspace.lua:361]: Scan library at:	file:///home/nattz/.local/share/nvim/mason/packages/lua-language-server/libexec/meta/Lua%205.4%20en-us%20utf8/debug.lua
[10:15:17.097][info] [#0:script/workspace/workspace.lua:361]: Scan library at:	file:///home/nattz/.local/share/nvim/mason/packages/lua-language-server/libexec/meta/Lua%205.4%20en-us%20utf8/builtin.lua
[10:15:17.097][info] [#0:script/workspace/workspace.lua:361]: Scan library at:	file:///home/nattz/.local/share/nvim/mason/packages/lua-language-server/libexec/meta/Lua%205.4%20en-us%20utf8/coroutine.lua
[10:15:17.098][info] [#0:script/workspace/workspace.lua:361]: Scan library at:	file:///home/nattz/.local/share/nvim/mason/packages/lua-language-server/libexec/meta/Lua%205.4%20en-us%20utf8/table.lua
[10:15:17.098][info] [#0:script/workspace/workspace.lua:361]: Scan library at:	file:///home/nattz/.local/share/nvim/mason/packages/lua-language-server/libexec/meta/Lua%205.4%20en-us%20utf8/io.lua
[10:15:17.098][info] [#0:script/workspace/workspace.lua:361]: Scan library at:	file:///home/nattz/.local/share/nvim/mason/packages/lua-language-server/libexec/meta/Lua%205.4%20en-us%20utf8/string.lua
[10:15:17.098][info] [#0:script/workspace/workspace.lua:361]: Scan library at:	file:///home/nattz/.local/share/nvim/mason/packages/lua-language-server/libexec/meta/Lua%205.4%20en-us%20utf8/utf8.lua
[10:15:17.098][info] [#0:script/workspace/workspace.lua:361]: Scan library at:	file:///home/nattz/.local/share/nvim/mason/packages/lua-language-server/libexec/meta/Lua%205.4%20en-us%20utf8/package.lua
[10:15:17.098][info] [#0:script/workspace/workspace.lua:361]: Scan library at:	file:///home/nattz/.local/share/nvim/mason/packages/lua-language-server/libexec/meta/Lua%205.4%20en-us%20utf8/os.lua
[10:15:17.265][info] [#0:script/library.lua:216]: Init builtin library at:	nil
[10:15:17.281][info] [#0:script/workspace/workspace.lua:387]: Found 769 files at:	file:///home/nattz/.config/nvim
[10:15:17.281][info] [#0:script/workspace/loading.lua:160]: Load files from disk:	file:///home/nattz/.config/nvim
[10:15:17.282][info] [#0:script/workspace/loading.lua:100]: Preload file at: file:///home/nattz/.local/share/nvim/mason/packages/lua-language-server/libexec/meta/Lua%205.4%20en-us%20utf8/os.lua , size = 5.611 KB
[10:15:17.286][info] [#0:script/workspace/loading.lua:112]: ++++As library of:	file:///home/nattz/.local/share/nvim/mason/packages/lua-language-server/libexec/meta/Lua%205.4%20en-us%20utf8/os.lua
[10:15:17.286][info] [#0:script/workspace/loading.lua:100]: Preload file at: file:///home/nattz/.local/share/nvim/mason/packages/lua-language-server/libexec/meta/Lua%205.4%20en-us%20utf8/package.lua , size = 2.944 KB
[10:15:17.289][info] [#0:script/workspace/loading.lua:112]: ++++As library of:	file:///home/nattz/.local/share/nvim/mason/packages/lua-language-server/libexec/meta/Lua%205.4%20en-us%20utf8/package.lua
[10:15:17.289][info] [#0:script/workspace/loading.lua:100]: Preload file at: file:///home/nattz/.local/share/nvim/mason/packages/lua-language-server/libexec/meta/Lua%205.4%20en-us%20utf8/utf8.lua , size = 2.387 KB
[10:15:17.290][info] [#0:script/workspace/loading.lua:112]: ++++As library of:	file:///home/nattz/.local/share/nvim/mason/packages/lua-language-server/libexec/meta/Lua%205.4%20en-us%20utf8/utf8.lua
[10:15:17.291][info] [#0:script/workspace/loading.lua:100]: Preload file at: file:///home/nattz/.local/share/nvim/mason/packages/lua-language-server/libexec/meta/Lua%205.4%20en-us%20utf8/string.lua , size = 6.389 KB
[10:15:17.294][info] [#0:script/workspace/loading.lua:112]: ++++As library of:	file:///home/nattz/.local/share/nvim/mason/packages/lua-language-server/libexec/meta/Lua%205.4%20en-us%20utf8/string.lua
[10:15:17.294][info] [#0:script/workspace/loading.lua:100]: Preload file at: file:///home/nattz/.local/share/nvim/mason/packages/lua-language-server/libexec/meta/Lua%205.4%20en-us%20utf8/io.lua , size = 6.364 KB
[10:15:17.298][info] [#0:script/workspace/loading.lua:112]: ++++As library of:	file:///home/nattz/.local/share/nvim/mason/packages/lua-language-server/libexec/meta/Lua%205.4%20en-us%20utf8/io.lua
[10:15:17.298][info] [#0:script/workspace/loading.lua:100]: Preload file at: file:///home/nattz/.local/share/nvim/mason/packages/lua-language-server/libexec/meta/Lua%205.4%20en-us%20utf8/table.lua , size = 5.020 KB
[10:15:17.301][info] [#0:script/workspace/loading.lua:112]: ++++As library of:	file:///home/nattz/.local/share/nvim/mason/packages/lua-language-server/libexec/meta/Lua%205.4%20en-us%20utf8/table.lua
[10:15:17.301][info] [#0:script/workspace/loading.lua:100]: Preload file at: file:///home/nattz/.local/share/nvim/mason/packages/lua-language-server/libexec/meta/Lua%205.4%20en-us%20utf8/coroutine.lua , size = 2.590 KB
[10:15:17.302][info] [#0:script/workspace/loading.lua:112]: ++++As library of:	file:///home/nattz/.local/share/nvim/mason/packages/lua-language-server/libexec/meta/Lua%205.4%20en-us%20utf8/coroutine.lua
[10:15:17.302][info] [#0:script/workspace/loading.lua:100]: Preload file at: file:///home/nattz/.local/share/nvim/mason/packages/lua-language-server/libexec/meta/Lua%205.4%20en-us%20utf8/builtin.lua , size = 0.302 KB
[10:15:17.303][info] [#0:script/workspace/loading.lua:112]: ++++As library of:	file:///home/nattz/.local/share/nvim/mason/packages/lua-language-server/libexec/meta/Lua%205.4%20en-us%20utf8/builtin.lua
[10:15:17.303][info] [#0:script/workspace/loading.lua:100]: Preload file at: file:///home/nattz/.local/share/nvim/mason/packages/lua-language-server/libexec/meta/Lua%205.4%20en-us%20utf8/debug.lua , size = 7.637 KB
[10:15:17.307][info] [#0:script/workspace/loading.lua:112]: ++++As library of:	file:///home/nattz/.local/share/nvim/mason/packages/lua-language-server/libexec/meta/Lua%205.4%20en-us%20utf8/debug.lua
[10:15:17.307][info] [#0:script/workspace/loading.lua:100]: Preload file at: file:///home/nattz/.local/share/nvim/mason/packages/lua-language-server/libexec/meta/Lua%205.4%20en-us%20utf8/math.lua , size = 8.595 KB
[10:15:17.312][info] [#0:script/workspace/loading.lua:112]: ++++As library of:	file:///home/nattz/.local/share/nvim/mason/packages/lua-language-server/libexec/meta/Lua%205.4%20en-us%20utf8/math.lua
[10:15:17.312][info] [#0:script/workspace/loading.lua:100]: Preload file at: file:///home/nattz/.local/share/nvim/mason/packages/lua-language-server/libexec/meta/Lua%205.4%20en-us%20utf8/basic.lua , size = 17.330 KB
[10:15:17.320][info] [#0:script/workspace/loading.lua:112]: ++++As library of:	file:///home/nattz/.local/share/nvim/mason/packages/lua-language-server/libexec/meta/Lua%205.4%20en-us%20utf8/basic.lua
[10:15:17.320][info] [#0:script/workspace/loading.lua:100]: Preload file at: file:///home/nattz/.config/nvim/init.lua , size = 0.070 KB
[10:15:17.320][info] [#0:script/workspace/loading.lua:100]: Preload file at: file:///home/nattz/.config/nvim/pack/nvim/start/nvim-lspconfig/test/lspconfig_spec.lua , size = 4.557 KB
[10:15:17.322][info] [#0:script/workspace/loading.lua:100]: Preload file at: file:///home/nattz/.config/nvim/pack/nvim/start/nvim-lspconfig/lsp/hie.lua , size = 0.737 KB
[10:15:17.322][info] [#0:script/workspace/loading.lua:100]: Preload file at: file:///home/nattz/.config/nvim/pack/nvim/start/nvim-lspconfig/lsp/bacon_ls.lua , size = 1.990 KB
[10:15:17.323][info] [#0:script/workspace/loading.lua:100]: Preload file at: file:///home/nattz/.config/nvim/pack/nvim/start/nvim-lspconfig/lsp/tabby_ml.lua , size = 0.396 KB
[10:15:17.323][info] [#0:script/workspace/loading.lua:100]: Preload file at: file:///home/nattz/.config/nvim/pack/nvim/start/nvim-lspconfig/lsp/somesass_ls.lua , size = 0.888 KB
[10:15:17.324][info] [#0:script/workspace/loading.lua:100]: Preload file at: file:///home/nattz/.config/nvim/pack/nvim/start/nvim-lspconfig/lsp/sorbet.lua , size = 0.432 KB
[10:15:17.324][info] [#0:script/workspace/loading.lua:100]: Preload file at: file:///home/nattz/.config/nvim/pack/nvim/start/nvim-lspconfig/lsp/purescriptls.lua , size = 0.522 KB
[10:15:17.324][info] [#0:script/workspace/loading.lua:100]: Preload file at: file:///home/nattz/.config/nvim/pack/nvim/start/nvim-lspconfig/lsp/volar.lua , size = 0.318 KB
[10:15:17.325][info] [#0:script/workspace/loading.lua:100]: Preload file at: file:///home/nattz/.config/nvim/pack/nvim/start/nvim-lspconfig/lsp/buddy_ls.lua , size = 0.428 KB
[10:15:17.325][info] [#0:script/workspace/loading.lua:100]: Preload file at: file:///home/nattz/.config/nvim/pack/nvim/start/nvim-lspconfig/lsp/solidity_ls_nomicfoundation.lua , size = 0.717 KB
[10:15:17.325][info] [#0:script/workspace/loading.lua:100]: Preload file at: file:///home/nattz/.config/nvim/pack/nvim/start/nvim-lspconfig/lsp/custom_elements_ls.lua , size = 0.975 KB
[10:15:17.326][info] [#0:script/workspace/loading.lua:100]: Preload file at: file:///home/nattz/.config/nvim/pack/nvim/start/nvim-lspconfig/lsp/kotlin_language_server.lua , size = 1.470 KB
[10:15:17.326][info] [#0:script/workspace/loading.lua:100]: Preload file at: file:///home/nattz/.config/nvim/pack/nvim/start/nvim-lspconfig/lsp/nil_ls.lua , size = 0.474 KB
[10:15:17.327][info] [#0:script/workspace/loading.lua:100]: Preload file at: file:///home/nattz/.config/nvim/pack/nvim/start/nvim-lspconfig/lsp/lsp_ai.lua , size = 0.796 KB
[10:15:17.327][info] [#0:script/workspace/loading.lua:100]: Preload file at: file:///home/nattz/.config/nvim/pack/nvim/start/nvim-lspconfig/lsp/ccls.lua , size = 1.881 KB
[10:15:17.328][info] [#0:script/workspace/loading.lua:100]: Preload file at: file:///home/nattz/.config/nvim/pack/nvim/start/nvim-lspconfig/lsp/dockerls.lua , size = 0.649 KB
[10:15:17.328][info] [#0:script/workspace/loading.lua:100]: Preload file at: file:///home/nattz/.config/nvim/pack/nvim/start/nvim-lspconfig/lsp/guile_ls.lua , size = 0.690 KB
[10:15:17.329][info] [#0:script/workspace/loading.lua:100]: Preload file at: file:///home/nattz/.config/nvim/pack/nvim/start/nvim-lspconfig/lsp/hydra_lsp.lua , size = 0.218 KB
[10:15:17.329][info] [#0:script/workspace/loading.lua:100]: Preload file at: file:///home/nattz/.config/nvim/pack/nvim/start/nvim-lspconfig/lsp/vectorcode_server.lua , size = 0.286 KB
[10:15:17.329][info] [#0:script/workspace/loading.lua:100]: Preload file at: file:///home/nattz/.config/nvim/pack/nvim/start/nvim-lspconfig/lsp/just.lua , size = 0.245 KB
[10:15:17.330][info] [#0:script/workspace/loading.lua:100]: Preload file at: file:///home/nattz/.config/nvim/pack/nvim/start/nvim-lspconfig/lsp/mlir_pdll_lsp_server.lua , size = 0.426 KB
[10:15:17.330][info] [#0:script/workspace/loading.lua:100]: Preload file at: file:///home/nattz/.config/nvim/pack/nvim/start/nvim-lspconfig/lsp/kulala_ls.lua , size = 0.232 KB
[10:15:17.330][info] [#0:script/workspace/loading.lua:100]: Preload file at: file:///home/nattz/.config/nvim/pack/nvim/start/nvim-lspconfig/lsp/koka.lua , size = 0.282 KB
[10:15:17.331][info] [#0:script/workspace/loading.lua:100]: Preload file at: file:///home/nattz/.config/nvim/pack/nvim/start/nvim-lspconfig/lsp/gdshader_lsp.lua , size = 0.271 KB
[10:15:17.331][info] [#0:script/workspace/loading.lua:100]: Preload file at: file:///home/nattz/.config/nvim/pack/nvim/start/nvim-lspconfig/lsp/digestif.lua , size = 0.436 KB
[10:15:17.331][info] [#0:script/workspace/loading.lua:100]: Preload file at: file:///home/nattz/.config/nvim/pack/nvim/start/nvim-lspconfig/lsp/daedalus_ls.lua , size = 0.508 KB
[10:15:17.332][info] [#0:script/workspace/loading.lua:100]: Preload file at: file:///home/nattz/.config/nvim/pack/nvim/start/nvim-lspconfig/lsp/unocss.lua , size = 0.851 KB
[10:15:17.332][info] [#0:script/workspace/loading.lua:100]: Preload file at: file:///home/nattz/.config/nvim/pack/nvim/start/nvim-lspconfig/lsp/zls.lua , size = 0.264 KB
[10:15:17.332][info] [#0:script/workspace/loading.lua:100]: Preload file at: file:///home/nattz/.config/nvim/pack/nvim/start/nvim-lspconfig/lsp/nushell.lua , size = 0.313 KB
[10:15:17.333][info] [#0:script/workspace/loading.lua:100]: Preload file at: file:///home/nattz/.config/nvim/pack/nvim/start/nvim-lspconfig/lsp/buf_ls.lua , size = 0.483 KB
[10:15:17.333][info] [#0:script/workspace/loading.lua:100]: Preload file at: file:///home/nattz/.config/nvim/pack/nvim/start/nvim-lspconfig/lsp/typos_lsp.lua , size = 0.484 KB
[10:15:17.333][info] [#0:script/workspace/loading.lua:100]: Preload file at: file:///home/nattz/.config/nvim/pack/nvim/start/nvim-lspconfig/lsp/gitlab_duo.lua , size = 12.444 KB
[10:15:17.339][info] [#0:script/workspace/loading.lua:100]: Preload file at: file:///home/nattz/.config/nvim/pack/nvim/start/nvim-lspconfig/lsp/hoon_ls.lua , size = 0.438 KB
[10:15:17.339][info] [#0:script/workspace/loading.lua:100]: Preload file at: file:///home/nattz/.config/nvim/pack/nvim/start/nvim-lspconfig/lsp/ntt.lua , size = 0.443 KB
[10:15:17.340][info] [#0:script/workspace/loading.lua:100]: Preload file at: file:///home/nattz/.config/nvim/pack/nvim/start/nvim-lspconfig/lsp/groovyls.lua , size = 0.719 KB
[10:15:17.340][info] [#0:script/workspace/loading.lua:100]: Preload file at: file:///home/nattz/.config/nvim/pack/nvim/start/nvim-lspconfig/lsp/gopls.lua , size = 2.478 KB
[10:15:17.342][info] [#0:script/workspace/loading.lua:100]: Preload file at: file:///home/nattz/.config/nvim/pack/nvim/start/nvim-lspconfig/lsp/clojure_lsp.lua , size = 0.284 KB
[10:15:17.342][info] [#0:script/workspace/loading.lua:100]: Preload file at: file:///home/nattz/.config/nvim/pack/nvim/start/nvim-lspconfig/lsp/anakin_language_server.lua , size = 1.885 KB
[10:15:17.343][info] [#0:script/workspace/loading.lua:100]: Preload file at: file:///home/nattz/.config/nvim/pack/nvim/start/nvim-lspconfig/lsp/janet_lsp.lua , size = 0.267 KB
[10:15:17.343][info] [#0:script/workspace/loading.lua:100]: Preload file at: file:///home/nattz/.config/nvim/pack/nvim/start/nvim-lspconfig/lsp/remark_ls.lua , size = 1.085 KB
[10:15:17.344][info] [#0:script/workspace/loading.lua:100]: Preload file at: file:///home/nattz/.config/nvim/pack/nvim/start/nvim-lspconfig/lsp/pyrefly.lua , size = 0.597 KB
[10:15:17.345][info] [#0:script/workspace/loading.lua:100]: Preload file at: file:///home/nattz/.config/nvim/pack/nvim/start/nvim-lspconfig/lsp/cobol_ls.lua , size = 0.167 KB
[10:15:17.345][info] [#0:script/workspace/loading.lua:100]: Preload file at: file:///home/nattz/.config/nvim/pack/nvim/start/nvim-lspconfig/lsp/stylua3p_ls.lua , size = 0.276 KB
[10:15:17.345][info] [#0:script/workspace/loading.lua:100]: Preload file at: file:///home/nattz/.config/nvim/pack/nvim/start/nvim-lspconfig/lsp/nickel_ls.lua , size = 0.661 KB
[10:15:17.346][info] [#0:script/workspace/loading.lua:100]: Preload file at: file:///home/nattz/.config/nvim/pack/nvim/start/nvim-lspconfig/lsp/golangci_lint_ls.lua , size = 1.697 KB
[10:15:17.347][info] [#0:script/workspace/loading.lua:100]: Preload file at: file:///home/nattz/.config/nvim/pack/nvim/start/nvim-lspconfig/lsp/psalm.lua , size = 0.295 KB
[10:15:17.347][info] [#0:script/workspace/loading.lua:100]: Preload file at: file:///home/nattz/.config/nvim/pack/nvim/start/nvim-lspconfig/lsp/dagger.lua , size = 0.210 KB
[10:15:17.348][info] [#0:script/workspace/loading.lua:100]: Preload file at: file:///home/nattz/.config/nvim/pack/nvim/start/nvim-lspconfig/lsp/muon.lua , size = 0.615 KB
[10:15:17.348][info] [#0:script/workspace/loading.lua:100]: Preload file at: file:///home/nattz/.config/nvim/pack/nvim/start/nvim-lspconfig/lsp/m68k.lua , size = 0.484 KB
[10:15:17.349][info] [#0:script/workspace/loading.lua:100]: Preload file at: file:///home/nattz/.config/nvim/pack/nvim/start/nvim-lspconfig/lsp/csharp_ls.lua , size = 1.023 KB
[10:15:17.350][info] [#0:script/workspace/loading.lua:100]: Preload file at: file:///home/nattz/.config/nvim/pack/nvim/start/nvim-lspconfig/lsp/svelte.lua , size = 2.216 KB
[10:15:17.353][info] [#0:script/workspace/loading.lua:100]: Preload file at: file:///home/nattz/.config/nvim/pack/nvim/start/nvim-lspconfig/lsp/oso.lua , size = 0.767 KB
[10:15:17.353][info] [#0:script/workspace/loading.lua:100]: Preload file at: file:///home/nattz/.config/nvim/pack/nvim/start/nvim-lspconfig/lsp/fennel_ls.lua , size = 0.853 KB
[10:15:17.354][info] [#0:script/workspace/loading.lua:100]: Preload file at: file:///home/nattz/.config/nvim/pack/nvim/start/nvim-lspconfig/lsp/hls.lua , size = 0.792 KB
[10:15:17.354][info] [#0:script/workspace/loading.lua:100]: Preload file at: file:///home/nattz/.config/nvim/pack/nvim/start/nvim-lspconfig/lsp/docker_compose_language_service.lua , size = 0.699 KB
[10:15:17.355][info] [#0:script/workspace/loading.lua:100]: Preload file at: file:///home/nattz/.config/nvim/pack/nvim/start/nvim-lspconfig/lsp/lemminx.lua , size = 0.629 KB
[10:15:17.355][info] [#0:script/workspace/loading.lua:100]: Preload file at: file:///home/nattz/.config/nvim/pack/nvim/start/nvim-lspconfig/lsp/termux_language_server.lua , size = 0.753 KB
[10:15:17.356][info] [#0:script/workspace/loading.lua:100]: Preload file at: file:///home/nattz/.config/nvim/pack/nvim/start/nvim-lspconfig/lsp/ungrammar_languageserver.lua , size = 0.509 KB
[10:15:17.356][info] [#0:script/workspace/loading.lua:100]: Preload file at: file:///home/nattz/.config/nvim/pack/nvim/start/nvim-lspconfig/lsp/swift_mesonls.lua , size = 0.286 KB
[10:15:17.356][info] [#0:script/workspace/loading.lua:100]: Preload file at: file:///home/nattz/.config/nvim/pack/nvim/start/nvim-lspconfig/lsp/basics_ls.lua , size = 0.442 KB
[10:15:17.357][info] [#0:script/workspace/loading.lua:100]: Preload file at: file:///home/nattz/.config/nvim/pack/nvim/start/nvim-lspconfig/lsp/nextflow_ls.lua , size = 0.948 KB
[10:15:17.357][info] [#0:script/workspace/loading.lua:100]: Preload file at: file:///home/nattz/.config/nvim/pack/nvim/start/nvim-lspconfig/lsp/prolog_ls.lua , size = 0.355 KB
[10:15:17.357][info] [#0:script/workspace/loading.lua:100]: Preload file at: file:///home/nattz/.config/nvim/pack/nvim/start/nvim-lspconfig/lsp/rust_analyzer.lua , size = 4.970 KB
[10:15:17.360][info] [#0:script/workspace/loading.lua:100]: Preload file at: file:///home/nattz/.config/nvim/pack/nvim/start/nvim-lspconfig/lsp/bqls.lua , size = 0.312 KB
[10:15:17.360][info] [#0:script/workspace/loading.lua:100]: Preload file at: file:///home/nattz/.config/nvim/pack/nvim/start/nvim-lspconfig/lsp/vls.lua , size = 0.321 KB
[10:15:17.361][info] [#0:script/workspace/loading.lua:100]: Preload file at: file:///home/nattz/.config/nvim/pack/nvim/start/nvim-lspconfig/lsp/vale_ls.lua , size = 0.315 KB
[10:15:17.361][info] [#0:script/workspace/loading.lua:100]: Preload file at: file:///home/nattz/.config/nvim/pack/nvim/start/nvim-lspconfig/lsp/tombi.lua , size = 0.254 KB
[10:15:17.361][info] [#0:script/workspace/loading.lua:100]: Preload file at: file:///home/nattz/.config/nvim/pack/nvim/start/nvim-lspconfig/lsp/herb_ls.lua , size = 0.742 KB
[10:15:17.361][info] [#0:script/workspace/loading.lua:100]: Preload file at: file:///home/nattz/.config/nvim/pack/nvim/start/nvim-lspconfig/lsp/brioche.lua , size = 0.218 KB
[10:15:17.362][info] [#0:script/workspace/loading.lua:100]: Preload file at: file:///home/nattz/.config/nvim/pack/nvim/start/nvim-lspconfig/lsp/rescriptls.lua , size = 1.626 KB
[10:15:17.362][info] [#0:script/workspace/loading.lua:100]: Preload file at: file:///home/nattz/.config/nvim/pack/nvim/start/nvim-lspconfig/lsp/vtsls.lua , size = 3.772 KB
[10:15:17.364][info] [#0:script/workspace/loading.lua:100]: Preload file at: file:///home/nattz/.config/nvim/pack/nvim/start/nvim-lspconfig/lsp/ansiblels.lua , size = 0.785 KB
[10:15:17.364][info] [#0:script/workspace/loading.lua:100]: Preload file at: file:///home/nattz/.config/nvim/pack/nvim/start/nvim-lspconfig/lsp/raku_navigator.lua , size = 1.200 KB
[10:15:17.365][info] [#0:script/workspace/loading.lua:100]: Preload file at: file:///home/nattz/.config/nvim/pack/nvim/start/nvim-lspconfig/lsp/hylo_ls.lua , size = 0.277 KB
[10:15:17.365][info] [#0:script/workspace/loading.lua:100]: Preload file at: file:///home/nattz/.config/nvim/pack/nvim/start/nvim-lspconfig/lsp/scry.lua , size = 0.216 KB
[10:15:17.365][info] [#0:script/workspace/loading.lua:100]: Preload file at: file:///home/nattz/.config/nvim/pack/nvim/start/nvim-lspconfig/lsp/millet.lua , size = 0.442 KB
[10:15:17.365][info] [#0:script/workspace/loading.lua:100]: Preload file at: file:///home/nattz/.config/nvim/pack/nvim/start/nvim-lspconfig/lsp/ltex.lua , size = 1.702 KB
[10:15:17.367][info] [#0:script/workspace/loading.lua:100]: Preload file at: file:///home/nattz/.config/nvim/pack/nvim/start/nvim-lspconfig/lsp/vespa_ls.lua , size = 1.094 KB
[10:15:17.367][info] [#0:script/workspace/loading.lua:100]: Preload file at: file:///home/nattz/.config/nvim/pack/nvim/start/nvim-lspconfig/lsp/yls.lua , size = 0.391 KB
[10:15:17.367][info] [#0:script/workspace/loading.lua:100]: Preload file at: file:///home/nattz/.config/nvim/pack/nvim/start/nvim-lspconfig/lsp/ghdl_ls.lua , size = 0.397 KB
[10:15:17.367][info] [#0:script/workspace/loading.lua:100]: Preload file at: file:///home/nattz/.config/nvim/pack/nvim/start/nvim-lspconfig/lsp/dcmls.lua , size = 0.225 KB
[10:15:17.368][info] [#0:script/workspace/loading.lua:100]: Preload file at: file:///home/nattz/.config/nvim/pack/nvim/start/nvim-lspconfig/lsp/ruff.lua , size = 1.057 KB
[10:15:17.368][info] [#0:script/workspace/loading.lua:100]: Preload file at: file:///home/nattz/.config/nvim/pack/nvim/start/nvim-lspconfig/lsp/awk_ls.lua , size = 0.273 KB
[10:15:17.368][info] [#0:script/workspace/loading.lua:100]: Preload file at: file:///home/nattz/.config/nvim/pack/nvim/start/nvim-lspconfig/lsp/ast_grep.lua , size = 0.991 KB
[10:15:17.369][info] [#0:script/workspace/loading.lua:100]: Preload file at: file:///home/nattz/.config/nvim/pack/nvim/start/nvim-lspconfig/lsp/metals.lua , size = 1.021 KB
[10:15:17.370][info] [#0:script/workspace/loading.lua:100]: Preload file at: file:///home/nattz/.config/nvim/pack/nvim/start/nvim-lspconfig/lsp/selene3p_ls.lua , size = 0.258 KB
[10:15:17.370][info] [#0:script/workspace/loading.lua:100]: Preload file at: file:///home/nattz/.config/nvim/pack/nvim/start/nvim-lspconfig/lsp/veryl_ls.lua , size = 0.294 KB
[10:15:17.370][info] [#0:script/workspace/loading.lua:100]: Preload file at: file:///home/nattz/.config/nvim/pack/nvim/start/nvim-lspconfig/lsp/mlir_lsp_server.lua , size = 0.384 KB
[10:15:17.370][info] [#0:script/workspace/loading.lua:100]: Preload file at: file:///home/nattz/.config/nvim/pack/nvim/start/nvim-lspconfig/lsp/vsrocq.lua , size = 0.197 KB
[10:15:17.371][info] [#0:script/workspace/workspace.lua:332]: Preload start:	<fallback>
[10:15:17.372][info] [#0:script/workspace/workspace.lua:361]: Scan library at:	file:///home/nattz/.local/share/nvim/mason/packages/lua-language-server/libexec/meta/Lua%205.4%20en-us%20utf8/basic.lua
[10:15:17.372][info] [#0:script/workspace/loading.lua:100]: Preload file at: file:///home/nattz/.config/nvim/pack/nvim/start/nvim-lspconfig/lsp/sixtyfps.lua , size = 0.598 KB
[10:15:17.372][info] [#0:script/workspace/workspace.lua:361]: Scan library at:	file:///home/nattz/.local/share/nvim/mason/packages/lua-language-server/libexec/meta/Lua%205.4%20en-us%20utf8/math.lua
[10:15:17.373][info] [#0:script/workspace/loading.lua:100]: Preload file at: file:///home/nattz/.config/nvim/pack/nvim/start/nvim-lspconfig/lsp/snyk_ls.lua , size = 2.864 KB
[10:15:17.373][info] [#0:script/workspace/workspace.lua:361]: Scan library at:	file:///home/nattz/.local/share/nvim/mason/packages/lua-language-server/libexec/meta/Lua%205.4%20en-us%20utf8/debug.lua
[10:15:17.373][info] [#0:script/workspace/loading.lua:100]: Preload file at: file:///home/nattz/.config/nvim/pack/nvim/start/nvim-lspconfig/lsp/blueprint_ls.lua , size = 0.671 KB
[10:15:17.374][info] [#0:script/workspace/workspace.lua:361]: Scan library at:	file:///home/nattz/.local/share/nvim/mason/packages/lua-language-server/libexec/meta/Lua%205.4%20en-us%20utf8/builtin.lua
[10:15:17.374][info] [#0:script/workspace/loading.lua:100]: Preload file at: file:///home/nattz/.config/nvim/pack/nvim/start/nvim-lspconfig/lsp/erg_language_server.lua , size = 0.445 KB
[10:15:17.374][info] [#0:script/workspace/workspace.lua:361]: Scan library at:	file:///home/nattz/.local/share/nvim/mason/packages/lua-language-server/libexec/meta/Lua%205.4%20en-us%20utf8/coroutine.lua
[10:15:17.374][info] [#0:script/workspace/loading.lua:100]: Preload file at: file:///home/nattz/.config/nvim/pack/nvim/start/nvim-lspconfig/lsp/pasls.lua , size = 1.113 KB
[10:15:17.375][info] [#0:script/workspace/workspace.lua:361]: Scan library at:	file:///home/nattz/.local/share/nvim/mason/packages/lua-language-server/libexec/meta/Lua%205.4%20en-us%20utf8/table.lua
[10:15:17.375][info] [#0:script/workspace/loading.lua:100]: Preload file at: file:///home/nattz/.config/nvim/pack/nvim/start/nvim-lspconfig/lsp/intelephense.lua , size = 1.131 KB
[10:15:17.376][info] [#0:script/workspace/workspace.lua:361]: Scan library at:	file:///home/nattz/.local/share/nvim/mason/packages/lua-language-server/libexec/meta/Lua%205.4%20en-us%20utf8/io.lua
[10:15:17.376][info] [#0:script/workspace/loading.lua:100]: Preload file at: file:///home/nattz/.config/nvim/pack/nvim/start/nvim-lspconfig/lsp/phptools.lua , size = 0.870 KB
[10:15:17.376][info] [#0:script/workspace/workspace.lua:361]: Scan library at:	file:///home/nattz/.local/share/nvim/mason/packages/lua-language-server/libexec/meta/Lua%205.4%20en-us%20utf8/string.lua
[10:15:17.376][info] [#0:script/workspace/loading.lua:100]: Preload file at: file:///home/nattz/.config/nvim/pack/nvim/start/nvim-lspconfig/lsp/bicep.lua , size = 1.603 KB
[10:15:17.377][info] [#0:script/workspace/workspace.lua:361]: Scan library at:	file:///home/nattz/.local/share/nvim/mason/packages/lua-language-server/libexec/meta/Lua%205.4%20en-us%20utf8/utf8.lua
[10:15:17.377][info] [#0:script/workspace/loading.lua:100]: Preload file at: file:///home/nattz/.config/nvim/pack/nvim/start/nvim-lspconfig/lsp/stylelint_lsp.lua , size = 1.031 KB
[10:15:17.377][info] [#0:script/workspace/workspace.lua:361]: Scan library at:	file:///home/nattz/.local/share/nvim/mason/packages/lua-language-server/libexec/meta/Lua%205.4%20en-us%20utf8/package.lua
[10:15:17.377][info] [#0:script/workspace/loading.lua:100]: Preload file at: file:///home/nattz/.config/nvim/pack/nvim/start/nvim-lspconfig/lsp/svlangserver.lua , size = 1.159 KB
[10:15:17.378][info] [#0:script/workspace/workspace.lua:361]: Scan library at:	file:///home/nattz/.local/share/nvim/mason/packages/lua-language-server/libexec/meta/Lua%205.4%20en-us%20utf8/os.lua
[10:15:17.378][info] [#0:script/workspace/loading.lua:100]: Preload file at: file:///home/nattz/.config/nvim/pack/nvim/start/nvim-lspconfig/lsp/taplo.lua , size = 0.394 KB
[10:15:17.379][info] [#0:script/workspace/loading.lua:100]: Preload file at: file:///home/nattz/.config/nvim/pack/nvim/start/nvim-lspconfig/lsp/slangd.lua , size = 1.018 KB
[10:15:17.379][info] [#0:script/workspace/loading.lua:100]: Preload file at: file:///home/nattz/.config/nvim/pack/nvim/start/nvim-lspconfig/lsp/systemd_lsp.lua , size = 0.501 KB
[10:15:17.379][info] [#0:script/workspace/loading.lua:100]: Preload file at: file:///home/nattz/.config/nvim/pack/nvim/start/nvim-lspconfig/lsp/jdtls.lua , size = 3.346 KB
[10:15:17.381][info] [#0:script/workspace/loading.lua:100]: Preload file at: file:///home/nattz/.config/nvim/pack/nvim/start/nvim-lspconfig/lsp/gleam.lua , size = 0.367 KB
[10:15:17.381][info] [#0:script/workspace/loading.lua:100]: Preload file at: file:///home/nattz/.config/nvim/pack/nvim/start/nvim-lspconfig/lsp/perlpls.lua , size = 0.464 KB
[10:15:17.381][info] [#0:script/workspace/loading.lua:100]: Preload file at: file:///home/nattz/.config/nvim/pack/nvim/start/nvim-lspconfig/lsp/ttags.lua , size = 0.199 KB
[10:15:17.382][info] [#0:script/workspace/loading.lua:100]: Preload file at: file:///home/nattz/.config/nvim/pack/nvim/start/nvim-lspconfig/lsp/wc_language_server.lua , size = 2.525 KB
[10:15:17.383][info] [#0:script/workspace/loading.lua:100]: Preload file at: file:///home/nattz/.config/nvim/pack/nvim/start/nvim-lspconfig/lsp/ghcide.lua , size = 0.392 KB
[10:15:17.383][info] [#0:script/workspace/loading.lua:100]: Preload file at: file:///home/nattz/.config/nvim/pack/nvim/start/nvim-lspconfig/lsp/tilt_ls.lua , size = 0.329 KB
[10:15:17.383][info] [#0:script/workspace/loading.lua:100]: Preload file at: file:///home/nattz/.config/nvim/pack/nvim/start/nvim-lspconfig/lsp/harper_ls.lua , size = 0.953 KB
[10:15:17.384][info] [#0:script/workspace/loading.lua:100]: Preload file at: file:///home/nattz/.config/nvim/pack/nvim/start/nvim-lspconfig/lsp/gnls.lua , size = 0.433 KB
[10:15:17.384][info] [#0:script/workspace/loading.lua:100]: Preload file at: file:///home/nattz/.config/nvim/pack/nvim/start/nvim-lspconfig/lsp/roc_ls.lua , size = 0.386 KB
[10:15:17.384][info] [#0:script/workspace/loading.lua:100]: Preload file at: file:///home/nattz/.config/nvim/pack/nvim/start/nvim-lspconfig/lsp/nxls.lua , size = 0.338 KB
[10:15:17.385][info] [#0:script/workspace/loading.lua:100]: Preload file at: file:///home/nattz/.config/nvim/pack/nvim/start/nvim-lspconfig/lsp/copilot.lua , size = 4.100 KB
[10:15:17.386][info] [#0:script/workspace/loading.lua:100]: Preload file at: file:///home/nattz/.config/nvim/pack/nvim/start/nvim-lspconfig/lsp/roslyn_ls.lua , size = 8.346 KB
[10:15:17.390][info] [#0:script/workspace/loading.lua:100]: Preload file at: file:///home/nattz/.config/nvim/pack/nvim/start/nvim-lspconfig/lsp/facility_language_server.lua , size = 0.253 KB
[10:15:17.390][info] [#0:script/workspace/loading.lua:100]: Preload file at: file:///home/nattz/.config/nvim/pack/nvim/start/nvim-lspconfig/lsp/rome.lua , size = 0.484 KB
[10:15:17.391][info] [#0:script/workspace/loading.lua:100]: Preload file at: file:///home/nattz/.config/nvim/pack/nvim/start/nvim-lspconfig/lsp/coffeesense.lua , size = 0.366 KB
[10:15:17.391][info] [#0:script/workspace/loading.lua:100]: Preload file at: file:///home/nattz/.config/nvim/pack/nvim/start/nvim-lspconfig/lsp/puppet.lua , size = 0.632 KB
[10:15:17.391][info] [#0:script/workspace/loading.lua:100]: Preload file at: file:///home/nattz/.config/nvim/pack/nvim/start/nvim-lspconfig/lsp/jsonls.lua , size = 1.041 KB
[10:15:17.391][info] [#0:script/workspace/loading.lua:100]: Preload file at: file:///home/nattz/.config/nvim/pack/nvim/start/nvim-lspconfig/lsp/air.lua , size = 0.362 KB
[10:15:17.392][info] [#0:script/workspace/loading.lua:100]: Preload file at: file:///home/nattz/.config/nvim/pack/nvim/start/nvim-lspconfig/lsp/elmls.lua , size = 1.076 KB
[10:15:17.393][info] [#0:script/workspace/loading.lua:100]: Preload file at: file:///home/nattz/.config/nvim/pack/nvim/start/nvim-lspconfig/lsp/yamlls.lua , size = 2.948 KB
[10:15:17.394][info] [#0:script/workspace/loading.lua:100]: Preload file at: file:///home/nattz/.config/nvim/pack/nvim/start/nvim-lspconfig/lsp/bzl.lua , size = 0.369 KB
[10:15:17.394][info] [#0:script/workspace/loading.lua:100]: Preload file at: file:///home/nattz/.config/nvim/pack/nvim/start/nvim-lspconfig/lsp/openscad_ls.lua , size = 0.693 KB
[10:15:17.394][info] [#0:script/workspace/loading.lua:100]: Preload file at: file:///home/nattz/.config/nvim/pack/nvim/start/nvim-lspconfig/lsp/flux_lsp.lua , size = 0.291 KB
[10:15:17.395][info] [#0:script/workspace/loading.lua:100]: Preload file at: file:///home/nattz/.config/nvim/pack/nvim/start/nvim-lspconfig/lsp/tflint.lua , size = 0.385 KB
[10:15:17.395][info] [#0:script/workspace/loading.lua:100]: Preload file at: file:///home/nattz/.config/nvim/pack/nvim/start/nvim-lspconfig/lsp/thriftls.lua , size = 0.283 KB
[10:15:17.396][info] [#0:script/workspace/loading.lua:100]: Preload file at: file:///home/nattz/.config/nvim/pack/nvim/start/nvim-lspconfig/lsp/fish_lsp.lua , size = 0.514 KB
[10:15:17.396][info] [#0:script/workspace/loading.lua:100]: Preload file at: file:///home/nattz/.config/nvim/pack/nvim/start/nvim-lspconfig/lsp/nomad_lsp.lua , size = 1.077 KB
[10:15:17.397][info] [#0:script/workspace/loading.lua:100]: Preload file at: file:///home/nattz/.config/nvim/pack/nvim/start/nvim-lspconfig/lsp/bazelrc_lsp.lua , size = 0.534 KB
[10:15:17.397][info] [#0:script/workspace/loading.lua:100]: Preload file at: file:///home/nattz/.config/nvim/pack/nvim/start/nvim-lspconfig/lsp/perlls.lua , size = 0.654 KB
[10:15:17.398][info] [#0:script/workspace/loading.lua:100]: Preload file at: file:///home/nattz/.config/nvim/pack/nvim/start/nvim-lspconfig/lsp/djlsp.lua , size = 0.262 KB
[10:15:17.399][info] [#0:script/workspace/loading.lua:100]: Preload file at: file:///home/nattz/.config/nvim/pack/nvim/start/nvim-lspconfig/lsp/glsl_analyzer.lua , size = 0.276 KB
[10:15:17.400][info] [#0:script/workspace/loading.lua:100]: Preload file at: file:///home/nattz/.config/nvim/pack/nvim/start/nvim-lspconfig/lsp/contextive.lua , size = 0.702 KB
[10:15:17.400][info] [#0:script/workspace/loading.lua:100]: Preload file at: file:///home/nattz/.config/nvim/pack/nvim/start/nvim-lspconfig/lsp/veridian.lua , size = 0.599 KB
[10:15:17.401][info] [#0:script/workspace/loading.lua:100]: Preload file at: file:///home/nattz/.config/nvim/pack/nvim/start/nvim-lspconfig/lsp/phpactor.lua , size = 0.366 KB
[10:15:17.402][info] [#0:script/workspace/loading.lua:100]: Preload file at: file:///home/nattz/.config/nvim/pack/nvim/start/nvim-lspconfig/lsp/msbuild_project_tools_server.lua , size = 1.292 KB
[10:15:17.402][info] [#0:script/workspace/loading.lua:100]: Preload file at: file:///home/nattz/.config/nvim/pack/nvim/start/nvim-lspconfig/lsp/jedi_language_server.lua , size = 0.371 KB
[10:15:17.403][info] [#0:script/workspace/loading.lua:100]: Preload file at: file:///home/nattz/.config/nvim/pack/nvim/start/nvim-lspconfig/lsp/ltex_plus.lua , size = 1.750 KB
[10:15:17.404][info] [#0:script/workspace/loading.lua:100]: Preload file at: file:///home/nattz/.config/nvim/pack/nvim/start/nvim-lspconfig/lsp/poryscript_pls.lua , size = 0.292 KB
[10:15:17.404][info] [#0:script/workspace/loading.lua:100]: Preload file at: file:///home/nattz/.config/nvim/pack/nvim/start/nvim-lspconfig/lsp/gn_language_server.lua , size = 0.314 KB
[10:15:17.404][info] [#0:script/workspace/loading.lua:100]: Preload file at: file:///home/nattz/.config/nvim/pack/nvim/start/nvim-lspconfig/lsp/vacuum.lua , size = 0.662 KB
[10:15:17.405][info] [#0:script/workspace/loading.lua:100]: Preload file at: file:///home/nattz/.config/nvim/pack/nvim/start/nvim-lspconfig/lsp/solidity.lua , size = 1.359 KB
[10:15:17.405][info] [#0:script/workspace/loading.lua:100]: Preload file at: file:///home/nattz/.config/nvim/pack/nvim/start/nvim-lspconfig/lsp/ts_ls.lua , size = 5.905 KB
[10:15:17.408][info] [#0:script/workspace/loading.lua:100]: Preload file at: file:///home/nattz/.config/nvim/pack/nvim/start/nvim-lspconfig/lsp/dhall_lsp_server.lua , size = 0.443 KB
[10:15:17.408][info] [#0:script/workspace/loading.lua:100]: Preload file at: file:///home/nattz/.config/nvim/pack/nvim/start/nvim-lspconfig/lsp/rubocop.lua , size = 0.183 KB
[10:15:17.409][info] [#0:script/workspace/loading.lua:100]: Preload file at: file:///home/nattz/.config/nvim/pack/nvim/start/nvim-lspconfig/lsp/templ.lua , size = 0.250 KB
[10:15:17.409][info] [#0:script/workspace/loading.lua:100]: Preload file at: file:///home/nattz/.config/nvim/pack/nvim/start/nvim-lspconfig/lsp/snakeskin_ls.lua , size = 0.304 KB
[10:15:17.410][info] [#0:script/workspace/loading.lua:100]: Preload file at: file:///home/nattz/.config/nvim/pack/nvim/start/nvim-lspconfig/lsp/cue.lua , size = 0.276 KB
[10:15:17.410][info] [#0:script/workspace/loading.lua:100]: Preload file at: file:///home/nattz/.config/nvim/pack/nvim/start/nvim-lspconfig/lsp/ruby_lsp.lua , size = 0.649 KB
[10:15:17.410][info] [#0:script/workspace/loading.lua:100]: Preload file at: file:///home/nattz/.config/nvim/pack/nvim/start/nvim-lspconfig/lsp/cds_lsp.lua , size = 0.419 KB
[10:15:17.411][info] [#0:script/workspace/loading.lua:100]: Preload file at: file:///home/nattz/.config/nvim/pack/nvim/start/nvim-lspconfig/lsp/bright_script.lua , size = 0.314 KB
[10:15:17.411][info] [#0:script/workspace/loading.lua:100]: Preload file at: file:///home/nattz/.config/nvim/pack/nvim/start/nvim-lspconfig/lsp/mint.lua , size = 0.307 KB
[10:15:17.412][info] [#0:script/workspace/loading.lua:100]: Preload file at: file:///home/nattz/.config/nvim/pack/nvim/start/nvim-lspconfig/lsp/lwc_ls.lua , size = 0.773 KB
[10:15:17.413][info] [#0:script/workspace/loading.lua:100]: Preload file at: file:///home/nattz/.config/nvim/pack/nvim/start/nvim-lspconfig/lsp/omnisharp.lua , size = 3.555 KB
[10:15:17.414][info] [#0:script/workspace/loading.lua:100]: Preload file at: file:///home/nattz/.config/nvim/pack/nvim/start/nvim-lspconfig/lsp/v_analyzer.lua , size = 0.335 KB
[10:15:17.414][info] [#0:script/workspace/loading.lua:100]: Preload file at: file:///home/nattz/.config/nvim/pack/nvim/start/nvim-lspconfig/lsp/scheme_langserver.lua , size = 0.411 KB
[10:15:17.415][info] [#0:script/workspace/loading.lua:100]: Preload file at: file:///home/nattz/.config/nvim/pack/nvim/start/nvim-lspconfig/lsp/statix.lua , size = 0.258 KB
[10:15:17.415][info] [#0:script/workspace/loading.lua:100]: Preload file at: file:///home/nattz/.config/nvim/pack/nvim/start/nvim-lspconfig/lsp/regols.lua , size = 0.524 KB
[10:15:17.416][info] [#0:script/workspace/loading.lua:100]: Preload file at: file:///home/nattz/.config/nvim/pack/nvim/start/nvim-lspconfig/lsp/home_assistant.lua , size = 0.539 KB
[10:15:17.416][info] [#0:script/workspace/loading.lua:100]: Preload file at: file:///home/nattz/.config/nvim/pack/nvim/start/nvim-lspconfig/lsp/bitbake_language_server.lua , size = 0.352 KB
[10:15:17.417][info] [#0:script/workspace/loading.lua:100]: Preload file at: file:///home/nattz/.config/nvim/pack/nvim/start/nvim-lspconfig/lsp/djls.lua , size = 0.310 KB
[10:15:17.418][info] [#0:script/workspace/loading.lua:100]: Preload file at: file:///home/nattz/.config/nvim/pack/nvim/start/nvim-lspconfig/lsp/sqruff.lua , size = 0.320 KB
[10:15:17.419][info] [#0:script/workspace/loading.lua:100]: Preload file at: file:///home/nattz/.config/nvim/pack/nvim/start/nvim-lspconfig/lsp/svls.lua , size = 0.316 KB
[10:15:17.420][info] [#0:script/workspace/loading.lua:100]: Preload file at: file:///home/nattz/.config/nvim/pack/nvim/start/nvim-lspconfig/lsp/rnix.lua , size = 0.540 KB
[10:15:17.420][info] [#0:script/workspace/loading.lua:100]: Preload file at: file:///home/nattz/.config/nvim/pack/nvim/start/nvim-lspconfig/lsp/pug.lua , size = 0.423 KB
[10:15:17.420][info] [#0:script/workspace/loading.lua:100]: Preload file at: file:///home/nattz/.config/nvim/pack/nvim/start/nvim-lspconfig/lsp/verible.lua , size = 0.510 KB
[10:15:17.421][info] [#0:script/workspace/loading.lua:100]: Preload file at: file:///home/nattz/.config/nvim/pack/nvim/start/nvim-lspconfig/lsp/r_language_server.lua , size = 0.530 KB
[10:15:17.421][info] [#0:script/workspace/loading.lua:100]: Preload file at: file:///home/nattz/.config/nvim/pack/nvim/start/nvim-lspconfig/lsp/pylsp.lua , size = 1.115 KB
[10:15:17.421][info] [#0:script/workspace/loading.lua:100]: Preload file at: file:///home/nattz/.config/nvim/pack/nvim/start/nvim-lspconfig/lsp/move_analyzer.lua , size = 0.581 KB
[10:15:17.422][info] [#0:script/workspace/loading.lua:100]: Preload file at: file:///home/nattz/.config/nvim/pack/nvim/start/nvim-lspconfig/lsp/tblgen_lsp_server.lua , size = 0.800 KB
[10:15:17.422][info] [#0:script/workspace/loading.lua:100]: Preload file at: file:///home/nattz/.config/nvim/pack/nvim/start/nvim-lspconfig/lsp/opencl_ls.lua , size = 0.451 KB
[10:15:17.422][info] [#0:script/workspace/loading.lua:100]: Preload file at: file:///home/nattz/.config/nvim/pack/nvim/start/nvim-lspconfig/lsp/antlersls.lua , size = 0.320 KB
[10:15:17.423][info] [#0:script/workspace/loading.lua:100]: Preload file at: file:///home/nattz/.config/nvim/pack/nvim/start/nvim-lspconfig/lsp/smarty_ls.lua , size = 0.794 KB
[10:15:17.423][info] [#0:script/workspace/loading.lua:100]: Preload file at: file:///home/nattz/.config/nvim/pack/nvim/start/nvim-lspconfig/lsp/clangd.lua , size = 3.525 KB
[10:15:17.425][info] [#0:script/workspace/loading.lua:100]: Preload file at: file:///home/nattz/.config/nvim/pack/nvim/start/nvim-lspconfig/lsp/postgres_lsp.lua , size = 0.408 KB
[10:15:17.425][info] [#0:script/workspace/loading.lua:100]: Preload file at: file:///home/nattz/.config/nvim/pack/nvim/start/nvim-lspconfig/lsp/tailwindcss.lua , size = 3.266 KB
[10:15:17.426][info] [#0:script/workspace/loading.lua:100]: Preload file at: file:///home/nattz/.config/nvim/pack/nvim/start/nvim-lspconfig/lsp/vscoqtop.lua , size = 0.321 KB
[10:15:17.427][info] [#0:script/workspace/loading.lua:100]: Preload file at: file:///home/nattz/.config/nvim/pack/nvim/start/nvim-lspconfig/lsp/hhvm.lua , size = 0.362 KB
[10:15:17.427][info] [#0:script/workspace/loading.lua:100]: Preload file at: file:///home/nattz/.config/nvim/pack/nvim/start/nvim-lspconfig/lsp/julials.lua , size = 5.055 KB
[10:15:17.429][info] [#0:script/workspace/loading.lua:100]: Preload file at: file:///home/nattz/.config/nvim/pack/nvim/start/nvim-lspconfig/lsp/ziggy_schema.lua , size = 0.277 KB
[10:15:17.429][info] [#0:script/workspace/loading.lua:100]: Preload file at: file:///home/nattz/.config/nvim/pack/nvim/start/nvim-lspconfig/lsp/lexical.lua , size = 0.545 KB
[10:15:17.429][info] [#0:script/workspace/loading.lua:100]: Preload file at: file:///home/nattz/.config/nvim/pack/nvim/start/nvim-lspconfig/lsp/reason_ls.lua , size = 0.321 KB
[10:15:17.429][info] [#0:script/workspace/loading.lua:100]: Preload file at: file:///home/nattz/.config/nvim/pack/nvim/start/nvim-lspconfig/lsp/mesonlsp.lua , size = 0.937 KB
[10:15:17.430][info] [#0:script/workspace/loading.lua:100]: Preload file at: file:///home/nattz/.config/nvim/pack/nvim/start/nvim-lspconfig/lsp/rune_languageserver.lua , size = 0.316 KB
[10:15:17.430][info] [#0:script/workspace/loading.lua:100]: Preload file at: file:///home/nattz/.config/nvim/pack/nvim/start/nvim-lspconfig/lsp/cir_lsp_server.lua , size = 0.331 KB
[10:15:17.431][info] [#0:script/workspace/loading.lua:100]: Preload file at: file:///home/nattz/.config/nvim/pack/nvim/start/nvim-lspconfig/lsp/pylyzer.lua , size = 0.943 KB
[10:15:17.431][info] [#0:script/workspace/loading.lua:100]: Preload file at: file:///home/nattz/.config/nvim/pack/nvim/start/nvim-lspconfig/lsp/rumdl.lua , size = 0.225 KB
[10:15:17.431][info] [#0:script/workspace/loading.lua:100]: Preload file at: file:///home/nattz/.config/nvim/pack/nvim/start/nvim-lspconfig/lsp/slint_lsp.lua , size = 0.518 KB
[10:15:17.432][info] [#0:script/workspace/loading.lua:100]: Preload file at: file:///home/nattz/.config/nvim/pack/nvim/start/nvim-lspconfig/lsp/htmx.lua , size = 1.080 KB
[10:15:17.432][info] [#0:script/workspace/loading.lua:100]: Preload file at: file:///home/nattz/.config/nvim/pack/nvim/start/nvim-lspconfig/lsp/mutt_ls.lua , size = 0.354 KB
[10:15:17.432][info] [#0:script/workspace/loading.lua:100]: Preload file at: file:///home/nattz/.config/nvim/pack/nvim/start/nvim-lspconfig/lsp/bashls.lua , size = 0.857 KB
[10:15:17.433][info] [#0:script/workspace/loading.lua:100]: Preload file at: file:///home/nattz/.config/nvim/pack/nvim/start/nvim-lspconfig/lsp/nginx_language_server.lua , size = 0.322 KB
[10:15:17.433][info] [#0:script/workspace/loading.lua:100]: Preload file at: file:///home/nattz/.config/nvim/pack/nvim/start/nvim-lspconfig/lsp/twiggy_language_server.lua , size = 0.322 KB
[10:15:17.433][info] [#0:script/workspace/loading.lua:100]: Preload file at: file:///home/nattz/.config/nvim/pack/nvim/start/nvim-lspconfig/lsp/codebook.lua , size = 0.771 KB
[10:15:17.434][info] [#0:script/workspace/loading.lua:100]: Preload file at: file:///home/nattz/.config/nvim/pack/nvim/start/nvim-lspconfig/lsp/fortls.lua , size = 0.668 KB
[10:15:17.434][info] [#0:script/workspace/loading.lua:100]: Preload file at: file:///home/nattz/.config/nvim/pack/nvim/start/nvim-lspconfig/lsp/teal_ls.lua , size = 0.654 KB
[10:15:17.435][info] [#0:script/workspace/loading.lua:100]: Preload file at: file:///home/nattz/.config/nvim/pack/nvim/start/nvim-lspconfig/lsp/autohotkey_lsp.lua , size = 1.396 KB
[10:15:17.435][info] [#0:script/workspace/loading.lua:100]: Preload file at: file:///home/nattz/.config/nvim/pack/nvim/start/nvim-lspconfig/lsp/lean3ls.lua , size = 1.257 KB
[10:15:17.436][info] [#0:script/workspace/loading.lua:100]: Preload file at: file:///home/nattz/.config/nvim/pack/nvim/start/nvim-lspconfig/lsp/quick_lint_js.lua , size = 0.358 KB
[10:15:17.436][info] [#0:script/workspace/loading.lua:100]: Preload file at: file:///home/nattz/.config/nvim/pack/nvim/start/nvim-lspconfig/lsp/alloy_ls.lua , size = 0.650 KB
[10:15:17.437][info] [#0:script/workspace/loading.lua:100]: Preload file at: file:///home/nattz/.config/nvim/pack/nvim/start/nvim-lspconfig/lsp/emmet_language_server.lua , size = 0.514 KB
[10:15:17.437][info] [#0:script/workspace/loading.lua:100]: Preload file at: file:///home/nattz/.config/nvim/pack/nvim/start/nvim-lspconfig/lsp/gdscript.lua , size = 0.361 KB
[10:15:17.438][info] [#0:script/workspace/loading.lua:100]: Preload file at: file:///home/nattz/.config/nvim/pack/nvim/start/nvim-lspconfig/lsp/vala_ls.lua , size = 0.867 KB
[10:15:17.438][info] [#0:script/workspace/loading.lua:100]: Preload file at: file:///home/nattz/.config/nvim/pack/nvim/start/nvim-lspconfig/lsp/debputy.lua , size = 0.298 KB
[10:15:17.439][info] [#0:script/workspace/loading.lua:100]: Preload file at: file:///home/nattz/.config/nvim/pack/nvim/start/nvim-lspconfig/lsp/ginko_ls.lua , size = 0.454 KB
[10:15:17.439][info] [#0:script/workspace/loading.lua:100]: Preload file at: file:///home/nattz/.config/nvim/pack/nvim/start/nvim-lspconfig/lsp/ecsact.lua , size = 0.359 KB
[10:15:17.439][info] [#0:script/workspace/loading.lua:100]: Preload file at: file:///home/nattz/.config/nvim/pack/nvim/start/nvim-lspconfig/lsp/solc.lua , size = 0.437 KB
[10:15:17.440][info] [#0:script/workspace/loading.lua:100]: Preload file at: file:///home/nattz/.config/nvim/pack/nvim/start/nvim-lspconfig/lsp/graphql.lua , size = 0.793 KB
[10:15:17.440][info] [#0:script/workspace/loading.lua:100]: Preload file at: file:///home/nattz/.config/nvim/pack/nvim/start/nvim-lspconfig/lsp/mojo.lua , size = 0.452 KB
[10:15:17.440][info] [#0:script/workspace/loading.lua:100]: Preload file at: file:///home/nattz/.config/nvim/pack/nvim/start/nvim-lspconfig/lsp/grammarly.lua , size = 0.689 KB
[10:15:17.441][info] [#0:script/workspace/loading.lua:100]: Preload file at: file:///home/nattz/.config/nvim/pack/nvim/start/nvim-lspconfig/lsp/pyright.lua , size = 2.074 KB
[10:15:17.442][info] [#0:script/workspace/loading.lua:100]: Preload file at: file:///home/nattz/.config/nvim/pack/nvim/start/nvim-lspconfig/lsp/css_variables.lua , size = 1.701 KB
[10:15:17.443][info] [#0:script/workspace/loading.lua:100]: Preload file at: file:///home/nattz/.config/nvim/pack/nvim/start/nvim-lspconfig/lsp/syntax_tree.lua , size = 0.592 KB
[10:15:17.443][info] [#0:script/workspace/loading.lua:100]: Preload file at: file:///home/nattz/.config/nvim/pack/nvim/start/nvim-lspconfig/lsp/crystalline.lua , size = 0.219 KB
[10:15:17.443][info] [#0:script/workspace/loading.lua:100]: Preload file at: file:///home/nattz/.config/nvim/pack/nvim/start/nvim-lspconfig/lsp/ty.lua , size = 0.515 KB
[10:15:17.444][info] [#0:script/workspace/loading.lua:100]: Preload file at: file:///home/nattz/.config/nvim/pack/nvim/start/nvim-lspconfig/lsp/esbonio.lua , size = 1.507 KB
[10:15:17.444][info] [#0:script/workspace/loading.lua:100]: Preload file at: file:///home/nattz/.config/nvim/pack/nvim/start/nvim-lspconfig/lsp/autotools_ls.lua , size = 0.655 KB
[10:15:17.445][info] [#0:script/workspace/loading.lua:100]: Preload file at: file:///home/nattz/.config/nvim/pack/nvim/start/nvim-lspconfig/lsp/dolmenls.lua , size = 0.308 KB
[10:15:17.445][info] [#0:script/workspace/loading.lua:100]: Preload file at: file:///home/nattz/.config/nvim/pack/nvim/start/nvim-lspconfig/lsp/perlnavigator.lua , size = 0.829 KB
[10:15:17.446][info] [#0:script/workspace/loading.lua:100]: Preload file at: file:///home/nattz/.config/nvim/pack/nvim/start/nvim-lspconfig/lsp/emmet_ls.lua , size = 0.467 KB
[10:15:17.446][info] [#0:script/workspace/loading.lua:100]: Preload file at: file:///home/nattz/.config/nvim/pack/nvim/start/nvim-lspconfig/lsp/markdown_oxide.lua , size = 1.010 KB
[10:15:17.447][info] [#0:script/workspace/loading.lua:100]: Preload file at: file:///home/nattz/.config/nvim/pack/nvim/start/nvim-lspconfig/lsp/foam_ls.lua , size = 0.679 KB
[10:15:17.447][info] [#0:script/workspace/loading.lua:100]: Preload file at: file:///home/nattz/.config/nvim/pack/nvim/start/nvim-lspconfig/lsp/ocamllsp.lua , size = 2.890 KB
[10:15:17.449][info] [#0:script/workspace/loading.lua:100]: Preload file at: file:///home/nattz/.config/nvim/pack/nvim/start/nvim-lspconfig/lsp/java_language_server.lua , size = 0.404 KB
[10:15:17.449][info] [#0:script/workspace/loading.lua:100]: Preload file at: file:///home/nattz/.config/nvim/pack/nvim/start/nvim-lspconfig/lsp/sqlls.lua , size = 0.442 KB
[10:15:17.449][info] [#0:script/workspace/loading.lua:100]: Preload file at: file:///home/nattz/.config/nvim/pack/nvim/start/nvim-lspconfig/lsp/unison.lua , size = 0.414 KB
[10:15:17.450][info] [#0:script/workspace/loading.lua:100]: Preload file at: file:///home/nattz/.config/nvim/pack/nvim/start/nvim-lspconfig/lsp/fsautocomplete.lua , size = 2.041 KB
[10:15:17.450][info] [#0:script/workspace/loading.lua:100]: Preload file at: file:///home/nattz/.config/nvim/pack/nvim/start/nvim-lspconfig/lsp/textlsp.lua , size = 1.301 KB
[10:15:17.451][info] [#0:script/workspace/loading.lua:100]: Preload file at: file:///home/nattz/.config/nvim/pack/nvim/start/nvim-lspconfig/lsp/eslint.lua , size = 7.694 KB
[10:15:17.453][info] [#0:script/workspace/loading.lua:100]: Preload file at: file:///home/nattz/.config/nvim/pack/nvim/start/nvim-lspconfig/lsp/vimls.lua , size = 0.687 KB
[10:15:17.454][info] [#0:script/workspace/loading.lua:100]: Preload file at: file:///home/nattz/.config/nvim/pack/nvim/start/nvim-lspconfig/lsp/ols.lua , size = 0.358 KB
[10:15:17.454][info] [#0:script/workspace/loading.lua:100]: Preload file at: file:///home/nattz/.config/nvim/pack/nvim/start/nvim-lspconfig/lsp/cairo_ls.lua , size = 0.678 KB
[10:15:17.455][info] [#0:script/workspace/loading.lua:100]: Preload file at: file:///home/nattz/.config/nvim/pack/nvim/start/nvim-lspconfig/lsp/superhtml.lua , size = 0.586 KB
[10:15:17.455][info] [#0:script/workspace/loading.lua:100]: Preload file at: file:///home/nattz/.config/nvim/pack/nvim/start/nvim-lspconfig/lsp/denols.lua , size = 3.634 KB
[10:15:17.457][info] [#0:script/workspace/loading.lua:100]: Preload file at: file:///home/nattz/.config/nvim/pack/nvim/start/nvim-lspconfig/lsp/solidity_ls.lua , size = 0.632 KB
[10:15:17.457][info] [#0:script/workspace/loading.lua:100]: Preload file at: file:///home/nattz/.config/nvim/pack/nvim/start/nvim-lspconfig/lsp/efm.lua , size = 0.964 KB
[10:15:17.458][info] [#0:script/workspace/loading.lua:100]: Preload file at: file:///home/nattz/.config/nvim/pack/nvim/start/nvim-lspconfig/lsp/marko-js.lua , size = 0.363 KB
[10:15:17.458][info] [#0:script/workspace/loading.lua:100]: Preload file at: file:///home/nattz/.config/nvim/pack/nvim/start/nvim-lspconfig/lsp/starlark_rust.lua , size = 0.503 KB
[10:15:17.458][info] [#0:script/workspace/loading.lua:100]: Preload file at: file:///home/nattz/.config/nvim/pack/nvim/start/nvim-lspconfig/lsp/glasgow.lua , size = 0.773 KB
[10:15:17.459][info] [#0:script/workspace/loading.lua:100]: Preload file at: file:///home/nattz/.config/nvim/pack/nvim/start/nvim-lspconfig/lsp/nim_langserver.lua , size = 0.534 KB
[10:15:17.459][info] [#0:script/workspace/loading.lua:100]: Preload file at: file:///home/nattz/.config/nvim/pack/nvim/start/nvim-lspconfig/lsp/biome.lua , size = 2.555 KB
[10:15:17.460][info] [#0:script/workspace/loading.lua:100]: Preload file at: file:///home/nattz/.config/nvim/pack/nvim/start/nvim-lspconfig/lsp/dprint.lua , size = 0.494 KB
[10:15:17.461][info] [#0:script/workspace/loading.lua:100]: Preload file at: file:///home/nattz/.config/nvim/pack/nvim/start/nvim-lspconfig/lsp/beancount.lua , size = 0.363 KB
[10:15:17.461][info] [#0:script/workspace/loading.lua:100]: Preload file at: file:///home/nattz/.config/nvim/pack/nvim/start/nvim-lspconfig/lsp/arduino_language_server.lua , size = 2.864 KB
[10:15:17.462][info] [#0:script/workspace/loading.lua:100]: Preload file at: file:///home/nattz/.config/nvim/pack/nvim/start/nvim-lspconfig/lsp/steep.lua , size = 0.319 KB
[10:15:17.462][info] [#0:script/workspace/loading.lua:100]: Preload file at: file:///home/nattz/.config/nvim/pack/nvim/start/nvim-lspconfig/lsp/cmake.lua , size = 0.336 KB
[10:15:17.463][info] [#0:script/workspace/loading.lua:100]: Preload file at: file:///home/nattz/.config/nvim/pack/nvim/start/nvim-lspconfig/lsp/prismals.lua , size = 0.418 KB
[10:15:17.463][info] [#0:script/workspace/loading.lua:100]: Preload file at: file:///home/nattz/.config/nvim/pack/nvim/start/nvim-lspconfig/lsp/kotlin_lsp.lua , size = 0.770 KB
[10:15:17.463][info] [#0:script/workspace/loading.lua:100]: Preload file at: file:///home/nattz/.config/nvim/pack/nvim/start/nvim-lspconfig/lsp/typst_lsp.lua , size = 0.202 KB
[10:15:17.464][info] [#0:script/workspace/loading.lua:100]: Preload file at: file:///home/nattz/.config/nvim/pack/nvim/start/nvim-lspconfig/lsp/fsharp_language_server.lua , size = 1.057 KB
[10:15:17.464][info] [#0:script/workspace/loading.lua:100]: Preload file at: file:///home/nattz/.config/nvim/pack/nvim/start/nvim-lspconfig/lsp/tclsp.lua , size = 0.411 KB
[10:15:17.464][info] [#0:script/workspace/loading.lua:100]: Preload file at: file:///home/nattz/.config/nvim/pack/nvim/start/nvim-lspconfig/lsp/nixd.lua , size = 0.391 KB
[10:15:17.465][info] [#0:script/workspace/loading.lua:100]: Preload file at: file:///home/nattz/.config/nvim/pack/nvim/start/nvim-lspconfig/lsp/elixirls.lua , size = 1.934 KB
[10:15:17.466][info] [#0:script/workspace/loading.lua:100]: Preload file at: file:///home/nattz/.config/nvim/pack/nvim/start/nvim-lspconfig/lsp/gradle_ls.lua , size = 0.722 KB
[10:15:17.466][info] [#0:script/workspace/loading.lua:100]: Preload file at: file:///home/nattz/.config/nvim/pack/nvim/start/nvim-lspconfig/lsp/yang_lsp.lua , size = 0.238 KB
[10:15:17.466][info] [#0:script/workspace/loading.lua:100]: Preload file at: file:///home/nattz/.config/nvim/pack/nvim/start/nvim-lspconfig/lsp/dafny.lua , size = 0.488 KB
[10:15:17.467][info] [#0:script/workspace/loading.lua:100]: Preload file at: file:///home/nattz/.config/nvim/pack/nvim/start/nvim-lspconfig/lsp/ada_ls.lua , size = 0.984 KB
[10:15:17.467][info] [#0:script/workspace/loading.lua:100]: Preload file at: file:///home/nattz/.config/nvim/pack/nvim/start/nvim-lspconfig/lsp/jsonnet_ls.lua , size = 0.437 KB
[10:15:17.467][info] [#0:script/workspace/loading.lua:100]: Preload file at: file:///home/nattz/.config/nvim/pack/nvim/start/nvim-lspconfig/lsp/stylua.lua , size = 0.312 KB
[10:15:17.468][info] [#0:script/workspace/loading.lua:100]: Preload file at: file:///home/nattz/.config/nvim/pack/nvim/start/nvim-lspconfig/lsp/elp.lua , size = 0.332 KB
[10:15:17.468][info] [#0:script/workspace/loading.lua:100]: Preload file at: file:///home/nattz/.config/nvim/pack/nvim/start/nvim-lspconfig/lsp/pyre.lua , size = 0.429 KB
[10:15:17.468][info] [#0:script/workspace/loading.lua:100]: Preload file at: file:///home/nattz/.config/nvim/pack/nvim/start/nvim-lspconfig/lsp/robotframework_ls.lua , size = 0.314 KB
[10:15:17.469][info] [#0:script/workspace/loading.lua:100]: Preload file at: file:///home/nattz/.config/nvim/pack/nvim/start/nvim-lspconfig/lsp/standardrb.lua , size = 0.250 KB
[10:15:17.469][info] [#0:script/workspace/loading.lua:100]: Preload file at: file:///home/nattz/.config/nvim/pack/nvim/start/nvim-lspconfig/lsp/prosemd_lsp.lua , size = 0.338 KB
[10:15:17.469][info] [#0:script/workspace/loading.lua:100]: Preload file at: file:///home/nattz/.config/nvim/pack/nvim/start/nvim-lspconfig/lsp/please.lua , size = 0.352 KB
[10:15:17.470][info] [#0:script/workspace/loading.lua:100]: Preload file at: file:///home/nattz/.config/nvim/pack/nvim/start/nvim-lspconfig/lsp/c3_lsp.lua , size = 0.232 KB
[10:15:17.470][info] [#0:script/workspace/loading.lua:100]: Preload file at: file:///home/nattz/.config/nvim/pack/nvim/start/nvim-lspconfig/lsp/fennel_language_server.lua , size = 0.265 KB
[10:15:17.470][info] [#0:script/workspace/loading.lua:100]: Preload file at: file:///home/nattz/.config/nvim/pack/nvim/start/nvim-lspconfig/lsp/ziggy.lua , size = 0.243 KB
[10:15:17.470][info] [#0:script/workspace/loading.lua:100]: Preload file at: file:///home/nattz/.config/nvim/pack/nvim/start/nvim-lspconfig/lsp/laravel_ls.lua , size = 0.317 KB
[10:15:17.471][info] [#0:script/workspace/loading.lua:100]: Preload file at: file:///home/nattz/.config/nvim/pack/nvim/start/nvim-lspconfig/lsp/visualforce_ls.lua , size = 0.824 KB
[10:15:17.471][info] [#0:script/workspace/loading.lua:100]: Preload file at: file:///home/nattz/.config/nvim/pack/nvim/start/nvim-lspconfig/lsp/nelua_lsp.lua , size = 1.065 KB
[10:15:17.472][info] [#0:script/workspace/loading.lua:100]: Preload file at: file:///home/nattz/.config/nvim/pack/nvim/start/nvim-lspconfig/lsp/texlab.lua , size = 6.073 KB
[10:15:17.474][info] [#0:script/workspace/loading.lua:100]: Preload file at: file:///home/nattz/.config/nvim/pack/nvim/start/nvim-lspconfig/lsp/lelwel_ls.lua , size = 0.312 KB
[10:15:17.475][info] [#0:script/workspace/loading.lua:100]: Preload file at: file:///home/nattz/.config/nvim/pack/nvim/start/nvim-lspconfig/lsp/sourcekit.lua , size = 1.174 KB
[10:15:17.475][info] [#0:script/workspace/loading.lua:100]: Preload file at: file:///home/nattz/.config/nvim/pack/nvim/start/nvim-lspconfig/lsp/emmylua_ls.lua , size = 0.657 KB
[10:15:17.476][info] [#0:script/workspace/loading.lua:100]: Preload file at: file:///home/nattz/.config/nvim/pack/nvim/start/nvim-lspconfig/lsp/nextls.lua , size = 0.369 KB
[10:15:17.476][info] [#0:script/workspace/loading.lua:100]: Preload file at: file:///home/nattz/.config/nvim/pack/nvim/start/nvim-lspconfig/lsp/aiken.lua , size = 0.327 KB
[10:15:17.477][info] [#0:script/workspace/loading.lua:100]: Preload file at: file:///home/nattz/.config/nvim/pack/nvim/start/nvim-lspconfig/lsp/mm0_ls.lua , size = 0.360 KB
[10:15:17.477][info] [#0:script/workspace/loading.lua:100]: Preload file at: file:///home/nattz/.config/nvim/pack/nvim/start/nvim-lspconfig/lsp/atopile.lua , size = 0.369 KB
[10:15:17.478][info] [#0:script/workspace/loading.lua:100]: Preload file at: file:///home/nattz/.config/nvim/pack/nvim/start/nvim-lspconfig/lsp/dartls.lua , size = 0.559 KB
[10:15:17.478][info] [#0:script/workspace/loading.lua:100]: Preload file at: file:///home/nattz/.config/nvim/pack/nvim/start/nvim-lspconfig/lsp/clarinet.lua , size = 0.294 KB
[10:15:17.478][info] [#0:script/workspace/loading.lua:100]: Preload file at: file:///home/nattz/.config/nvim/pack/nvim/start/nvim-lspconfig/lsp/marksman.lua , size = 0.525 KB
[10:15:17.479][info] [#0:script/workspace/workspace.lua:387]: Found 11 files at:	<fallback>
[10:15:17.479][info] [#0:script/workspace/loading.lua:160]: Load files from disk:	<fallback>
[10:15:17.479][info] [#0:script/workspace/loading.lua:88]: Skip loaded file: file:///home/nattz/.local/share/nvim/mason/packages/lua-language-server/libexec/meta/Lua%205.4%20en-us%20utf8/os.lua
[10:15:17.479][info] [#0:script/workspace/loading.lua:112]: ++++As library of:	file:///home/nattz/.local/share/nvim/mason/packages/lua-language-server/libexec/meta/Lua%205.4%20en-us%20utf8/os.lua
[10:15:17.479][info] [#0:script/workspace/loading.lua:100]: Preload file at: file:///home/nattz/.config/nvim/pack/nvim/start/nvim-lspconfig/lsp/vhdl_ls.lua , size = 1.053 KB
[10:15:17.479][info] [#0:script/workspace/loading.lua:88]: Skip loaded file: file:///home/nattz/.local/share/nvim/mason/packages/lua-language-server/libexec/meta/Lua%205.4%20en-us%20utf8/package.lua
[10:15:17.479][info] [#0:script/workspace/loading.lua:112]: ++++As library of:	file:///home/nattz/.local/share/nvim/mason/packages/lua-language-server/libexec/meta/Lua%205.4%20en-us%20utf8/package.lua
[10:15:17.479][info] [#0:script/workspace/loading.lua:100]: Preload file at: file:///home/nattz/.config/nvim/pack/nvim/start/nvim-lspconfig/lsp/protols.lua , size = 0.348 KB
[10:15:17.479][info] [#0:script/workspace/loading.lua:88]: Skip loaded file: file:///home/nattz/.local/share/nvim/mason/packages/lua-language-server/libexec/meta/Lua%205.4%20en-us%20utf8/utf8.lua
[10:15:17.479][info] [#0:script/workspace/loading.lua:112]: ++++As library of:	file:///home/nattz/.local/share/nvim/mason/packages/lua-language-server/libexec/meta/Lua%205.4%20en-us%20utf8/utf8.lua
[10:15:17.480][info] [#0:script/workspace/loading.lua:100]: Preload file at: file:///home/nattz/.config/nvim/pack/nvim/start/nvim-lspconfig/lsp/uiua.lua , size = 0.318 KB
[10:15:17.480][info] [#0:script/workspace/loading.lua:88]: Skip loaded file: file:///home/nattz/.local/share/nvim/mason/packages/lua-language-server/libexec/meta/Lua%205.4%20en-us%20utf8/string.lua
[10:15:17.480][info] [#0:script/workspace/loading.lua:112]: ++++As library of:	file:///home/nattz/.local/share/nvim/mason/packages/lua-language-server/libexec/meta/Lua%205.4%20en-us%20utf8/string.lua
[10:15:17.480][info] [#0:script/workspace/loading.lua:100]: Preload file at: file:///home/nattz/.config/nvim/pack/nvim/start/nvim-lspconfig/lsp/jqls.lua , size = 0.586 KB
[10:15:17.480][info] [#0:script/workspace/loading.lua:88]: Skip loaded file: file:///home/nattz/.local/share/nvim/mason/packages/lua-language-server/libexec/meta/Lua%205.4%20en-us%20utf8/io.lua
[10:15:17.480][info] [#0:script/workspace/loading.lua:112]: ++++As library of:	file:///home/nattz/.local/share/nvim/mason/packages/lua-language-server/libexec/meta/Lua%205.4%20en-us%20utf8/io.lua
[10:15:17.480][info] [#0:script/workspace/loading.lua:100]: Preload file at: file:///home/nattz/.config/nvim/pack/nvim/start/nvim-lspconfig/lsp/dotls.lua , size = 0.308 KB
[10:15:17.481][info] [#0:script/workspace/loading.lua:88]: Skip loaded file: file:///home/nattz/.local/share/nvim/mason/packages/lua-language-server/libexec/meta/Lua%205.4%20en-us%20utf8/table.lua
[10:15:17.481][info] [#0:script/workspace/loading.lua:112]: ++++As library of:	file:///home/nattz/.local/share/nvim/mason/packages/lua-language-server/libexec/meta/Lua%205.4%20en-us%20utf8/table.lua
[10:15:17.481][info] [#0:script/workspace/loading.lua:100]: Preload file at: file:///home/nattz/.config/nvim/pack/nvim/start/nvim-lspconfig/lsp/glslls.lua , size = 0.584 KB
[10:15:17.481][info] [#0:script/workspace/loading.lua:88]: Skip loaded file: file:///home/nattz/.local/share/nvim/mason/packages/lua-language-server/libexec/meta/Lua%205.4%20en-us%20utf8/coroutine.lua
[10:15:17.481][info] [#0:script/workspace/loading.lua:112]: ++++As library of:	file:///home/nattz/.local/share/nvim/mason/packages/lua-language-server/libexec/meta/Lua%205.4%20en-us%20utf8/coroutine.lua
[10:15:17.481][info] [#0:script/workspace/loading.lua:100]: Preload file at: file:///home/nattz/.config/nvim/pack/nvim/start/nvim-lspconfig/lsp/powershell_es.lua , size = 2.108 KB
[10:15:17.482][info] [#0:script/workspace/loading.lua:88]: Skip loaded file: file:///home/nattz/.local/share/nvim/mason/packages/lua-language-server/libexec/meta/Lua%205.4%20en-us%20utf8/builtin.lua
[10:15:17.482][info] [#0:script/workspace/loading.lua:112]: ++++As library of:	file:///home/nattz/.local/share/nvim/mason/packages/lua-language-server/libexec/meta/Lua%205.4%20en-us%20utf8/builtin.lua
[10:15:17.482][info] [#0:script/workspace/loading.lua:100]: Preload file at: file:///home/nattz/.config/nvim/pack/nvim/start/nvim-lspconfig/lsp/astro.lua , size = 0.705 KB
[10:15:17.482][info] [#0:script/workspace/loading.lua:88]: Skip loaded file: file:///home/nattz/.local/share/nvim/mason/packages/lua-language-server/libexec/meta/Lua%205.4%20en-us%20utf8/debug.lua
[10:15:17.482][info] [#0:script/workspace/loading.lua:112]: ++++As library of:	file:///home/nattz/.local/share/nvim/mason/packages/lua-language-server/libexec/meta/Lua%205.4%20en-us%20utf8/debug.lua
[10:15:17.482][info] [#0:script/workspace/loading.lua:100]: Preload file at: file:///home/nattz/.config/nvim/pack/nvim/start/nvim-lspconfig/lsp/bsl_ls.lua , size = 0.261 KB
[10:15:17.483][info] [#0:script/workspace/loading.lua:88]: Skip loaded file: file:///home/nattz/.local/share/nvim/mason/packages/lua-language-server/libexec/meta/Lua%205.4%20en-us%20utf8/math.lua
[10:15:17.483][info] [#0:script/workspace/loading.lua:112]: ++++As library of:	file:///home/nattz/.local/share/nvim/mason/packages/lua-language-server/libexec/meta/Lua%205.4%20en-us%20utf8/math.lua
[10:15:17.483][info] [#0:script/workspace/loading.lua:100]: Preload file at: file:///home/nattz/.config/nvim/pack/nvim/start/nvim-lspconfig/lsp/salt_ls.lua , size = 0.317 KB
[10:15:17.483][info] [#0:script/workspace/loading.lua:88]: Skip loaded file: file:///home/nattz/.local/share/nvim/mason/packages/lua-language-server/libexec/meta/Lua%205.4%20en-us%20utf8/basic.lua
[10:15:17.483][info] [#0:script/workspace/loading.lua:112]: ++++As library of:	file:///home/nattz/.local/share/nvim/mason/packages/lua-language-server/libexec/meta/Lua%205.4%20en-us%20utf8/basic.lua
[10:15:17.483][info] [#0:script/workspace/loading.lua:100]: Preload file at: file:///home/nattz/.config/nvim/pack/nvim/start/nvim-lspconfig/lsp/spectral.lua , size = 0.738 KB
[10:15:17.483][info] [#0:script/workspace/loading.lua:172]: Loaded files takes [0.005] sec: <fallback>
[10:15:17.483][info] [#0:script/workspace/loading.lua:181]: Compile files takes [0.000] sec: <fallback>
[10:15:17.483][info] [#0:script/workspace/loading.lua:182]: Loaded finish:	<fallback>
[10:15:17.483][info] [#0:script/workspace/workspace.lua:389]: Preload finish at:	<fallback>
[10:15:17.504][info] [#0:script/workspace/loading.lua:100]: Preload file at: file:///home/nattz/.config/nvim/pack/nvim/start/nvim-lspconfig/lsp/rpmspec.lua , size = 0.403 KB
[10:15:17.504][info] [#0:script/workspace/loading.lua:100]: Preload file at: file:///home/nattz/.config/nvim/pack/nvim/start/nvim-lspconfig/lsp/starpls.lua , size = 0.326 KB
[10:15:17.504][info] [#0:script/workspace/loading.lua:100]: Preload file at: file:///home/nattz/.config/nvim/pack/nvim/start/nvim-lspconfig/lsp/jinja_lsp.lua , size = 0.619 KB
[10:15:17.505][info] [#0:script/workspace/loading.lua:100]: Preload file at: file:///home/nattz/.config/nvim/pack/nvim/start/nvim-lspconfig/lsp/ds_pinyin_lsp.lua , size = 2.264 KB
[10:15:17.506][info] [#0:script/workspace/loading.lua:100]: Preload file at: file:///home/nattz/.config/nvim/pack/nvim/start/nvim-lspconfig/lsp/robotcode.lua , size = 0.372 KB
[10:15:17.506][info] [#0:script/workspace/loading.lua:100]: Preload file at: file:///home/nattz/.config/nvim/pack/nvim/start/nvim-lspconfig/lsp/tsgo.lua , size = 2.177 KB
[10:15:17.508][info] [#0:script/workspace/loading.lua:100]: Preload file at: file:///home/nattz/.config/nvim/pack/nvim/start/nvim-lspconfig/lsp/openscad_lsp.lua , size = 0.358 KB
[10:15:17.508][info] [#0:script/workspace/loading.lua:100]: Preload file at: file:///home/nattz/.config/nvim/pack/nvim/start/nvim-lspconfig/lsp/docker_language_server.lua , size = 0.798 KB
[10:15:17.509][info] [#0:script/workspace/loading.lua:100]: Preload file at: file:///home/nattz/.config/nvim/pack/nvim/start/nvim-lspconfig/lsp/angularls.lua , size = 3.771 KB
[10:15:17.511][info] [#0:script/workspace/loading.lua:100]: Preload file at: file:///home/nattz/.config/nvim/pack/nvim/start/nvim-lspconfig/lsp/ts_query_ls.lua , size = 1.096 KB
[10:15:17.512][info] [#0:script/workspace/loading.lua:100]: Preload file at: file:///home/nattz/.config/nvim/pack/nvim/start/nvim-lspconfig/lsp/phan.lua , size = 0.637 KB
[10:15:17.513][info] [#0:script/workspace/loading.lua:100]: Preload file at: file:///home/nattz/.config/nvim/pack/nvim/start/nvim-lspconfig/lsp/solargraph.lua , size = 0.443 KB
[10:15:17.514][info] [#0:script/workspace/loading.lua:100]: Preload file at: file:///home/nattz/.config/nvim/pack/nvim/start/nvim-lspconfig/lsp/theme_check.lua , size = 0.586 KB
[10:15:17.514][info] [#0:script/workspace/loading.lua:100]: Preload file at: file:///home/nattz/.config/nvim/pack/nvim/start/nvim-lspconfig/lsp/vue_ls.lua , size = 2.688 KB
[10:15:17.516][info] [#0:script/workspace/loading.lua:100]: Preload file at: file:///home/nattz/.config/nvim/pack/nvim/start/nvim-lspconfig/lsp/stimulus_ls.lua , size = 0.455 KB
[10:15:17.516][info] [#0:script/workspace/loading.lua:100]: Preload file at: file:///home/nattz/.config/nvim/pack/nvim/start/nvim-lspconfig/lsp/tsp_server.lua , size = 0.434 KB
[10:15:17.517][info] [#0:script/workspace/loading.lua:100]: Preload file at: file:///home/nattz/.config/nvim/pack/nvim/start/nvim-lspconfig/lsp/qmlls.lua , size = 0.396 KB
[10:15:17.517][info] [#0:script/workspace/loading.lua:100]: Preload file at: file:///home/nattz/.config/nvim/pack/nvim/start/nvim-lspconfig/lsp/dts_lsp.lua , size = 0.624 KB
[10:15:17.518][info] [#0:script/workspace/loading.lua:100]: Preload file at: file:///home/nattz/.config/nvim/pack/nvim/start/nvim-lspconfig/lsp/typeprof.lua , size = 0.271 KB
[10:15:17.518][info] [#0:script/workspace/loading.lua:100]: Preload file at: file:///home/nattz/.config/nvim/pack/nvim/start/nvim-lspconfig/lsp/kcl.lua , size = 0.249 KB
[10:15:17.519][info] [#0:script/workspace/loading.lua:100]: Preload file at: file:///home/nattz/.config/nvim/pack/nvim/start/nvim-lspconfig/lsp/sqls.lua , size = 0.519 KB
[10:15:17.519][info] [#0:script/workspace/loading.lua:100]: Preload file at: file:///home/nattz/.config/nvim/pack/nvim/start/nvim-lspconfig/lsp/cypher_ls.lua , size = 0.537 KB
[10:15:17.520][info] [#0:script/workspace/loading.lua:100]: Preload file at: file:///home/nattz/.config/nvim/pack/nvim/start/nvim-lspconfig/lsp/gh_actions_ls.lua , size = 1.736 KB
[10:15:17.521][info] [#0:script/workspace/loading.lua:100]: Preload file at: file:///home/nattz/.config/nvim/pack/nvim/start/nvim-lspconfig/lsp/hyprls.lua , size = 0.315 KB
[10:15:17.521][info] [#0:script/workspace/loading.lua:100]: Preload file at: file:///home/nattz/.config/nvim/pack/nvim/start/nvim-lspconfig/lsp/spyglassmc_language_server.lua , size = 0.696 KB
[10:15:17.522][info] [#0:script/workspace/loading.lua:100]: Preload file at: file:///home/nattz/.config/nvim/pack/nvim/start/nvim-lspconfig/lsp/buck2.lua , size = 0.383 KB
[10:15:17.522][info] [#0:script/workspace/loading.lua:100]: Preload file at: file:///home/nattz/.config/nvim/pack/nvim/start/nvim-lspconfig/lsp/coq_lsp.lua , size = 0.180 KB
[10:15:17.523][info] [#0:script/workspace/loading.lua:100]: Preload file at: file:///home/nattz/.config/nvim/pack/nvim/start/nvim-lspconfig/lsp/motoko_lsp.lua , size = 0.303 KB
[10:15:17.523][info] [#0:script/workspace/loading.lua:100]: Preload file at: file:///home/nattz/.config/nvim/pack/nvim/start/nvim-lspconfig/lsp/systemd_ls.lua , size = 0.353 KB
[10:15:17.524][info] [#0:script/workspace/loading.lua:100]: Preload file at: file:///home/nattz/.config/nvim/pack/nvim/start/nvim-lspconfig/lsp/mdx_analyzer.lua , size = 0.589 KB
[10:15:17.524][info] [#0:script/workspace/loading.lua:100]: Preload file at: file:///home/nattz/.config/nvim/pack/nvim/start/nvim-lspconfig/lsp/hlasm.lua , size = 0.427 KB
[10:15:17.525][info] [#0:script/workspace/loading.lua:100]: Preload file at: file:///home/nattz/.config/nvim/pack/nvim/start/nvim-lspconfig/lsp/turtle_ls.lua , size = 1.188 KB
[10:15:17.526][info] [#0:script/workspace/loading.lua:100]: Preload file at: file:///home/nattz/.config/nvim/pack/nvim/start/nvim-lspconfig/lsp/smithy_ls.lua , size = 1.315 KB
[10:15:17.527][info] [#0:script/workspace/loading.lua:100]: Preload file at: file:///home/nattz/.config/nvim/pack/nvim/start/nvim-lspconfig/lsp/ember.lua , size = 0.439 KB
[10:15:17.527][info] [#0:script/workspace/loading.lua:100]: Preload file at: file:///home/nattz/.config/nvim/pack/nvim/start/nvim-lspconfig/lsp/apex_ls.lua , size = 2.060 KB
[10:15:17.528][info] [#0:script/workspace/loading.lua:100]: Preload file at: file:///home/nattz/.config/nvim/pack/nvim/start/nvim-lspconfig/lsp/basedpyright.lua , size = 2.156 KB
[10:15:17.530][info] [#0:script/workspace/loading.lua:100]: Preload file at: file:///home/nattz/.config/nvim/pack/nvim/start/nvim-lspconfig/lsp/pest_ls.lua , size = 0.229 KB
[10:15:17.530][info] [#0:script/workspace/loading.lua:100]: Preload file at: file:///home/nattz/.config/nvim/pack/nvim/start/nvim-lspconfig/lsp/azure_pipelines_ls.lua , size = 1.218 KB
[10:15:17.531][info] [#0:script/workspace/loading.lua:100]: Preload file at: file:///home/nattz/.config/nvim/pack/nvim/start/nvim-lspconfig/lsp/hdl_checker.lua , size = 0.295 KB
[10:15:17.531][info] [#0:script/workspace/loading.lua:100]: Preload file at: file:///home/nattz/.config/nvim/pack/nvim/start/nvim-lspconfig/lsp/expert.lua , size = 1.132 KB
[10:15:17.532][info] [#0:script/workspace/loading.lua:100]: Preload file at: file:///home/nattz/.config/nvim/pack/nvim/start/nvim-lspconfig/lsp/serve_d.lua , size = 0.356 KB
[10:15:17.532][info] [#0:script/workspace/loading.lua:100]: Preload file at: file:///home/nattz/.config/nvim/pack/nvim/start/nvim-lspconfig/lsp/racket_langserver.lua , size = 0.541 KB
[10:15:17.533][info] [#0:script/workspace/loading.lua:100]: Preload file at: file:///home/nattz/.config/nvim/pack/nvim/start/nvim-lspconfig/lsp/pact_ls.lua , size = 0.199 KB
[10:15:17.533][info] [#0:script/workspace/loading.lua:100]: Preload file at: file:///home/nattz/.config/nvim/pack/nvim/start/nvim-lspconfig/lsp/terraform_lsp.lua , size = 1.348 KB
[10:15:17.534][info] [#0:script/workspace/loading.lua:100]: Preload file at: file:///home/nattz/.config/nvim/pack/nvim/start/nvim-lspconfig/lsp/pony_language_server.lua , size = 0.249 KB
[10:15:17.534][info] [#0:script/workspace/loading.lua:100]: Preload file at: file:///home/nattz/.config/nvim/pack/nvim/start/nvim-lspconfig/lsp/neocmake.lua , size = 0.795 KB
[10:15:17.535][info] [#0:script/workspace/loading.lua:100]: Preload file at: file:///home/nattz/.config/nvim/pack/nvim/start/nvim-lspconfig/lsp/cssls.lua , size = 1.134 KB
[10:15:17.544][info] [#0:script/workspace/loading.lua:100]: Preload file at: file:///home/nattz/.config/nvim/pack/nvim/start/nvim-lspconfig/lsp/diagnosticls.lua , size = 0.397 KB
[10:15:17.546][info] [#0:script/workspace/loading.lua:100]: Preload file at: file:///home/nattz/.config/nvim/pack/nvim/start/nvim-lspconfig/lsp/idris2_lsp.lua , size = 1.759 KB
[10:15:17.546][info] [#0:script/workspace/loading.lua:100]: Preload file at: file:///home/nattz/.config/nvim/pack/nvim/start/nvim-lspconfig/lsp/flow.lua , size = 0.617 KB
[10:15:17.547][info] [#0:script/workspace/loading.lua:100]: Preload file at: file:///home/nattz/.config/nvim/pack/nvim/start/nvim-lspconfig/lsp/oxlint.lua , size = 0.800 KB
[10:15:17.547][info] [#0:script/workspace/loading.lua:100]: Preload file at: file:///home/nattz/.config/nvim/pack/nvim/start/nvim-lspconfig/lsp/zuban.lua , size = 0.366 KB
[10:15:17.548][info] [#0:script/workspace/loading.lua:100]: Preload file at: file:///home/nattz/.config/nvim/pack/nvim/start/nvim-lspconfig/lsp/earthlyls.lua , size = 0.221 KB
[10:15:17.548][info] [#0:script/workspace/loading.lua:100]: Preload file at: file:///home/nattz/.config/nvim/pack/nvim/start/nvim-lspconfig/lsp/turbo_ls.lua , size = 0.452 KB
[10:15:17.548][info] [#0:script/workspace/loading.lua:100]: Preload file at: file:///home/nattz/.config/nvim/pack/nvim/start/nvim-lspconfig/lsp/regal.lua , size = 0.576 KB
[10:15:17.549][info] [#0:script/workspace/loading.lua:100]: Preload file at: file:///home/nattz/.config/nvim/pack/nvim/start/nvim-lspconfig/lsp/tofu_ls.lua , size = 0.251 KB
[10:15:17.549][info] [#0:script/workspace/loading.lua:100]: Preload file at: file:///home/nattz/.config/nvim/pack/nvim/start/nvim-lspconfig/lsp/solang.lua , size = 0.543 KB
[10:15:17.549][info] [#0:script/workspace/loading.lua:100]: Preload file at: file:///home/nattz/.config/nvim/pack/nvim/start/nvim-lspconfig/lsp/pbls.lua , size = 0.388 KB
[10:15:17.550][info] [#0:script/workspace/loading.lua:100]: Preload file at: file:///home/nattz/.config/nvim/pack/nvim/start/nvim-lspconfig/lsp/rls.lua , size = 0.830 KB
[10:15:17.550][info] [#0:script/workspace/loading.lua:100]: Preload file at: file:///home/nattz/.config/nvim/pack/nvim/start/nvim-lspconfig/lsp/tinymist.lua , size = 2.729 KB
[10:15:17.551][info] [#0:script/workspace/loading.lua:100]: Preload file at: file:///home/nattz/.config/nvim/pack/nvim/start/nvim-lspconfig/lsp/wgsl_analyzer.lua , size = 0.351 KB
[10:15:17.552][info] [#0:script/workspace/loading.lua:100]: Preload file at: file:///home/nattz/.config/nvim/pack/nvim/start/nvim-lspconfig/lsp/cspell_ls.lua , size = 0.442 KB
[10:15:17.552][info] [#0:script/workspace/loading.lua:100]: Preload file at: file:///home/nattz/.config/nvim/pack/nvim/start/nvim-lspconfig/lsp/circom-lsp.lua , size = 0.263 KB
[10:15:17.552][info] [#0:script/workspace/loading.lua:100]: Preload file at: file:///home/nattz/.config/nvim/pack/nvim/start/nvim-lspconfig/lsp/lua_ls.lua , size = 3.031 KB
[10:15:17.554][info] [#0:script/workspace/loading.lua:100]: Preload file at: file:///home/nattz/.config/nvim/pack/nvim/start/nvim-lspconfig/lsp/glint.lua , size = 1.396 KB
[10:15:17.555][info] [#0:script/workspace/loading.lua:100]: Preload file at: file:///home/nattz/.config/nvim/pack/nvim/start/nvim-lspconfig/lsp/html.lua , size = 1.221 KB
[10:15:17.555][info] [#0:script/workspace/loading.lua:100]: Preload file at: file:///home/nattz/.config/nvim/pack/nvim/start/nvim-lspconfig/lsp/ruff_lsp.lua , size = 0.682 KB
[10:15:17.556][info] [#0:script/workspace/loading.lua:100]: Preload file at: file:///home/nattz/.config/nvim/pack/nvim/start/nvim-lspconfig/lsp/pico8_ls.lua , size = 0.396 KB
[10:15:17.556][info] [#0:script/workspace/loading.lua:100]: Preload file at: file:///home/nattz/.config/nvim/pack/nvim/start/nvim-lspconfig/lsp/gitlab_ci_ls.lua , size = 0.625 KB
[10:15:17.557][info] [#0:script/workspace/loading.lua:100]: Preload file at: file:///home/nattz/.config/nvim/pack/nvim/start/nvim-lspconfig/lsp/fstar.lua , size = 0.254 KB
[10:15:17.557][info] [#0:script/workspace/loading.lua:100]: Preload file at: file:///home/nattz/.config/nvim/pack/nvim/start/nvim-lspconfig/lsp/shopify_theme_ls.lua , size = 0.641 KB
[10:15:17.557][info] [#0:script/workspace/loading.lua:100]: Preload file at: file:///home/nattz/.config/nvim/pack/nvim/start/nvim-lspconfig/lsp/agda_ls.lua , size = 0.362 KB
[10:15:17.558][info] [#0:script/workspace/loading.lua:100]: Preload file at: file:///home/nattz/.config/nvim/pack/nvim/start/nvim-lspconfig/lsp/pli.lua , size = 0.395 KB
[10:15:17.558][info] [#0:script/workspace/loading.lua:100]: Preload file at: file:///home/nattz/.config/nvim/pack/nvim/start/nvim-lspconfig/lsp/terraformls.lua , size = 1.798 KB
[10:15:17.558][info] [#0:script/workspace/loading.lua:100]: Preload file at: file:///home/nattz/.config/nvim/pack/nvim/start/nvim-lspconfig/lsp/asm_lsp.lua , size = 0.311 KB
[10:15:17.559][info] [#0:script/workspace/loading.lua:100]: Preload file at: file:///home/nattz/.config/nvim/pack/nvim/start/nvim-lspconfig/lsp/luau_lsp.lua , size = 0.550 KB
[10:15:17.559][info] [#0:script/workspace/loading.lua:100]: Preload file at: file:///home/nattz/.config/nvim/pack/nvim/start/nvim-lspconfig/lsp/uvls.lua , size = 0.551 KB
[10:15:17.559][info] [#0:script/workspace/loading.lua:100]: Preload file at: file:///home/nattz/.config/nvim/pack/nvim/start/nvim-lspconfig/lsp/helm_ls.lua , size = 0.677 KB
[10:15:17.560][info] [#0:script/workspace/loading.lua:100]: Preload file at: file:///home/nattz/.config/nvim/pack/nvim/start/nvim-lspconfig/lsp/futhark_lsp.lua , size = 0.329 KB
[10:15:17.560][info] [#0:script/workspace/loading.lua:100]: Preload file at: file:///home/nattz/.config/nvim/pack/nvim/start/nvim-lspconfig/lsp/tvm_ffi_navigator.lua , size = 0.490 KB
[10:15:17.560][info] [#0:script/workspace/loading.lua:100]: Preload file at: file:///home/nattz/.config/nvim/pack/nvim/start/nvim-lspconfig/lsp/wasm_language_tools.lua , size = 0.359 KB
[10:15:17.562][info] [#0:script/workspace/loading.lua:100]: Preload file at: file:///home/nattz/.config/nvim/pack/nvim/start/nvim-lspconfig/lsp/atlas.lua , size = 2.365 KB
[10:15:17.562][info] [#0:script/workspace/loading.lua:100]: Preload file at: file:///home/nattz/.config/nvim/pack/nvim/start/nvim-lspconfig/lsp/cucumber_language_server.lua , size = 0.437 KB
[10:15:17.563][info] [#0:script/workspace/loading.lua:100]: Preload file at: file:///home/nattz/.config/nvim/pack/nvim/start/nvim-lspconfig/lsp/zk.lua , size = 3.366 KB
[10:15:17.565][info] [#0:script/workspace/loading.lua:100]: Preload file at: file:///home/nattz/.config/nvim/pack/nvim/start/nvim-lspconfig/lsp/cssmodules_ls.lua , size = 0.479 KB
[10:15:17.565][info] [#0:script/workspace/loading.lua:100]: Preload file at: file:///home/nattz/.config/nvim/pack/nvim/start/nvim-lspconfig/lsp/nimls.lua , size = 0.507 KB
[10:15:17.566][info] [#0:script/workspace/loading.lua:100]: Preload file at: file:///home/nattz/.config/nvim/pack/nvim/start/nvim-lspconfig/lsp/matlab_ls.lua , size = 0.834 KB
[10:15:17.566][info] [#0:script/workspace/loading.lua:100]: Preload file at: file:///home/nattz/.config/nvim/pack/nvim/start/nvim-lspconfig/lsp/ballerina.lua , size = 0.365 KB
[10:15:17.566][info] [#0:script/workspace/loading.lua:100]: Preload file at: file:///home/nattz/.config/nvim/pack/nvim/start/nvim-lspconfig/scripts/docgen.lua , size = 7.842 KB
[10:15:17.571][info] [#0:script/workspace/loading.lua:100]: Preload file at: file:///home/nattz/.config/nvim/pack/nvim/start/nvim-lspconfig/lua/lspconfig/ui/windows.lua , size = 0.168 KB
[10:15:17.572][info] [#0:script/workspace/loading.lua:100]: Preload file at: file:///home/nattz/.config/nvim/pack/nvim/start/nvim-lspconfig/lua/lspconfig/configs.lua , size = 9.303 KB
[10:15:17.576][info] [#0:script/workspace/loading.lua:100]: Preload file at: file:///home/nattz/.config/nvim/pack/nvim/start/nvim-lspconfig/lua/lspconfig/configs/hie.lua , size = 1.095 KB
[10:15:17.576][info] [#0:script/workspace/loading.lua:100]: Preload file at: file:///home/nattz/.config/nvim/pack/nvim/start/nvim-lspconfig/lua/lspconfig/configs/bacon_ls.lua , size = 2.298 KB
[10:15:17.577][info] [#0:script/workspace/loading.lua:100]: Preload file at: file:///home/nattz/.config/nvim/pack/nvim/start/nvim-lspconfig/lua/lspconfig/configs/vuels.lua , size = 1.569 KB
[10:15:17.577][info] [#0:script/workspace/loading.lua:100]: Preload file at: file:///home/nattz/.config/nvim/pack/nvim/start/nvim-lspconfig/lua/lspconfig/configs/tabby_ml.lua , size = 0.849 KB
[10:15:17.578][info] [#0:script/workspace/loading.lua:100]: Preload file at: file:///home/nattz/.config/nvim/pack/nvim/start/nvim-lspconfig/lua/lspconfig/configs/somesass_ls.lua , size = 1.288 KB
[10:15:17.578][info] [#0:script/workspace/loading.lua:100]: Preload file at: file:///home/nattz/.config/nvim/pack/nvim/start/nvim-lspconfig/lua/lspconfig/configs/sorbet.lua , size = 0.810 KB
[10:15:17.580][info] [#0:script/workspace/loading.lua:100]: Preload file at: file:///home/nattz/.config/nvim/pack/nvim/start/nvim-lspconfig/lua/lspconfig/configs/purescriptls.lua , size = 0.952 KB
[10:15:17.580][info] [#0:script/workspace/loading.lua:100]: Preload file at: file:///home/nattz/.config/nvim/pack/nvim/start/nvim-lspconfig/lua/lspconfig/configs/volar.lua , size = 3.182 KB
[10:15:17.581][info] [#0:script/workspace/loading.lua:100]: Preload file at: file:///home/nattz/.config/nvim/pack/nvim/start/nvim-lspconfig/lua/lspconfig/configs/buddy_ls.lua , size = 0.896 KB
[10:15:17.581][info] [#0:script/workspace/loading.lua:100]: Preload file at: file:///home/nattz/.config/nvim/pack/nvim/start/nvim-lspconfig/lua/lspconfig/configs/solidity_ls_nomicfoundation.lua , size = 1.165 KB
[10:15:17.582][info] [#0:script/workspace/loading.lua:100]: Preload file at: file:///home/nattz/.config/nvim/pack/nvim/start/nvim-lspconfig/lua/lspconfig/configs/custom_elements_ls.lua , size = 1.296 KB
[10:15:17.582][info] [#0:script/workspace/loading.lua:100]: Preload file at: file:///home/nattz/.config/nvim/pack/nvim/start/nvim-lspconfig/lua/lspconfig/configs/kotlin_language_server.lua , size = 1.943 KB
[10:15:17.583][info] [#0:script/workspace/loading.lua:100]: Preload file at: file:///home/nattz/.config/nvim/pack/nvim/start/nvim-lspconfig/lua/lspconfig/configs/nil_ls.lua , size = 0.891 KB
[10:15:17.583][info] [#0:script/workspace/loading.lua:100]: Preload file at: file:///home/nattz/.config/nvim/pack/nvim/start/nvim-lspconfig/lua/lspconfig/configs/lsp_ai.lua , size = 1.168 KB
[10:15:17.583][info] [#0:script/workspace/loading.lua:100]: Preload file at: file:///home/nattz/.config/nvim/pack/nvim/start/nvim-lspconfig/lua/lspconfig/configs/ccls.lua , size = 2.558 KB
[10:15:17.584][info] [#0:script/workspace/loading.lua:100]: Preload file at: file:///home/nattz/.config/nvim/pack/nvim/start/nvim-lspconfig/lua/lspconfig/configs/dockerls.lua , size = 1.021 KB
[10:15:17.585][info] [#0:script/workspace/loading.lua:100]: Preload file at: file:///home/nattz/.config/nvim/pack/nvim/start/nvim-lspconfig/lua/lspconfig/configs/guile_ls.lua , size = 1.218 KB
[10:15:17.585][info] [#0:script/workspace/loading.lua:100]: Preload file at: file:///home/nattz/.config/nvim/pack/nvim/start/nvim-lspconfig/lua/lspconfig/configs/hydra_lsp.lua , size = 0.647 KB
[10:15:17.586][info] [#0:script/workspace/loading.lua:100]: Preload file at: file:///home/nattz/.config/nvim/pack/nvim/start/nvim-lspconfig/lua/lspconfig/configs/vectorcode_server.lua , size = 0.677 KB
[10:15:17.587][info] [#0:script/workspace/loading.lua:100]: Preload file at: file:///home/nattz/.config/nvim/pack/nvim/start/nvim-lspconfig/lua/lspconfig/configs/just.lua , size = 0.719 KB
[10:15:17.587][info] [#0:script/workspace/loading.lua:100]: Preload file at: file:///home/nattz/.config/nvim/pack/nvim/start/nvim-lspconfig/lua/lspconfig/configs/mlir_pdll_lsp_server.lua , size = 0.934 KB
[10:15:17.588][info] [#0:script/workspace/loading.lua:100]: Preload file at: file:///home/nattz/.config/nvim/pack/nvim/start/nvim-lspconfig/lua/lspconfig/configs/kulala_ls.lua , size = 0.706 KB
[10:15:17.588][info] [#0:script/workspace/loading.lua:100]: Preload file at: file:///home/nattz/.config/nvim/pack/nvim/start/nvim-lspconfig/lua/lspconfig/configs/bqnlsp.lua , size = 1.790 KB
[10:15:17.589][info] [#0:script/workspace/loading.lua:100]: Preload file at: file:///home/nattz/.config/nvim/pack/nvim/start/nvim-lspconfig/lua/lspconfig/configs/koka.lua , size = 0.768 KB
[10:15:17.590][info] [#0:script/workspace/loading.lua:100]: Preload file at: file:///home/nattz/.config/nvim/pack/nvim/start/nvim-lspconfig/lua/lspconfig/configs/gdshader_lsp.lua , size = 0.670 KB
[10:15:17.590][info] [#0:script/workspace/loading.lua:100]: Preload file at: file:///home/nattz/.config/nvim/pack/nvim/start/nvim-lspconfig/lua/lspconfig/configs/digestif.lua , size = 0.896 KB
[10:15:17.590][info] [#0:script/workspace/loading.lua:100]: Preload file at: file:///home/nattz/.config/nvim/pack/nvim/start/nvim-lspconfig/lua/lspconfig/configs/daedalus_ls.lua , size = 0.895 KB
[10:15:17.591][info] [#0:script/workspace/loading.lua:100]: Preload file at: file:///home/nattz/.config/nvim/pack/nvim/start/nvim-lspconfig/lua/lspconfig/configs/unocss.lua , size = 1.302 KB
[10:15:17.591][info] [#0:script/workspace/loading.lua:100]: Preload file at: file:///home/nattz/.config/nvim/pack/nvim/start/nvim-lspconfig/lua/lspconfig/configs/zls.lua , size = 0.892 KB
[10:15:17.592][info] [#0:script/workspace/loading.lua:100]: Preload file at: file:///home/nattz/.config/nvim/pack/nvim/start/nvim-lspconfig/lua/lspconfig/configs/nushell.lua , size = 0.688 KB
[10:15:17.592][info] [#0:script/workspace/loading.lua:100]: Preload file at: file:///home/nattz/.config/nvim/pack/nvim/start/nvim-lspconfig/lua/lspconfig/configs/openedge_ls.lua , size = 1.670 KB
[10:15:17.593][info] [#0:script/workspace/loading.lua:100]: Preload file at: file:///home/nattz/.config/nvim/pack/nvim/start/nvim-lspconfig/lua/lspconfig/configs/buf_ls.lua , size = 0.732 KB
[10:15:17.594][info] [#0:script/workspace/loading.lua:100]: Preload file at: file:///home/nattz/.config/nvim/pack/nvim/start/nvim-lspconfig/lua/lspconfig/configs/typos_lsp.lua , size = 0.907 KB
[10:15:17.595][info] [#0:script/workspace/loading.lua:100]: Preload file at: file:///home/nattz/.config/nvim/pack/nvim/start/nvim-lspconfig/lua/lspconfig/configs/hoon_ls.lua , size = 0.895 KB
[10:15:17.595][info] [#0:script/workspace/loading.lua:100]: Preload file at: file:///home/nattz/.config/nvim/pack/nvim/start/nvim-lspconfig/lua/lspconfig/configs/ntt.lua , size = 0.834 KB
[10:15:17.595][info] [#0:script/workspace/loading.lua:100]: Preload file at: file:///home/nattz/.config/nvim/pack/nvim/start/nvim-lspconfig/lua/lspconfig/configs/groovyls.lua , size = 1.194 KB
[10:15:17.596][info] [#0:script/workspace/loading.lua:100]: Preload file at: file:///home/nattz/.config/nvim/pack/nvim/start/nvim-lspconfig/lua/lspconfig/configs/gopls.lua , size = 1.349 KB
[10:15:17.597][info] [#0:script/workspace/loading.lua:100]: Preload file at: file:///home/nattz/.config/nvim/pack/nvim/start/nvim-lspconfig/lua/lspconfig/configs/clojure_lsp.lua , size = 0.715 KB
[10:15:17.597][info] [#0:script/workspace/loading.lua:100]: Preload file at: file:///home/nattz/.config/nvim/pack/nvim/start/nvim-lspconfig/lua/lspconfig/configs/anakin_language_server.lua , size = 2.559 KB
[10:15:17.598][info] [#0:script/workspace/loading.lua:100]: Preload file at: file:///home/nattz/.config/nvim/pack/nvim/start/nvim-lspconfig/lua/lspconfig/configs/janet_lsp.lua , size = 0.876 KB
[10:15:17.598][info] [#0:script/workspace/loading.lua:100]: Preload file at: file:///home/nattz/.config/nvim/pack/nvim/start/nvim-lspconfig/lua/lspconfig/configs/remark_ls.lua , size = 1.443 KB
[10:15:17.599][info] [#0:script/workspace/loading.lua:100]: Preload file at: file:///home/nattz/.config/nvim/pack/nvim/start/nvim-lspconfig/lua/lspconfig/configs/sourcery.lua , size = 2.797 KB
[10:15:17.600][info] [#0:script/workspace/loading.lua:100]: Preload file at: file:///home/nattz/.config/nvim/pack/nvim/start/nvim-lspconfig/lua/lspconfig/configs/cobol_ls.lua , size = 0.620 KB
[10:15:17.600][info] [#0:script/workspace/loading.lua:100]: Preload file at: file:///home/nattz/.config/nvim/pack/nvim/start/nvim-lspconfig/lua/lspconfig/configs/stylua3p_ls.lua , size = 0.677 KB
[10:15:17.600][info] [#0:script/workspace/loading.lua:100]: Preload file at: file:///home/nattz/.config/nvim/pack/nvim/start/nvim-lspconfig/lua/lspconfig/configs/nickel_ls.lua , size = 1.038 KB
[10:15:17.602][info] [#0:script/workspace/loading.lua:100]: Preload file at: file:///home/nattz/.config/nvim/pack/nvim/start/nvim-lspconfig/lua/lspconfig/configs/golangci_lint_ls.lua , size = 2.186 KB
[10:15:17.603][info] [#0:script/workspace/loading.lua:100]: Preload file at: file:///home/nattz/.config/nvim/pack/nvim/start/nvim-lspconfig/lua/lspconfig/configs/psalm.lua , size = 0.683 KB
[10:15:17.603][info] [#0:script/workspace/loading.lua:100]: Preload file at: file:///home/nattz/.config/nvim/pack/nvim/start/nvim-lspconfig/lua/lspconfig/configs/dagger.lua , size = 0.684 KB
[10:15:17.603][info] [#0:script/workspace/loading.lua:100]: Preload file at: file:///home/nattz/.config/nvim/pack/nvim/start/nvim-lspconfig/lua/lspconfig/configs/muon.lua , size = 0.732 KB
[10:15:17.604][info] [#0:script/workspace/loading.lua:100]: Preload file at: file:///home/nattz/.config/nvim/pack/nvim/start/nvim-lspconfig/lua/lspconfig/configs/m68k.lua , size = 0.872 KB
[10:15:17.604][info] [#0:script/workspace/loading.lua:100]: Preload file at: file:///home/nattz/.config/nvim/pack/nvim/start/nvim-lspconfig/lua/lspconfig/configs/cadence.lua , size = 1.304 KB
[10:15:17.605][info] [#0:script/workspace/loading.lua:100]: Preload file at: file:///home/nattz/.config/nvim/pack/nvim/start/nvim-lspconfig/lua/lspconfig/configs/csharp_ls.lua , size = 0.938 KB
[10:15:17.605][info] [#0:script/workspace/loading.lua:100]: Preload file at: file:///home/nattz/.config/nvim/pack/nvim/start/nvim-lspconfig/lua/lspconfig/configs/svelte.lua , size = 1.487 KB
[10:15:17.606][info] [#0:script/workspace/loading.lua:100]: Preload file at: file:///home/nattz/.config/nvim/pack/nvim/start/nvim-lspconfig/lua/lspconfig/configs/fennel_ls.lua , size = 1.211 KB
[10:15:17.606][info] [#0:script/workspace/loading.lua:100]: Preload file at: file:///home/nattz/.config/nvim/pack/nvim/start/nvim-lspconfig/lua/lspconfig/configs/hls.lua , size = 1.072 KB
[10:15:17.607][info] [#0:script/workspace/loading.lua:100]: Preload file at: file:///home/nattz/.config/nvim/pack/nvim/start/nvim-lspconfig/lua/lspconfig/configs/docker_compose_language_service.lua , size = 1.104 KB
[10:15:17.607][info] [#0:script/workspace/loading.lua:100]: Preload file at: file:///home/nattz/.config/nvim/pack/nvim/start/nvim-lspconfig/lua/lspconfig/configs/lemminx.lua , size = 1.097 KB
[10:15:17.608][info] [#0:script/workspace/loading.lua:100]: Preload file at: file:///home/nattz/.config/nvim/pack/nvim/start/nvim-lspconfig/lua/lspconfig/configs/ungrammar_languageserver.lua , size = 0.990 KB
[10:15:17.609][info] [#0:script/workspace/loading.lua:100]: Preload file at: file:///home/nattz/.config/nvim/pack/nvim/start/nvim-lspconfig/lua/lspconfig/configs/swift_mesonls.lua , size = 0.686 KB
[10:15:17.609][info] [#0:script/workspace/loading.lua:100]: Preload file at: file:///home/nattz/.config/nvim/pack/nvim/start/nvim-lspconfig/lua/lspconfig/configs/basics_ls.lua , size = 0.831 KB
[10:15:17.610][info] [#0:script/workspace/loading.lua:100]: Preload file at: file:///home/nattz/.config/nvim/pack/nvim/start/nvim-lspconfig/lua/lspconfig/configs/nextflow_ls.lua , size = 1.354 KB
[10:15:17.610][info] [#0:script/workspace/loading.lua:100]: Preload file at: file:///home/nattz/.config/nvim/pack/nvim/start/nvim-lspconfig/lua/lspconfig/configs/prolog_ls.lua , size = 0.811 KB
[10:15:17.611][info] [#0:script/workspace/loading.lua:100]: Preload file at: file:///home/nattz/.config/nvim/pack/nvim/start/nvim-lspconfig/lua/lspconfig/configs/rust_analyzer.lua , size = 3.852 KB
[10:15:17.612][info] [#0:script/workspace/loading.lua:100]: Preload file at: file:///home/nattz/.config/nvim/pack/nvim/start/nvim-lspconfig/lua/lspconfig/configs/bqls.lua , size = 0.777 KB
[10:15:17.612][info] [#0:script/workspace/loading.lua:100]: Preload file at: file:///home/nattz/.config/nvim/pack/nvim/start/nvim-lspconfig/lua/lspconfig/configs/vls.lua , size = 0.714 KB
[10:15:17.613][info] [#0:script/workspace/loading.lua:100]: Preload file at: file:///home/nattz/.config/nvim/pack/nvim/start/nvim-lspconfig/lua/lspconfig/configs/vale_ls.lua , size = 0.719 KB
[10:15:17.613][info] [#0:script/workspace/loading.lua:100]: Preload file at: file:///home/nattz/.config/nvim/pack/nvim/start/nvim-lspconfig/lua/lspconfig/configs/rescriptls.lua , size = 1.731 KB
[10:15:17.614][info] [#0:script/workspace/loading.lua:100]: Preload file at: file:///home/nattz/.config/nvim/pack/nvim/start/nvim-lspconfig/lua/lspconfig/configs/vtsls.lua , size = 1.095 KB
[10:15:17.614][info] [#0:script/workspace/loading.lua:100]: Preload file at: file:///home/nattz/.config/nvim/pack/nvim/start/nvim-lspconfig/lua/lspconfig/configs/ansiblels.lua , size = 1.233 KB
[10:15:17.615][info] [#0:script/workspace/loading.lua:100]: Preload file at: file:///home/nattz/.config/nvim/pack/nvim/start/nvim-lspconfig/lua/lspconfig/configs/raku_navigator.lua , size = 1.610 KB
[10:15:17.616][info] [#0:script/workspace/loading.lua:100]: Preload file at: file:///home/nattz/.config/nvim/pack/nvim/start/nvim-lspconfig/lua/lspconfig/configs/scry.lua , size = 0.762 KB
[10:15:17.616][info] [#0:script/workspace/loading.lua:100]: Preload file at: file:///home/nattz/.config/nvim/pack/nvim/start/nvim-lspconfig/lua/lspconfig/configs/millet.lua , size = 0.851 KB
[10:15:17.617][info] [#0:script/workspace/loading.lua:100]: Preload file at: file:///home/nattz/.config/nvim/pack/nvim/start/nvim-lspconfig/lua/lspconfig/configs/ltex.lua , size = 2.124 KB
[10:15:17.618][info] [#0:script/workspace/loading.lua:100]: Preload file at: file:///home/nattz/.config/nvim/pack/nvim/start/nvim-lspconfig/lua/lspconfig/configs/yls.lua , size = 0.851 KB
[10:15:17.618][info] [#0:script/workspace/loading.lua:100]: Preload file at: file:///home/nattz/.config/nvim/pack/nvim/start/nvim-lspconfig/lua/lspconfig/configs/ghdl_ls.lua , size = 0.933 KB
[10:15:17.618][info] [#0:script/workspace/loading.lua:100]: Preload file at: file:///home/nattz/.config/nvim/pack/nvim/start/nvim-lspconfig/lua/lspconfig/configs/dcmls.lua , size = 0.623 KB
[10:15:17.619][info] [#0:script/workspace/loading.lua:100]: Preload file at: file:///home/nattz/.config/nvim/pack/nvim/start/nvim-lspconfig/lua/lspconfig/configs/ruff.lua , size = 1.537 KB
[10:15:17.619][info] [#0:script/workspace/loading.lua:100]: Preload file at: file:///home/nattz/.config/nvim/pack/nvim/start/nvim-lspconfig/lua/lspconfig/configs/awk_ls.lua , size = 0.796 KB
[10:15:17.620][info] [#0:script/workspace/loading.lua:100]: Preload file at: file:///home/nattz/.config/nvim/pack/nvim/start/nvim-lspconfig/lua/lspconfig/configs/ast_grep.lua , size = 1.060 KB
[10:15:17.620][info] [#0:script/workspace/loading.lua:100]: Preload file at: file:///home/nattz/.config/nvim/pack/nvim/start/nvim-lspconfig/lua/lspconfig/configs/metals.lua , size = 1.469 KB
[10:15:17.621][info] [#0:script/workspace/loading.lua:100]: Preload file at: file:///home/nattz/.config/nvim/pack/nvim/start/nvim-lspconfig/lua/lspconfig/configs/selene3p_ls.lua , size = 0.658 KB
[10:15:17.621][info] [#0:script/workspace/loading.lua:100]: Preload file at: file:///home/nattz/.config/nvim/pack/nvim/start/nvim-lspconfig/lua/lspconfig/configs/veryl_ls.lua , size = 0.722 KB
[10:15:17.621][info] [#0:script/workspace/loading.lua:100]: Preload file at: file:///home/nattz/.config/nvim/pack/nvim/start/nvim-lspconfig/lua/lspconfig/configs/mlir_lsp_server.lua , size = 0.851 KB
[10:15:17.622][info] [#0:script/workspace/loading.lua:100]: Preload file at: file:///home/nattz/.config/nvim/pack/nvim/start/nvim-lspconfig/lua/lspconfig/configs/sixtyfps.lua , size = 0.929 KB
[10:15:17.623][info] [#0:script/workspace/loading.lua:100]: Preload file at: file:///home/nattz/.config/nvim/pack/nvim/start/nvim-lspconfig/lua/lspconfig/configs/snyk_ls.lua , size = 1.009 KB
[10:15:17.623][info] [#0:script/workspace/loading.lua:100]: Preload file at: file:///home/nattz/.config/nvim/pack/nvim/start/nvim-lspconfig/lua/lspconfig/configs/blueprint_ls.lua , size = 1.147 KB
[10:15:17.624][info] [#0:script/workspace/loading.lua:100]: Preload file at: file:///home/nattz/.config/nvim/pack/nvim/start/nvim-lspconfig/lua/lspconfig/configs/erg_language_server.lua , size = 0.941 KB
[10:15:17.624][info] [#0:script/workspace/loading.lua:100]: Preload file at: file:///home/nattz/.config/nvim/pack/nvim/start/nvim-lspconfig/lua/lspconfig/configs/pasls.lua , size = 1.356 KB
[10:15:17.625][info] [#0:script/workspace/loading.lua:100]: Preload file at: file:///home/nattz/.config/nvim/pack/nvim/start/nvim-lspconfig/lua/lspconfig/configs/intelephense.lua , size = 1.539 KB
[10:15:17.625][info] [#0:script/workspace/loading.lua:100]: Preload file at: file:///home/nattz/.config/nvim/pack/nvim/start/nvim-lspconfig/lua/lspconfig/configs/bicep.lua , size = 1.948 KB
[10:15:17.626][info] [#0:script/workspace/loading.lua:100]: Preload file at: file:///home/nattz/.config/nvim/pack/nvim/start/nvim-lspconfig/lua/lspconfig/configs/stylelint_lsp.lua , size = 1.359 KB
[10:15:17.626][info] [#0:script/workspace/loading.lua:100]: Preload file at: file:///home/nattz/.config/nvim/pack/nvim/start/nvim-lspconfig/lua/lspconfig/configs/svlangserver.lua , size = 1.613 KB
[10:15:17.627][info] [#0:script/workspace/loading.lua:100]: Preload file at: file:///home/nattz/.config/nvim/pack/nvim/start/nvim-lspconfig/lua/lspconfig/configs/taplo.lua , size = 0.824 KB
[10:15:17.628][info] [#0:script/workspace/loading.lua:100]: Preload file at: file:///home/nattz/.config/nvim/pack/nvim/start/nvim-lspconfig/lua/lspconfig/configs/slangd.lua , size = 1.506 KB
[10:15:17.628][info] [#0:script/workspace/loading.lua:100]: Preload file at: file:///home/nattz/.config/nvim/pack/nvim/start/nvim-lspconfig/lua/lspconfig/configs/jdtls.lua , size = 5.515 KB
[10:15:17.631][info] [#0:script/workspace/loading.lua:100]: Preload file at: file:///home/nattz/.config/nvim/pack/nvim/start/nvim-lspconfig/lua/lspconfig/configs/gleam.lua , size = 0.803 KB
[10:15:17.631][info] [#0:script/workspace/loading.lua:100]: Preload file at: file:///home/nattz/.config/nvim/pack/nvim/start/nvim-lspconfig/lua/lspconfig/configs/perlpls.lua , size = 0.938 KB
[10:15:17.632][info] [#0:script/workspace/loading.lua:100]: Preload file at: file:///home/nattz/.config/nvim/pack/nvim/start/nvim-lspconfig/lua/lspconfig/configs/ttags.lua , size = 0.608 KB
[10:15:17.632][info] [#0:script/workspace/loading.lua:100]: Preload file at: file:///home/nattz/.config/nvim/pack/nvim/start/nvim-lspconfig/lua/lspconfig/configs/ghcide.lua , size = 0.788 KB
[10:15:17.632][info] [#0:script/workspace/loading.lua:100]: Preload file at: file:///home/nattz/.config/nvim/pack/nvim/start/nvim-lspconfig/lua/lspconfig/configs/tilt_ls.lua , size = 0.781 KB
[10:15:17.633][info] [#0:script/workspace/loading.lua:100]: Preload file at: file:///home/nattz/.config/nvim/pack/nvim/start/nvim-lspconfig/lua/lspconfig/configs/harper_ls.lua , size = 1.377 KB
[10:15:17.633][info] [#0:script/workspace/loading.lua:100]: Preload file at: file:///home/nattz/.config/nvim/pack/nvim/start/nvim-lspconfig/lua/lspconfig/configs/roc_ls.lua , size = 0.855 KB
[10:15:17.634][info] [#0:script/workspace/loading.lua:100]: Preload file at: file:///home/nattz/.config/nvim/pack/nvim/start/nvim-lspconfig/lua/lspconfig/configs/nxls.lua , size = 0.719 KB
[10:15:17.634][info] [#0:script/workspace/loading.lua:100]: Preload file at: file:///home/nattz/.config/nvim/pack/nvim/start/nvim-lspconfig/lua/lspconfig/configs/facility_language_server.lua , size = 0.727 KB
[10:15:17.635][info] [#0:script/workspace/loading.lua:100]: Preload file at: file:///home/nattz/.config/nvim/pack/nvim/start/nvim-lspconfig/lua/lspconfig/configs/rome.lua , size = 1.097 KB
[10:15:17.635][info] [#0:script/workspace/loading.lua:100]: Preload file at: file:///home/nattz/.config/nvim/pack/nvim/start/nvim-lspconfig/lua/lspconfig/configs/codeqlls.lua , size = 1.821 KB
[10:15:17.636][info] [#0:script/workspace/loading.lua:100]: Preload file at: file:///home/nattz/.config/nvim/pack/nvim/start/nvim-lspconfig/lua/lspconfig/configs/delphi_ls.lua , size = 1.839 KB
[10:15:17.637][info] [#0:script/workspace/loading.lua:100]: Preload file at: file:///home/nattz/.config/nvim/pack/nvim/start/nvim-lspconfig/lua/lspconfig/configs/puppet.lua , size = 1.057 KB
[10:15:17.638][info] [#0:script/workspace/loading.lua:100]: Preload file at: file:///home/nattz/.config/nvim/pack/nvim/start/nvim-lspconfig/lua/lspconfig/configs/coffeesense.lua , size = 0.780 KB
[10:15:17.638][info] [#0:script/workspace/loading.lua:100]: Preload file at: file:///home/nattz/.config/nvim/pack/nvim/start/nvim-lspconfig/lua/lspconfig/configs/jsonls.lua , size = 1.532 KB
[10:15:17.639][info] [#0:script/workspace/loading.lua:100]: Preload file at: file:///home/nattz/.config/nvim/pack/nvim/start/nvim-lspconfig/lua/lspconfig/configs/air.lua , size = 0.752 KB
[10:15:17.639][info] [#0:script/workspace/loading.lua:100]: Preload file at: file:///home/nattz/.config/nvim/pack/nvim/start/nvim-lspconfig/lua/lspconfig/configs/elmls.lua , size = 1.461 KB
[10:15:17.640][info] [#0:script/workspace/loading.lua:100]: Preload file at: file:///home/nattz/.config/nvim/pack/nvim/start/nvim-lspconfig/lua/lspconfig/configs/yamlls.lua , size = 2.889 KB
[10:15:17.640][info] [#0:script/workspace/loading.lua:100]: Preload file at: file:///home/nattz/.config/nvim/pack/nvim/start/nvim-lspconfig/lua/lspconfig/configs/bzl.lua , size = 0.764 KB
[10:15:17.641][info] [#0:script/workspace/loading.lua:100]: Preload file at: file:///home/nattz/.config/nvim/pack/nvim/start/nvim-lspconfig/lua/lspconfig/configs/openscad_ls.lua , size = 1.115 KB
[10:15:17.643][info] [#0:script/workspace/loading.lua:100]: Preload file at: file:///home/nattz/.config/nvim/pack/nvim/start/nvim-lspconfig/lua/lspconfig/configs/flux_lsp.lua , size = 0.756 KB
[10:15:17.645][info] [#0:script/workspace/loading.lua:100]: Preload file at: file:///home/nattz/.config/nvim/pack/nvim/start/nvim-lspconfig/lua/lspconfig/configs/tflint.lua , size = 0.780 KB
[10:15:17.647][info] [#0:script/workspace/loading.lua:100]: Preload file at: file:///home/nattz/.config/nvim/pack/nvim/start/nvim-lspconfig/lua/lspconfig/configs/thriftls.lua , size = 0.713 KB
[10:15:17.649][info] [#0:script/workspace/loading.lua:100]: Preload file at: file:///home/nattz/.config/nvim/pack/nvim/start/nvim-lspconfig/lua/lspconfig/configs/fish_lsp.lua , size = 1.042 KB
[10:15:17.650][info] [#0:script/workspace/loading.lua:100]: Preload file at: file:///home/nattz/.config/nvim/pack/nvim/start/nvim-lspconfig/lua/lspconfig/configs/drools_lsp.lua , size = 2.905 KB
[10:15:17.652][info] [#0:script/workspace/loading.lua:100]: Preload file at: file:///home/nattz/.config/nvim/pack/nvim/start/nvim-lspconfig/lua/lspconfig/configs/nomad_lsp.lua , size = 1.300 KB
[10:15:17.652][info] [#0:script/workspace/loading.lua:100]: Preload file at: file:///home/nattz/.config/nvim/pack/nvim/start/nvim-lspconfig/lua/lspconfig/configs/bazelrc_lsp.lua , size = 0.896 KB
[10:15:17.653][info] [#0:script/workspace/loading.lua:100]: Preload file at: file:///home/nattz/.config/nvim/pack/nvim/start/nvim-lspconfig/lua/lspconfig/configs/perlls.lua , size = 1.152 KB
[10:15:17.654][info] [#0:script/workspace/loading.lua:100]: Preload file at: file:///home/nattz/.config/nvim/pack/nvim/start/nvim-lspconfig/lua/lspconfig/configs/djlsp.lua , size = 0.722 KB
[10:15:17.654][info] [#0:script/workspace/loading.lua:100]: Preload file at: file:///home/nattz/.config/nvim/pack/nvim/start/nvim-lspconfig/lua/lspconfig/configs/glsl_analyzer.lua , size = 0.756 KB
[10:15:17.655][info] [#0:script/workspace/loading.lua:100]: Preload file at: file:///home/nattz/.config/nvim/pack/nvim/start/nvim-lspconfig/lua/lspconfig/configs/contextive.lua , size = 1.079 KB
[10:15:17.655][info] [#0:script/workspace/loading.lua:100]: Preload file at: file:///home/nattz/.config/nvim/pack/nvim/start/nvim-lspconfig/lua/lspconfig/configs/veridian.lua , size = 1.001 KB
[10:15:17.656][info] [#0:script/workspace/loading.lua:100]: Preload file at: file:///home/nattz/.config/nvim/pack/nvim/start/nvim-lspconfig/lua/lspconfig/configs/phpactor.lua , size = 0.927 KB
[10:15:17.657][info] [#0:script/workspace/loading.lua:100]: Preload file at: file:///home/nattz/.config/nvim/pack/nvim/start/nvim-lspconfig/lua/lspconfig/configs/msbuild_project_tools_server.lua , size = 1.441 KB
[10:15:17.657][info] [#0:script/workspace/loading.lua:100]: Preload file at: file:///home/nattz/.config/nvim/pack/nvim/start/nvim-lspconfig/lua/lspconfig/configs/jedi_language_server.lua , size = 0.834 KB
[10:15:17.658][info] [#0:script/workspace/loading.lua:100]: Preload file at: file:///home/nattz/.config/nvim/pack/nvim/start/nvim-lspconfig/lua/lspconfig/configs/ltex_plus.lua , size = 2.247 KB
[10:15:17.659][info] [#0:script/workspace/loading.lua:100]: Preload file at: file:///home/nattz/.config/nvim/pack/nvim/start/nvim-lspconfig/lua/lspconfig/configs/poryscript_pls.lua , size = 0.770 KB
[10:15:17.659][info] [#0:script/workspace/loading.lua:100]: Preload file at: file:///home/nattz/.config/nvim/pack/nvim/start/nvim-lspconfig/lua/lspconfig/configs/vacuum.lua , size = 1.096 KB
[10:15:17.660][info] [#0:script/workspace/loading.lua:100]: Preload file at: file:///home/nattz/.config/nvim/pack/nvim/start/nvim-lspconfig/lua/lspconfig/configs/solidity.lua , size = 1.655 KB
[10:15:17.661][info] [#0:script/workspace/loading.lua:100]: Preload file at: file:///home/nattz/.config/nvim/pack/nvim/start/nvim-lspconfig/lua/lspconfig/configs/ts_ls.lua , size = 2.566 KB
[10:15:17.661][info] [#0:script/workspace/loading.lua:100]: Preload file at: file:///home/nattz/.config/nvim/pack/nvim/start/nvim-lspconfig/lua/lspconfig/configs/dhall_lsp_server.lua , size = 0.895 KB
[10:15:17.662][info] [#0:script/workspace/loading.lua:100]: Preload file at: file:///home/nattz/.config/nvim/pack/nvim/start/nvim-lspconfig/lua/lspconfig/configs/rubocop.lua , size = 0.593 KB
[10:15:17.663][info] [#0:script/workspace/loading.lua:100]: Preload file at: file:///home/nattz/.config/nvim/pack/nvim/start/nvim-lspconfig/lua/lspconfig/configs/clarity_lsp.lua , size = 0.918 KB
[10:15:17.663][info] [#0:script/workspace/loading.lua:100]: Preload file at: file:///home/nattz/.config/nvim/pack/nvim/start/nvim-lspconfig/lua/lspconfig/configs/templ.lua , size = 0.692 KB
[10:15:17.664][info] [#0:script/workspace/loading.lua:100]: Preload file at: file:///home/nattz/.config/nvim/pack/nvim/start/nvim-lspconfig/lua/lspconfig/configs/snakeskin_ls.lua , size = 0.690 KB
[10:15:17.664][info] [#0:script/workspace/loading.lua:100]: Preload file at: file:///home/nattz/.config/nvim/pack/nvim/start/nvim-lspconfig/lua/lspconfig/configs/cue.lua , size = 0.762 KB
[10:15:17.665][info] [#0:script/workspace/loading.lua:100]: Preload file at: file:///home/nattz/.config/nvim/pack/nvim/start/nvim-lspconfig/lua/lspconfig/configs/ruby_lsp.lua , size = 0.927 KB
[10:15:17.665][info] [#0:script/workspace/loading.lua:100]: Preload file at: file:///home/nattz/.config/nvim/pack/nvim/start/nvim-lspconfig/lua/lspconfig/configs/cds_lsp.lua , size = 0.845 KB
[10:15:17.666][info] [#0:script/workspace/loading.lua:100]: Preload file at: file:///home/nattz/.config/nvim/pack/nvim/start/nvim-lspconfig/lua/lspconfig/configs/bright_script.lua , size = 0.733 KB
[10:15:17.666][info] [#0:script/workspace/loading.lua:100]: Preload file at: file:///home/nattz/.config/nvim/pack/nvim/start/nvim-lspconfig/lua/lspconfig/configs/mint.lua , size = 0.849 KB
[10:15:17.667][info] [#0:script/workspace/loading.lua:100]: Preload file at: file:///home/nattz/.config/nvim/pack/nvim/start/nvim-lspconfig/lua/lspconfig/configs/lwc_ls.lua , size = 1.139 KB
[10:15:17.668][info] [#0:script/workspace/loading.lua:100]: Preload file at: file:///home/nattz/.config/nvim/pack/nvim/start/nvim-lspconfig/lua/lspconfig/configs/omnisharp.lua , size = 6.583 KB
[10:15:17.669][info] [#0:script/workspace/loading.lua:100]: Preload file at: file:///home/nattz/.config/nvim/pack/nvim/start/nvim-lspconfig/lua/lspconfig/configs/v_analyzer.lua , size = 0.728 KB
[10:15:17.670][info] [#0:script/workspace/loading.lua:100]: Preload file at: file:///home/nattz/.config/nvim/pack/nvim/start/nvim-lspconfig/lua/lspconfig/configs/scheme_langserver.lua , size = 0.892 KB
[10:15:17.671][info] [#0:script/workspace/loading.lua:100]: Preload file at: file:///home/nattz/.config/nvim/pack/nvim/start/nvim-lspconfig/lua/lspconfig/configs/statix.lua , size = 0.692 KB
[10:15:17.671][info] [#0:script/workspace/loading.lua:100]: Preload file at: file:///home/nattz/.config/nvim/pack/nvim/start/nvim-lspconfig/lua/lspconfig/configs/regols.lua , size = 0.845 KB
[10:15:17.672][info] [#0:script/workspace/loading.lua:100]: Preload file at: file:///home/nattz/.config/nvim/pack/nvim/start/nvim-lspconfig/lua/lspconfig/configs/bitbake_language_server.lua , size = 0.628 KB
[10:15:17.672][info] [#0:script/workspace/loading.lua:100]: Preload file at: file:///home/nattz/.config/nvim/pack/nvim/start/nvim-lspconfig/lua/lspconfig/configs/svls.lua , size = 0.744 KB
[10:15:17.673][info] [#0:script/workspace/loading.lua:100]: Preload file at: file:///home/nattz/.config/nvim/pack/nvim/start/nvim-lspconfig/lua/lspconfig/configs/rnix.lua , size = 0.925 KB
[10:15:17.674][info] [#0:script/workspace/loading.lua:100]: Preload file at: file:///home/nattz/.config/nvim/pack/nvim/start/nvim-lspconfig/lua/lspconfig/configs/pug.lua , size = 0.862 KB
[10:15:17.674][info] [#0:script/workspace/loading.lua:100]: Preload file at: file:///home/nattz/.config/nvim/pack/nvim/start/nvim-lspconfig/lua/lspconfig/configs/verible.lua , size = 0.938 KB
[10:15:17.675][info] [#0:script/workspace/loading.lua:100]: Preload file at: file:///home/nattz/.config/nvim/pack/nvim/start/nvim-lspconfig/lua/lspconfig/configs/r_language_server.lua , size = 0.950 KB
[10:15:17.676][info] [#0:script/workspace/loading.lua:100]: Preload file at: file:///home/nattz/.config/nvim/pack/nvim/start/nvim-lspconfig/lua/lspconfig/configs/pylsp.lua , size = 1.643 KB
[10:15:17.676][info] [#0:script/workspace/loading.lua:100]: Preload file at: file:///home/nattz/.config/nvim/pack/nvim/start/nvim-lspconfig/lua/lspconfig/configs/move_analyzer.lua , size = 1.062 KB
[10:15:17.677][info] [#0:script/workspace/loading.lua:100]: Preload file at: file:///home/nattz/.config/nvim/pack/nvim/start/nvim-lspconfig/lua/lspconfig/configs/tblgen_lsp_server.lua , size = 1.290 KB
[10:15:17.678][info] [#0:script/workspace/loading.lua:100]: Preload file at: file:///home/nattz/.config/nvim/pack/nvim/start/nvim-lspconfig/lua/lspconfig/configs/opencl_ls.lua , size = 0.887 KB
[10:15:17.679][info] [#0:script/workspace/loading.lua:100]: Preload file at: file:///home/nattz/.config/nvim/pack/nvim/start/nvim-lspconfig/lua/lspconfig/configs/antlersls.lua , size = 0.707 KB
[10:15:17.680][info] [#0:script/workspace/loading.lua:100]: Preload file at: file:///home/nattz/.config/nvim/pack/nvim/start/nvim-lspconfig/lua/lspconfig/configs/smarty_ls.lua , size = 1.136 KB
[10:15:17.681][info] [#0:script/workspace/loading.lua:100]: Preload file at: file:///home/nattz/.config/nvim/pack/nvim/start/nvim-lspconfig/lua/lspconfig/configs/clangd.lua , size = 3.697 KB
[10:15:17.683][info] [#0:script/workspace/loading.lua:100]: Preload file at: file:///home/nattz/.config/nvim/pack/nvim/start/nvim-lspconfig/lua/lspconfig/configs/postgres_lsp.lua , size = 0.753 KB
[10:15:17.684][info] [#0:script/workspace/loading.lua:100]: Preload file at: file:///home/nattz/.config/nvim/pack/nvim/start/nvim-lspconfig/lua/lspconfig/configs/tailwindcss.lua , size = 3.131 KB
[10:15:17.685][info] [#0:script/workspace/loading.lua:100]: Preload file at: file:///home/nattz/.config/nvim/pack/nvim/start/nvim-lspconfig/lua/lspconfig/configs/vscoqtop.lua , size = 0.734 KB
[10:15:17.686][info] [#0:script/workspace/loading.lua:100]: Preload file at: file:///home/nattz/.config/nvim/pack/nvim/start/nvim-lspconfig/lua/lspconfig/configs/hhvm.lua , size = 0.756 KB
[10:15:17.687][info] [#0:script/workspace/loading.lua:100]: Preload file at: file:///home/nattz/.config/nvim/pack/nvim/start/nvim-lspconfig/lua/lspconfig/configs/julials.lua , size = 5.299 KB
[10:15:17.689][info] [#0:script/workspace/loading.lua:100]: Preload file at: file:///home/nattz/.config/nvim/pack/nvim/start/nvim-lspconfig/lua/lspconfig/configs/ziggy_schema.lua , size = 0.752 KB
[10:15:17.690][info] [#0:script/workspace/loading.lua:100]: Preload file at: file:///home/nattz/.config/nvim/pack/nvim/start/nvim-lspconfig/lua/lspconfig/configs/lexical.lua , size = 1.061 KB
[10:15:17.691][info] [#0:script/workspace/loading.lua:100]: Preload file at: file:///home/nattz/.config/nvim/pack/nvim/start/nvim-lspconfig/lua/lspconfig/configs/reason_ls.lua , size = 0.721 KB
[10:15:17.692][info] [#0:script/workspace/loading.lua:100]: Preload file at: file:///home/nattz/.config/nvim/pack/nvim/start/nvim-lspconfig/lua/lspconfig/configs/mesonlsp.lua , size = 0.701 KB
[10:15:17.694][info] [#0:script/workspace/loading.lua:100]: Preload file at: file:///home/nattz/.config/nvim/pack/nvim/start/nvim-lspconfig/lua/lspconfig/configs/rune_languageserver.lua , size = 0.794 KB
[10:15:17.697][info] [#0:script/workspace/loading.lua:100]: Preload file at: file:///home/nattz/.config/nvim/pack/nvim/start/nvim-lspconfig/lua/lspconfig/configs/pylyzer.lua , size = 1.133 KB
[10:15:17.699][info] [#0:script/workspace/loading.lua:100]: Preload file at: file:///home/nattz/.config/nvim/pack/nvim/start/nvim-lspconfig/lua/lspconfig/configs/slint_lsp.lua , size = 0.949 KB
[10:15:17.701][info] [#0:script/workspace/loading.lua:100]: Preload file at: file:///home/nattz/.config/nvim/pack/nvim/start/nvim-lspconfig/lua/lspconfig/configs/htmx.lua , size = 1.627 KB
[10:15:17.704][info] [#0:script/workspace/loading.lua:100]: Preload file at: file:///home/nattz/.config/nvim/pack/nvim/start/nvim-lspconfig/lua/lspconfig/configs/mutt_ls.lua , size = 0.817 KB
[10:15:17.705][info] [#0:script/workspace/loading.lua:100]: Preload file at: file:///home/nattz/.config/nvim/pack/nvim/start/nvim-lspconfig/lua/lspconfig/configs/bashls.lua , size = 1.334 KB
[10:15:17.706][info] [#0:script/workspace/loading.lua:100]: Preload file at: file:///home/nattz/.config/nvim/pack/nvim/start/nvim-lspconfig/lua/lspconfig/configs/nginx_language_server.lua , size = 0.866 KB
[10:15:17.706][info] [#0:script/workspace/loading.lua:100]: Preload file at: file:///home/nattz/.config/nvim/pack/nvim/start/nvim-lspconfig/lua/lspconfig/configs/twiggy_language_server.lua , size = 0.741 KB
[10:15:17.707][info] [#0:script/workspace/loading.lua:100]: Preload file at: file:///home/nattz/.config/nvim/pack/nvim/start/nvim-lspconfig/lua/lspconfig/configs/fortls.lua , size = 1.171 KB
[10:15:17.707][info] [#0:script/workspace/loading.lua:100]: Preload file at: file:///home/nattz/.config/nvim/pack/nvim/start/nvim-lspconfig/lua/lspconfig/configs/teal_ls.lua , size = 1.030 KB
[10:15:17.708][info] [#0:script/workspace/loading.lua:100]: Preload file at: file:///home/nattz/.config/nvim/pack/nvim/start/nvim-lspconfig/lua/lspconfig/configs/autohotkey_lsp.lua , size = 1.910 KB
[10:15:17.708][info] [#0:script/workspace/loading.lua:100]: Preload file at: file:///home/nattz/.config/nvim/pack/nvim/start/nvim-lspconfig/lua/lspconfig/configs/lean3ls.lua , size = 1.632 KB
[10:15:17.709][info] [#0:script/workspace/loading.lua:100]: Preload file at: file:///home/nattz/.config/nvim/pack/nvim/start/nvim-lspconfig/lua/lspconfig/configs/quick_lint_js.lua , size = 0.782 KB
[10:15:17.710][info] [#0:script/workspace/loading.lua:100]: Preload file at: file:///home/nattz/.config/nvim/pack/nvim/start/nvim-lspconfig/lua/lspconfig/configs/alloy_ls.lua , size = 1.059 KB
[10:15:17.710][info] [#0:script/workspace/loading.lua:100]: Preload file at: file:///home/nattz/.config/nvim/pack/nvim/start/nvim-lspconfig/lua/lspconfig/configs/emmet_language_server.lua , size = 0.949 KB
[10:15:17.711][info] [#0:script/workspace/loading.lua:100]: Preload file at: file:///home/nattz/.config/nvim/pack/nvim/start/nvim-lspconfig/lua/lspconfig/configs/gdscript.lua , size = 0.761 KB
[10:15:17.711][info] [#0:script/workspace/loading.lua:100]: Preload file at: file:///home/nattz/.config/nvim/pack/nvim/start/nvim-lspconfig/lua/lspconfig/configs/vala_ls.lua , size = 1.229 KB
[10:15:17.712][info] [#0:script/workspace/loading.lua:100]: Preload file at: file:///home/nattz/.config/nvim/pack/nvim/start/nvim-lspconfig/lua/lspconfig/configs/debputy.lua , size = 0.682 KB
[10:15:17.712][info] [#0:script/workspace/loading.lua:100]: Preload file at: file:///home/nattz/.config/nvim/pack/nvim/start/nvim-lspconfig/lua/lspconfig/configs/ginko_ls.lua , size = 0.885 KB
[10:15:17.713][info] [#0:script/workspace/loading.lua:100]: Preload file at: file:///home/nattz/.config/nvim/pack/nvim/start/nvim-lspconfig/lua/lspconfig/configs/ecsact.lua , size = 0.779 KB
[10:15:17.713][info] [#0:script/workspace/loading.lua:100]: Preload file at: file:///home/nattz/.config/nvim/pack/nvim/start/nvim-lspconfig/lua/lspconfig/configs/solc.lua , size = 0.689 KB
[10:15:17.713][info] [#0:script/workspace/loading.lua:100]: Preload file at: file:///home/nattz/.config/nvim/pack/nvim/start/nvim-lspconfig/lua/lspconfig/configs/graphql.lua , size = 1.025 KB
[10:15:17.714][info] [#0:script/workspace/loading.lua:100]: Preload file at: file:///home/nattz/.config/nvim/pack/nvim/start/nvim-lspconfig/lua/lspconfig/configs/mojo.lua , size = 0.919 KB
[10:15:17.714][info] [#0:script/workspace/loading.lua:100]: Preload file at: file:///home/nattz/.config/nvim/pack/nvim/start/nvim-lspconfig/lua/lspconfig/configs/grammarly.lua , size = 1.157 KB
[10:15:17.715][info] [#0:script/workspace/loading.lua:100]: Preload file at: file:///home/nattz/.config/nvim/pack/nvim/start/nvim-lspconfig/lua/lspconfig/configs/pyright.lua , size = 2.253 KB
[10:15:17.716][info] [#0:script/workspace/loading.lua:100]: Preload file at: file:///home/nattz/.config/nvim/pack/nvim/start/nvim-lspconfig/lua/lspconfig/configs/css_variables.lua , size = 1.568 KB
[10:15:17.716][info] [#0:script/workspace/loading.lua:100]: Preload file at: file:///home/nattz/.config/nvim/pack/nvim/start/nvim-lspconfig/lua/lspconfig/configs/syntax_tree.lua , size = 0.962 KB
[10:15:17.717][info] [#0:script/workspace/loading.lua:100]: Preload file at: file:///home/nattz/.config/nvim/pack/nvim/start/nvim-lspconfig/lua/lspconfig/configs/crystalline.lua , size = 0.766 KB
[10:15:17.717][info] [#0:script/workspace/loading.lua:100]: Preload file at: file:///home/nattz/.config/nvim/pack/nvim/start/nvim-lspconfig/lua/lspconfig/configs/esbonio.lua , size = 1.816 KB
[10:15:17.717][info] [#0:script/workspace/loading.lua:100]: Preload file at: file:///home/nattz/.config/nvim/pack/nvim/start/nvim-lspconfig/lua/lspconfig/configs/autotools_ls.lua , size = 0.964 KB
[10:15:17.718][info] [#0:script/workspace/loading.lua:100]: Preload file at: file:///home/nattz/.config/nvim/pack/nvim/start/nvim-lspconfig/lua/lspconfig/configs/dolmenls.lua , size = 0.773 KB
[10:15:17.718][info] [#0:script/workspace/loading.lua:100]: Preload file at: file:///home/nattz/.config/nvim/pack/nvim/start/nvim-lspconfig/lua/lspconfig/configs/perlnavigator.lua , size = 1.243 KB
[10:15:17.719][info] [#0:script/workspace/loading.lua:100]: Preload file at: file:///home/nattz/.config/nvim/pack/nvim/start/nvim-lspconfig/lua/lspconfig/configs/relay_lsp.lua , size = 4.087 KB
[10:15:17.720][info] [#0:script/workspace/loading.lua:100]: Preload file at: file:///home/nattz/.config/nvim/pack/nvim/start/nvim-lspconfig/lua/lspconfig/configs/emmet_ls.lua , size = 0.945 KB
[10:15:17.721][info] [#0:script/workspace/loading.lua:100]: Preload file at: file:///home/nattz/.config/nvim/pack/nvim/start/nvim-lspconfig/lua/lspconfig/configs/markdown_oxide.lua , size = 1.401 KB
[10:15:17.721][info] [#0:script/workspace/loading.lua:100]: Preload file at: file:///home/nattz/.config/nvim/pack/nvim/start/nvim-lspconfig/lua/lspconfig/configs/foam_ls.lua , size = 0.861 KB
[10:15:17.722][info] [#0:script/workspace/loading.lua:100]: Preload file at: file:///home/nattz/.config/nvim/pack/nvim/start/nvim-lspconfig/lua/lspconfig/configs/ocamllsp.lua , size = 1.202 KB
[10:15:17.722][info] [#0:script/workspace/loading.lua:100]: Preload file at: file:///home/nattz/.config/nvim/pack/nvim/start/nvim-lspconfig/lua/lspconfig/configs/java_language_server.lua , size = 0.762 KB
[10:15:17.722][info] [#0:script/workspace/loading.lua:100]: Preload file at: file:///home/nattz/.config/nvim/pack/nvim/start/nvim-lspconfig/lua/lspconfig/configs/sqlls.lua , size = 0.852 KB
[10:15:17.723][info] [#0:script/workspace/loading.lua:100]: Preload file at: file:///home/nattz/.config/nvim/pack/nvim/start/nvim-lspconfig/lua/lspconfig/configs/unison.lua , size = 0.681 KB
[10:15:17.723][info] [#0:script/workspace/loading.lua:100]: Preload file at: file:///home/nattz/.config/nvim/pack/nvim/start/nvim-lspconfig/lua/lspconfig/configs/fsautocomplete.lua , size = 2.301 KB
[10:15:17.724][info] [#0:script/workspace/loading.lua:100]: Preload file at: file:///home/nattz/.config/nvim/pack/nvim/start/nvim-lspconfig/lua/lspconfig/configs/textlsp.lua , size = 1.800 KB
[10:15:17.724][info] [#0:script/workspace/loading.lua:100]: Preload file at: file:///home/nattz/.config/nvim/pack/nvim/start/nvim-lspconfig/lua/lspconfig/configs/eslint.lua , size = 5.939 KB
[10:15:17.726][info] [#0:script/workspace/loading.lua:100]: Preload file at: file:///home/nattz/.config/nvim/pack/nvim/start/nvim-lspconfig/lua/lspconfig/configs/vimls.lua , size = 1.176 KB
[10:15:17.727][info] [#0:script/workspace/loading.lua:100]: Preload file at: file:///home/nattz/.config/nvim/pack/nvim/start/nvim-lspconfig/lua/lspconfig/configs/ols.lua , size = 0.641 KB
[10:15:17.727][info] [#0:script/workspace/loading.lua:100]: Preload file at: file:///home/nattz/.config/nvim/pack/nvim/start/nvim-lspconfig/lua/lspconfig/configs/cairo_ls.lua , size = 1.060 KB
[10:15:17.727][info] [#0:script/workspace/loading.lua:100]: Preload file at: file:///home/nattz/.config/nvim/pack/nvim/start/nvim-lspconfig/lua/lspconfig/configs/superhtml.lua , size = 1.029 KB
[10:15:17.728][info] [#0:script/workspace/loading.lua:100]: Preload file at: file:///home/nattz/.config/nvim/pack/nvim/start/nvim-lspconfig/lua/lspconfig/configs/denols.lua , size = 3.382 KB
[10:15:17.729][info] [#0:script/workspace/loading.lua:100]: Preload file at: file:///home/nattz/.config/nvim/pack/nvim/start/nvim-lspconfig/lua/lspconfig/configs/solidity_ls.lua , size = 1.080 KB
[10:15:17.730][info] [#0:script/workspace/loading.lua:100]: Preload file at: file:///home/nattz/.config/nvim/pack/nvim/start/nvim-lspconfig/lua/lspconfig/configs/efm.lua , size = 1.725 KB
[10:15:17.730][info] [#0:script/workspace/loading.lua:100]: Preload file at: file:///home/nattz/.config/nvim/pack/nvim/start/nvim-lspconfig/lua/lspconfig/configs/marko-js.lua , size = 0.826 KB
[10:15:17.731][info] [#0:script/workspace/loading.lua:100]: Preload file at: file:///home/nattz/.config/nvim/pack/nvim/start/nvim-lspconfig/lua/lspconfig/configs/starlark_rust.lua , size = 0.931 KB
[10:15:17.731][info] [#0:script/workspace/loading.lua:100]: Preload file at: file:///home/nattz/.config/nvim/pack/nvim/start/nvim-lspconfig/lua/lspconfig/configs/glasgow.lua , size = 1.184 KB
[10:15:17.731][info] [#0:script/workspace/loading.lua:100]: Preload file at: file:///home/nattz/.config/nvim/pack/nvim/start/nvim-lspconfig/lua/lspconfig/configs/nim_langserver.lua , size = 0.847 KB
[10:15:17.732][info] [#0:script/workspace/loading.lua:100]: Preload file at: file:///home/nattz/.config/nvim/pack/nvim/start/nvim-lspconfig/lua/lspconfig/configs/biome.lua , size = 1.144 KB
[10:15:17.732][info] [#0:script/workspace/loading.lua:100]: Preload file at: file:///home/nattz/.config/nvim/pack/nvim/start/nvim-lspconfig/lua/lspconfig/configs/dprint.lua , size = 0.954 KB
[10:15:17.733][info] [#0:script/workspace/loading.lua:100]: Preload file at: file:///home/nattz/.config/nvim/pack/nvim/start/nvim-lspconfig/lua/lspconfig/configs/beancount.lua , size = 0.839 KB
[10:15:17.733][info] [#0:script/workspace/loading.lua:100]: Preload file at: file:///home/nattz/.config/nvim/pack/nvim/start/nvim-lspconfig/lua/lspconfig/configs/arduino_language_server.lua , size = 2.785 KB
[10:15:17.734][info] [#0:script/workspace/loading.lua:100]: Preload file at: file:///home/nattz/.config/nvim/pack/nvim/start/nvim-lspconfig/lua/lspconfig/configs/steep.lua , size = 0.712 KB
[10:15:17.734][info] [#0:script/workspace/loading.lua:100]: Preload file at: file:///home/nattz/.config/nvim/pack/nvim/start/nvim-lspconfig/lua/lspconfig/configs/cmake.lua , size = 0.815 KB
[10:15:17.735][info] [#0:script/workspace/loading.lua:100]: Preload file at: file:///home/nattz/.config/nvim/pack/nvim/start/nvim-lspconfig/lua/lspconfig/configs/prismals.lua , size = 0.815 KB
[10:15:17.735][info] [#0:script/workspace/loading.lua:100]: Preload file at: file:///home/nattz/.config/nvim/pack/nvim/start/nvim-lspconfig/lua/lspconfig/configs/typst_lsp.lua , size = 0.680 KB
[10:15:17.736][info] [#0:script/workspace/loading.lua:100]: Preload file at: file:///home/nattz/.config/nvim/pack/nvim/start/nvim-lspconfig/lua/lspconfig/configs/fsharp_language_server.lua , size = 1.286 KB
[10:15:17.736][info] [#0:script/workspace/loading.lua:100]: Preload file at: file:///home/nattz/.config/nvim/pack/nvim/start/nvim-lspconfig/lua/lspconfig/configs/nixd.lua , size = 0.930 KB
[10:15:17.737][info] [#0:script/workspace/loading.lua:100]: Preload file at: file:///home/nattz/.config/nvim/pack/nvim/start/nvim-lspconfig/lua/lspconfig/configs/elixirls.lua , size = 1.954 KB
[10:15:17.737][info] [#0:script/workspace/loading.lua:100]: Preload file at: file:///home/nattz/.config/nvim/pack/nvim/start/nvim-lspconfig/lua/lspconfig/configs/gradle_ls.lua , size = 1.133 KB
[10:15:17.738][info] [#0:script/workspace/loading.lua:100]: Preload file at: file:///home/nattz/.config/nvim/pack/nvim/start/nvim-lspconfig/lua/lspconfig/configs/yang_lsp.lua , size = 0.681 KB
[10:15:17.738][info] [#0:script/workspace/loading.lua:100]: Preload file at: file:///home/nattz/.config/nvim/pack/nvim/start/nvim-lspconfig/lua/lspconfig/configs/dafny.lua , size = 0.980 KB
[10:15:17.739][info] [#0:script/workspace/loading.lua:100]: Preload file at: file:///home/nattz/.config/nvim/pack/nvim/start/nvim-lspconfig/lua/lspconfig/configs/ada_ls.lua , size = 1.179 KB
[10:15:17.739][info] [#0:script/workspace/loading.lua:100]: Preload file at: file:///home/nattz/.config/nvim/pack/nvim/start/nvim-lspconfig/lua/lspconfig/configs/jsonnet_ls.lua , size = 1.388 KB
[10:15:17.740][info] [#0:script/workspace/loading.lua:100]: Preload file at: file:///home/nattz/.config/nvim/pack/nvim/start/nvim-lspconfig/lua/lspconfig/configs/elp.lua , size = 0.759 KB
[10:15:17.740][info] [#0:script/workspace/loading.lua:100]: Preload file at: file:///home/nattz/.config/nvim/pack/nvim/start/nvim-lspconfig/lua/lspconfig/configs/pyre.lua , size = 0.811 KB
[10:15:17.741][info] [#0:script/workspace/loading.lua:100]: Preload file at: file:///home/nattz/.config/nvim/pack/nvim/start/nvim-lspconfig/lua/lspconfig/configs/robotframework_ls.lua , size = 0.830 KB
[10:15:17.742][info] [#0:script/workspace/loading.lua:100]: Preload file at: file:///home/nattz/.config/nvim/pack/nvim/start/nvim-lspconfig/lua/lspconfig/configs/standardrb.lua , size = 0.653 KB
[10:15:17.742][info] [#0:script/workspace/loading.lua:100]: Preload file at: file:///home/nattz/.config/nvim/pack/nvim/start/nvim-lspconfig/lua/lspconfig/configs/prosemd_lsp.lua , size = 0.805 KB
[10:15:17.742][info] [#0:script/workspace/loading.lua:100]: Preload file at: file:///home/nattz/.config/nvim/pack/nvim/start/nvim-lspconfig/lua/lspconfig/configs/please.lua , size = 0.774 KB
[10:15:17.743][info] [#0:script/workspace/loading.lua:100]: Preload file at: file:///home/nattz/.config/nvim/pack/nvim/start/nvim-lspconfig/lua/lspconfig/configs/c3_lsp.lua , size = 0.678 KB
[10:15:17.744][info] [#0:script/workspace/loading.lua:100]: Preload file at: file:///home/nattz/.config/nvim/pack/nvim/start/nvim-lspconfig/lua/lspconfig/configs/fennel_language_server.lua , size = 0.740 KB
[10:15:17.744][info] [#0:script/workspace/loading.lua:100]: Preload file at: file:///home/nattz/.config/nvim/pack/nvim/start/nvim-lspconfig/lua/lspconfig/configs/ziggy.lua , size = 0.718 KB
[10:15:17.744][info] [#0:script/workspace/loading.lua:100]: Preload file at: file:///home/nattz/.config/nvim/pack/nvim/start/nvim-lspconfig/lua/lspconfig/configs/laravel_ls.lua , size = 0.718 KB
[10:15:17.745][info] [#0:script/workspace/loading.lua:100]: Preload file at: file:///home/nattz/.config/nvim/pack/nvim/start/nvim-lspconfig/lua/lspconfig/configs/visualforce_ls.lua , size = 1.186 KB
[10:15:17.745][info] [#0:script/workspace/loading.lua:100]: Preload file at: file:///home/nattz/.config/nvim/pack/nvim/start/nvim-lspconfig/lua/lspconfig/configs/nelua_lsp.lua , size = 1.426 KB
[10:15:17.746][info] [#0:script/workspace/loading.lua:100]: Preload file at: file:///home/nattz/.config/nvim/pack/nvim/start/nvim-lspconfig/lua/lspconfig/configs/texlab.lua , size = 7.394 KB
[10:15:17.749][info] [#0:script/workspace/loading.lua:100]: Preload file at: file:///home/nattz/.config/nvim/pack/nvim/start/nvim-lspconfig/lua/lspconfig/configs/lelwel_ls.lua , size = 0.735 KB
[10:15:17.750][info] [#0:script/workspace/loading.lua:100]: Preload file at: file:///home/nattz/.config/nvim/pack/nvim/start/nvim-lspconfig/lua/lspconfig/configs/sourcekit.lua , size = 1.489 KB
[10:15:17.751][info] [#0:script/workspace/loading.lua:100]: Preload file at: file:///home/nattz/.config/nvim/pack/nvim/start/nvim-lspconfig/lua/lspconfig/configs/nextls.lua , size = 0.924 KB
[10:15:17.751][info] [#0:script/workspace/loading.lua:100]: Preload file at: file:///home/nattz/.config/nvim/pack/nvim/start/nvim-lspconfig/lua/lspconfig/configs/aiken.lua , size = 0.759 KB
[10:15:17.752][info] [#0:script/workspace/loading.lua:100]: Preload file at: file:///home/nattz/.config/nvim/pack/nvim/start/nvim-lspconfig/lua/lspconfig/configs/mm0_ls.lua , size = 0.827 KB
[10:15:17.752][info] [#0:script/workspace/loading.lua:100]: Preload file at: file:///home/nattz/.config/nvim/pack/nvim/start/nvim-lspconfig/lua/lspconfig/configs/dartls.lua , size = 0.982 KB
[10:15:17.753][info] [#0:script/workspace/loading.lua:100]: Preload file at: file:///home/nattz/.config/nvim/pack/nvim/start/nvim-lspconfig/lua/lspconfig/configs/marksman.lua , size = 1.147 KB
[10:15:17.753][info] [#0:script/workspace/loading.lua:100]: Preload file at: file:///home/nattz/.config/nvim/pack/nvim/start/nvim-lspconfig/lua/lspconfig/configs/vhdl_ls.lua , size = 1.435 KB
[10:15:17.754][info] [#0:script/workspace/loading.lua:100]: Preload file at: file:///home/nattz/.config/nvim/pack/nvim/start/nvim-lspconfig/lua/lspconfig/configs/pkgbuild_language_server.lua , size = 0.706 KB
[10:15:17.755][info] [#0:script/workspace/loading.lua:100]: Preload file at: file:///home/nattz/.config/nvim/pack/nvim/start/nvim-lspconfig/lua/lspconfig/configs/protols.lua , size = 0.803 KB
[10:15:17.755][info] [#0:script/workspace/loading.lua:100]: Preload file at: file:///home/nattz/.config/nvim/pack/nvim/start/nvim-lspconfig/lua/lspconfig/configs/uiua.lua , size = 0.827 KB
[10:15:17.756][info] [#0:script/workspace/loading.lua:100]: Preload file at: file:///home/nattz/.config/nvim/pack/nvim/start/nvim-lspconfig/lua/lspconfig/configs/jqls.lua , size = 1.014 KB
[10:15:17.756][info] [#0:script/workspace/loading.lua:100]: Preload file at: file:///home/nattz/.config/nvim/pack/nvim/start/nvim-lspconfig/lua/lspconfig/configs/vdmj.lua , size = 4.028 KB
[10:15:17.758][info] [#0:script/workspace/loading.lua:100]: Preload file at: file:///home/nattz/.config/nvim/pack/nvim/start/nvim-lspconfig/lua/lspconfig/configs/dotls.lua , size = 0.773 KB
[10:15:17.758][info] [#0:script/workspace/loading.lua:100]: Preload file at: file:///home/nattz/.config/nvim/pack/nvim/start/nvim-lspconfig/lua/lspconfig/configs/glslls.lua , size = 1.066 KB
[10:15:17.759][info] [#0:script/workspace/loading.lua:100]: Preload file at: file:///home/nattz/.config/nvim/pack/nvim/start/nvim-lspconfig/lua/lspconfig/configs/powershell_es.lua , size = 2.589 KB
[10:15:17.760][info] [#0:script/workspace/loading.lua:100]: Preload file at: file:///home/nattz/.config/nvim/pack/nvim/start/nvim-lspconfig/lua/lspconfig/configs/astro.lua , size = 1.088 KB
[10:15:17.760][info] [#0:script/workspace/loading.lua:100]: Preload file at: file:///home/nattz/.config/nvim/pack/nvim/start/nvim-lspconfig/lua/lspconfig/configs/bsl_ls.lua , size = 0.714 KB
[10:15:17.761][info] [#0:script/workspace/loading.lua:100]: Preload file at: file:///home/nattz/.config/nvim/pack/nvim/start/nvim-lspconfig/lua/lspconfig/configs/haxe_language_server.lua , size = 1.996 KB
[10:15:17.762][info] [#0:script/workspace/loading.lua:100]: Preload file at: file:///home/nattz/.config/nvim/pack/nvim/start/nvim-lspconfig/lua/lspconfig/configs/salt_ls.lua , size = 0.779 KB
[10:15:17.762][info] [#0:script/workspace/loading.lua:100]: Preload file at: file:///home/nattz/.config/nvim/pack/nvim/start/nvim-lspconfig/lua/lspconfig/configs/spectral.lua , size = 1.186 KB
[10:15:17.763][info] [#0:script/workspace/loading.lua:100]: Preload file at: file:///home/nattz/.config/nvim/pack/nvim/start/nvim-lspconfig/lua/lspconfig/configs/rpmspec.lua , size = 0.857 KB
[10:15:17.763][info] [#0:script/workspace/loading.lua:100]: Preload file at: file:///home/nattz/.config/nvim/pack/nvim/start/nvim-lspconfig/lua/lspconfig/configs/starpls.lua , size = 0.726 KB
[10:15:17.763][info] [#0:script/workspace/loading.lua:100]: Preload file at: file:///home/nattz/.config/nvim/pack/nvim/start/nvim-lspconfig/lua/lspconfig/configs/jinja_lsp.lua , size = 1.057 KB
[10:15:17.764][info] [#0:script/workspace/loading.lua:100]: Preload file at: file:///home/nattz/.config/nvim/pack/nvim/start/nvim-lspconfig/lua/lspconfig/configs/ds_pinyin_lsp.lua , size = 2.654 KB
[10:15:17.765][info] [#0:script/workspace/loading.lua:100]: Preload file at: file:///home/nattz/.config/nvim/pack/nvim/start/nvim-lspconfig/lua/lspconfig/configs/robotcode.lua , size = 1.018 KB
[10:15:17.765][info] [#0:script/workspace/loading.lua:100]: Preload file at: file:///home/nattz/.config/nvim/pack/nvim/start/nvim-lspconfig/lua/lspconfig/configs/openscad_lsp.lua , size = 0.815 KB
[10:15:17.766][info] [#0:script/workspace/loading.lua:100]: Preload file at: file:///home/nattz/.config/nvim/pack/nvim/start/nvim-lspconfig/lua/lspconfig/configs/angularls.lua , size = 3.303 KB
[10:15:17.767][info] [#0:script/workspace/loading.lua:100]: Preload file at: file:///home/nattz/.config/nvim/pack/nvim/start/nvim-lspconfig/lua/lspconfig/configs/ts_query_ls.lua , size = 1.354 KB
[10:15:17.768][info] [#0:script/workspace/loading.lua:100]: Preload file at: file:///home/nattz/.config/nvim/pack/nvim/start/nvim-lspconfig/lua/lspconfig/configs/phan.lua , size = 1.014 KB
[10:15:17.768][info] [#0:script/workspace/loading.lua:100]: Preload file at: file:///home/nattz/.config/nvim/pack/nvim/start/nvim-lspconfig/lua/lspconfig/configs/solargraph.lua , size = 0.837 KB
[10:15:17.769][info] [#0:script/workspace/loading.lua:100]: Preload file at: file:///home/nattz/.config/nvim/pack/nvim/start/nvim-lspconfig/lua/lspconfig/configs/theme_check.lua , size = 0.979 KB
[10:15:17.769][info] [#0:script/workspace/loading.lua:100]: Preload file at: file:///home/nattz/.config/nvim/pack/nvim/start/nvim-lspconfig/lua/lspconfig/configs/stimulus_ls.lua , size = 0.818 KB
[10:15:17.769][info] [#0:script/workspace/loading.lua:100]: Preload file at: file:///home/nattz/.config/nvim/pack/nvim/start/nvim-lspconfig/lua/lspconfig/configs/tsp_server.lua , size = 0.814 KB
[10:15:17.770][info] [#0:script/workspace/loading.lua:100]: Preload file at: file:///home/nattz/.config/nvim/pack/nvim/start/nvim-lspconfig/lua/lspconfig/configs/qmlls.lua , size = 0.871 KB
[10:15:17.770][info] [#0:script/workspace/loading.lua:100]: Preload file at: file:///home/nattz/.config/nvim/pack/nvim/start/nvim-lspconfig/lua/lspconfig/configs/dts_lsp.lua , size = 1.042 KB
[10:15:17.771][info] [#0:script/workspace/loading.lua:100]: Preload file at: file:///home/nattz/.config/nvim/pack/nvim/start/nvim-lspconfig/lua/lspconfig/configs/typeprof.lua , size = 0.675 KB
[10:15:17.771][info] [#0:script/workspace/loading.lua:100]: Preload file at: file:///home/nattz/.config/nvim/pack/nvim/start/nvim-lspconfig/lua/lspconfig/configs/kcl.lua , size = 0.645 KB
[10:15:17.772][info] [#0:script/workspace/loading.lua:100]: Preload file at: file:///home/nattz/.config/nvim/pack/nvim/start/nvim-lspconfig/lua/lspconfig/configs/sqls.lua , size = 0.937 KB
[10:15:17.772][info] [#0:script/workspace/loading.lua:100]: Preload file at: file:///home/nattz/.config/nvim/pack/nvim/start/nvim-lspconfig/lua/lspconfig/configs/cypher_ls.lua , size = 0.988 KB
[10:15:17.773][info] [#0:script/workspace/loading.lua:100]: Preload file at: file:///home/nattz/.config/nvim/pack/nvim/start/nvim-lspconfig/lua/lspconfig/configs/gh_actions_ls.lua , size = 2.029 KB
[10:15:17.774][info] [#0:script/workspace/loading.lua:100]: Preload file at: file:///home/nattz/.config/nvim/pack/nvim/start/nvim-lspconfig/lua/lspconfig/configs/hyprls.lua , size = 0.769 KB
[10:15:17.774][info] [#0:script/workspace/loading.lua:100]: Preload file at: file:///home/nattz/.config/nvim/pack/nvim/start/nvim-lspconfig/lua/lspconfig/configs/spyglassmc_language_server.lua , size = 1.084 KB
[10:15:17.774][info] [#0:script/workspace/loading.lua:100]: Preload file at: file:///home/nattz/.config/nvim/pack/nvim/start/nvim-lspconfig/lua/lspconfig/configs/buck2.lua , size = 0.805 KB
[10:15:17.775][info] [#0:script/workspace/loading.lua:100]: Preload file at: file:///home/nattz/.config/nvim/pack/nvim/start/nvim-lspconfig/lua/lspconfig/configs/coq_lsp.lua , size = 0.732 KB
[10:15:17.775][info] [#0:script/workspace/loading.lua:100]: Preload file at: file:///home/nattz/.config/nvim/pack/nvim/start/nvim-lspconfig/lua/lspconfig/configs/motoko_lsp.lua , size = 0.743 KB
[10:15:17.776][info] [#0:script/workspace/loading.lua:100]: Preload file at: file:///home/nattz/.config/nvim/pack/nvim/start/nvim-lspconfig/lua/lspconfig/configs/systemd_ls.lua , size = 0.815 KB
[10:15:17.776][info] [#0:script/workspace/loading.lua:100]: Preload file at: file:///home/nattz/.config/nvim/pack/nvim/start/nvim-lspconfig/lua/lspconfig/configs/mdx_analyzer.lua , size = 1.036 KB
[10:15:17.777][info] [#0:script/workspace/loading.lua:100]: Preload file at: file:///home/nattz/.config/nvim/pack/nvim/start/nvim-lspconfig/lua/lspconfig/configs/hlasm.lua , size = 0.868 KB
[10:15:17.777][info] [#0:script/workspace/loading.lua:100]: Preload file at: file:///home/nattz/.config/nvim/pack/nvim/start/nvim-lspconfig/lua/lspconfig/configs/turtle_ls.lua , size = 1.626 KB
[10:15:17.778][info] [#0:script/workspace/loading.lua:100]: Preload file at: file:///home/nattz/.config/nvim/pack/nvim/start/nvim-lspconfig/lua/lspconfig/configs/smithy_ls.lua , size = 0.863 KB
[10:15:17.779][info] [#0:script/workspace/loading.lua:100]: Preload file at: file:///home/nattz/.config/nvim/pack/nvim/start/nvim-lspconfig/lua/lspconfig/configs/ember.lua , size = 0.824 KB
[10:15:17.779][info] [#0:script/workspace/loading.lua:100]: Preload file at: file:///home/nattz/.config/nvim/pack/nvim/start/nvim-lspconfig/lua/lspconfig/configs/apex_ls.lua , size = 1.850 KB
[10:15:17.780][info] [#0:script/workspace/loading.lua:100]: Preload file at: file:///home/nattz/.config/nvim/pack/nvim/start/nvim-lspconfig/lua/lspconfig/configs/basedpyright.lua , size = 2.299 KB
[10:15:17.781][info] [#0:script/workspace/loading.lua:100]: Preload file at: file:///home/nattz/.config/nvim/pack/nvim/start/nvim-lspconfig/lua/lspconfig/configs/pest_ls.lua , size = 0.702 KB
[10:15:17.782][info] [#0:script/workspace/loading.lua:100]: Preload file at: file:///home/nattz/.config/nvim/pack/nvim/start/nvim-lspconfig/lua/lspconfig/configs/azure_pipelines_ls.lua , size = 1.571 KB
[10:15:17.782][info] [#0:script/workspace/loading.lua:100]: Preload file at: file:///home/nattz/.config/nvim/pack/nvim/start/nvim-lspconfig/lua/lspconfig/configs/hdl_checker.lua , size = 0.768 KB
[10:15:17.783][info] [#0:script/workspace/loading.lua:100]: Preload file at: file:///home/nattz/.config/nvim/pack/nvim/start/nvim-lspconfig/lua/lspconfig/configs/serve_d.lua , size = 0.794 KB
[10:15:17.784][info] [#0:script/workspace/loading.lua:100]: Preload file at: file:///home/nattz/.config/nvim/pack/nvim/start/nvim-lspconfig/lua/lspconfig/configs/racket_langserver.lua , size = 1.000 KB
[10:15:17.784][info] [#0:script/workspace/loading.lua:100]: Preload file at: file:///home/nattz/.config/nvim/pack/nvim/start/nvim-lspconfig/lua/lspconfig/configs/pact_ls.lua , size = 0.677 KB
[10:15:17.785][info] [#0:script/workspace/loading.lua:100]: Preload file at: file:///home/nattz/.config/nvim/pack/nvim/start/nvim-lspconfig/lua/lspconfig/configs/terraform_lsp.lua , size = 1.658 KB
[10:15:17.785][info] [#0:script/workspace/loading.lua:100]: Preload file at: file:///home/nattz/.config/nvim/pack/nvim/start/nvim-lspconfig/lua/lspconfig/configs/neocmake.lua , size = 1.246 KB
[10:15:17.786][info] [#0:script/workspace/loading.lua:100]: Preload file at: file:///home/nattz/.config/nvim/pack/nvim/start/nvim-lspconfig/lua/lspconfig/configs/cssls.lua , size = 1.524 KB
[10:15:17.786][info] [#0:script/workspace/loading.lua:100]: Preload file at: file:///home/nattz/.config/nvim/pack/nvim/start/nvim-lspconfig/lua/lspconfig/configs/erlangls.lua , size = 1.049 KB
[10:15:17.787][info] [#0:script/workspace/loading.lua:100]: Preload file at: file:///home/nattz/.config/nvim/pack/nvim/start/nvim-lspconfig/lua/lspconfig/configs/diagnosticls.lua , size = 0.873 KB
[10:15:17.787][info] [#0:script/workspace/loading.lua:100]: Preload file at: file:///home/nattz/.config/nvim/pack/nvim/start/nvim-lspconfig/lua/lspconfig/configs/idris2_lsp.lua , size = 1.919 KB
[10:15:17.788][info] [#0:script/workspace/loading.lua:100]: Preload file at: file:///home/nattz/.config/nvim/pack/nvim/start/nvim-lspconfig/lua/lspconfig/configs/flow.lua , size = 0.802 KB
[10:15:17.788][info] [#0:script/workspace/loading.lua:100]: Preload file at: file:///home/nattz/.config/nvim/pack/nvim/start/nvim-lspconfig/lua/lspconfig/configs/leanls.lua , size = 1.794 KB
[10:15:17.789][info] [#0:script/workspace/loading.lua:100]: Preload file at: file:///home/nattz/.config/nvim/pack/nvim/start/nvim-lspconfig/lua/lspconfig/configs/oxlint.lua , size = 1.365 KB
[10:15:17.789][info] [#0:script/workspace/loading.lua:100]: Preload file at: file:///home/nattz/.config/nvim/pack/nvim/start/nvim-lspconfig/lua/lspconfig/configs/earthlyls.lua , size = 0.619 KB
[10:15:17.790][info] [#0:script/workspace/loading.lua:100]: Preload file at: file:///home/nattz/.config/nvim/pack/nvim/start/nvim-lspconfig/lua/lspconfig/configs/turbo_ls.lua , size = 0.778 KB
[10:15:17.790][info] [#0:script/workspace/loading.lua:100]: Preload file at: file:///home/nattz/.config/nvim/pack/nvim/start/nvim-lspconfig/lua/lspconfig/configs/regal.lua , size = 0.896 KB
[10:15:17.791][info] [#0:script/workspace/loading.lua:100]: Preload file at: file:///home/nattz/.config/nvim/pack/nvim/start/nvim-lspconfig/lua/lspconfig/configs/solang.lua , size = 0.962 KB
[10:15:17.791][info] [#0:script/workspace/loading.lua:100]: Preload file at: file:///home/nattz/.config/nvim/pack/nvim/start/nvim-lspconfig/lua/lspconfig/configs/pbls.lua , size = 0.762 KB
[10:15:17.792][info] [#0:script/workspace/loading.lua:100]: Preload file at: file:///home/nattz/.config/nvim/pack/nvim/start/nvim-lspconfig/lua/lspconfig/configs/rls.lua , size = 1.143 KB
[10:15:17.792][info] [#0:script/workspace/loading.lua:100]: Preload file at: file:///home/nattz/.config/nvim/pack/nvim/start/nvim-lspconfig/lua/lspconfig/configs/tinymist.lua , size = 3.747 KB
[10:15:17.794][info] [#0:script/workspace/loading.lua:100]: Preload file at: file:///home/nattz/.config/nvim/pack/nvim/start/nvim-lspconfig/lua/lspconfig/configs/wgsl_analyzer.lua , size = 0.739 KB
[10:15:17.795][info] [#0:script/workspace/loading.lua:100]: Preload file at: file:///home/nattz/.config/nvim/pack/nvim/start/nvim-lspconfig/lua/lspconfig/configs/circom-lsp.lua , size = 0.740 KB
[10:15:17.795][info] [#0:script/workspace/loading.lua:100]: Preload file at: file:///home/nattz/.config/nvim/pack/nvim/start/nvim-lspconfig/lua/lspconfig/configs/lua_ls.lua , size = 2.710 KB
[10:15:17.796][info] [#0:script/workspace/loading.lua:100]: Preload file at: file:///home/nattz/.config/nvim/pack/nvim/start/nvim-lspconfig/lua/lspconfig/configs/glint.lua , size = 1.625 KB
[10:15:17.797][info] [#0:script/workspace/loading.lua:100]: Preload file at: file:///home/nattz/.config/nvim/pack/nvim/start/nvim-lspconfig/lua/lspconfig/configs/html.lua , size = 1.603 KB
[10:15:17.797][info] [#0:script/workspace/loading.lua:100]: Preload file at: file:///home/nattz/.config/nvim/pack/nvim/start/nvim-lspconfig/lua/lspconfig/configs/bufls.lua , size = 0.860 KB
[10:15:17.798][info] [#0:script/workspace/loading.lua:100]: Preload file at: file:///home/nattz/.config/nvim/pack/nvim/start/nvim-lspconfig/lua/lspconfig/configs/ruff_lsp.lua , size = 1.175 KB
[10:15:17.798][info] [#0:script/workspace/loading.lua:100]: Preload file at: file:///home/nattz/.config/nvim/pack/nvim/start/nvim-lspconfig/lua/lspconfig/configs/pico8_ls.lua , size = 0.649 KB
[10:15:17.799][info] [#0:script/workspace/loading.lua:100]: Preload file at: file:///home/nattz/.config/nvim/pack/nvim/start/nvim-lspconfig/lua/lspconfig/configs/gitlab_ci_ls.lua , size = 0.874 KB
[10:15:17.799][info] [#0:script/workspace/loading.lua:100]: Preload file at: file:///home/nattz/.config/nvim/pack/nvim/start/nvim-lspconfig/lua/lspconfig/configs/fstar.lua , size = 0.696 KB
[10:15:17.799][info] [#0:script/workspace/loading.lua:100]: Preload file at: file:///home/nattz/.config/nvim/pack/nvim/start/nvim-lspconfig/lua/lspconfig/configs/bitbake_ls.lua , size = 0.901 KB
[10:15:17.800][info] [#0:script/workspace/loading.lua:100]: Preload file at: file:///home/nattz/.config/nvim/pack/nvim/start/nvim-lspconfig/lua/lspconfig/configs/shopify_theme_ls.lua , size = 1.068 KB
[10:15:17.800][info] [#0:script/workspace/loading.lua:100]: Preload file at: file:///home/nattz/.config/nvim/pack/nvim/start/nvim-lspconfig/lua/lspconfig/configs/agda_ls.lua , size = 0.646 KB
[10:15:17.801][info] [#0:script/workspace/loading.lua:100]: Preload file at: file:///home/nattz/.config/nvim/pack/nvim/start/nvim-lspconfig/lua/lspconfig/configs/terraformls.lua , size = 2.094 KB
[10:15:17.801][info] [#0:script/workspace/loading.lua:100]: Preload file at: file:///home/nattz/.config/nvim/pack/nvim/start/nvim-lspconfig/lua/lspconfig/configs/asm_lsp.lua , size = 0.777 KB
[10:15:17.802][info] [#0:script/workspace/loading.lua:100]: Preload file at: file:///home/nattz/.config/nvim/pack/nvim/start/nvim-lspconfig/lua/lspconfig/configs/luau_lsp.lua , size = 0.981 KB
[10:15:17.802][info] [#0:script/workspace/loading.lua:100]: Preload file at: file:///home/nattz/.config/nvim/pack/nvim/start/nvim-lspconfig/lua/lspconfig/configs/uvls.lua , size = 0.982 KB
[10:15:17.803][info] [#0:script/workspace/loading.lua:100]: Preload file at: file:///home/nattz/.config/nvim/pack/nvim/start/nvim-lspconfig/lua/lspconfig/configs/helm_ls.lua , size = 1.100 KB
[10:15:17.803][info] [#0:script/workspace/loading.lua:100]: Preload file at: file:///home/nattz/.config/nvim/pack/nvim/start/nvim-lspconfig/lua/lspconfig/configs/futhark_lsp.lua , size = 0.784 KB
[10:15:17.804][info] [#0:script/workspace/loading.lua:100]: Preload file at: file:///home/nattz/.config/nvim/pack/nvim/start/nvim-lspconfig/lua/lspconfig/configs/tvm_ffi_navigator.lua , size = 0.879 KB
[10:15:17.804][info] [#0:script/workspace/loading.lua:100]: Preload file at: file:///home/nattz/.config/nvim/pack/nvim/start/nvim-lspconfig/lua/lspconfig/configs/wasm_language_tools.lua , size = 0.735 KB
[10:15:17.805][info] [#0:script/workspace/loading.lua:100]: Preload file at: file:///home/nattz/.config/nvim/pack/nvim/start/nvim-lspconfig/lua/lspconfig/configs/atlas.lua , size = 2.503 KB
[10:15:17.805][info] [#0:script/workspace/loading.lua:100]: Preload file at: file:///home/nattz/.config/nvim/pack/nvim/start/nvim-lspconfig/lua/lspconfig/configs/cucumber_language_server.lua , size = 0.856 KB
[10:15:17.806][info] [#0:script/workspace/loading.lua:100]: Preload file at: file:///home/nattz/.config/nvim/pack/nvim/start/nvim-lspconfig/lua/lspconfig/configs/zk.lua , size = 2.082 KB
[10:15:17.807][info] [#0:script/workspace/loading.lua:100]: Preload file at: file:///home/nattz/.config/nvim/pack/nvim/start/nvim-lspconfig/lua/lspconfig/configs/cssmodules_ls.lua , size = 0.907 KB
[10:15:17.807][info] [#0:script/workspace/loading.lua:100]: Preload file at: file:///home/nattz/.config/nvim/pack/nvim/start/nvim-lspconfig/lua/lspconfig/configs/nimls.lua , size = 0.819 KB
[10:15:17.808][info] [#0:script/workspace/loading.lua:100]: Preload file at: file:///home/nattz/.config/nvim/pack/nvim/start/nvim-lspconfig/lua/lspconfig/configs/matlab_ls.lua , size = 0.963 KB
[10:15:17.808][info] [#0:script/workspace/loading.lua:100]: Preload file at: file:///home/nattz/.config/nvim/pack/nvim/start/nvim-lspconfig/lua/lspconfig/configs/ballerina.lua , size = 0.760 KB
[10:15:17.809][info] [#0:script/workspace/loading.lua:100]: Preload file at: file:///home/nattz/.config/nvim/pack/nvim/start/nvim-lspconfig/lua/lspconfig/async.lua , size = 1.498 KB
[10:15:17.810][info] [#0:script/workspace/loading.lua:100]: Preload file at: file:///home/nattz/.config/nvim/pack/nvim/start/nvim-lspconfig/lua/lspconfig/health.lua , size = 11.497 KB
[10:15:17.816][info] [#0:script/workspace/loading.lua:100]: Preload file at: file:///home/nattz/.config/nvim/pack/nvim/start/nvim-lspconfig/lua/lspconfig/manager.lua , size = 6.464 KB
[10:15:17.820][info] [#0:script/workspace/loading.lua:100]: Preload file at: file:///home/nattz/.config/nvim/pack/nvim/start/nvim-lspconfig/lua/lspconfig/util.lua , size = 12.171 KB
[10:15:17.826][info] [#0:script/workspace/loading.lua:100]: Preload file at: file:///home/nattz/.config/nvim/pack/nvim/start/nvim-lspconfig/lua/lspconfig.lua , size = 3.004 KB
[10:15:17.828][info] [#0:script/workspace/loading.lua:100]: Preload file at: file:///home/nattz/.config/nvim/pack/nvim/start/nvim-lspconfig/plugin/lspconfig.lua , size = 7.845 KB
[10:15:17.834][info] [#0:script/workspace/loading.lua:100]: Preload file at: file:///home/nattz/.config/nvim/lua/config/autocmds.lua , size = 0.414 KB
[10:15:17.834][info] [#0:script/workspace/loading.lua:100]: Preload file at: file:///home/nattz/.config/nvim/lua/config/keymaps.lua , size = 0.204 KB
[10:15:17.834][info] [#0:script/workspace/loading.lua:100]: Preload file at: file:///home/nattz/.config/nvim/lua/config/options.lua , size = 0.207 KB
[10:15:17.835][info] [#0:script/workspace/loading.lua:100]: Preload file at: file:///home/nattz/.config/nvim/lua/config/lazy.lua , size = 1.812 KB
[10:15:17.836][info] [#0:script/workspace/loading.lua:100]: Preload file at: file:///home/nattz/.config/nvim/lua/plugins/example.lua , size = 5.171 KB
[10:15:17.838][info] [#0:script/workspace/loading.lua:172]: Loaded files takes [0.576] sec: file:///home/nattz/.config/nvim
[10:15:17.838][info] [#0:script/workspace/loading.lua:181]: Compile files takes [0.000] sec: file:///home/nattz/.config/nvim
[10:15:17.838][info] [#0:script/workspace/loading.lua:182]: Loaded finish:	file:///home/nattz/.config/nvim
[10:15:17.838][info] [#0:script/workspace/workspace.lua:389]: Preload finish at:	file:///home/nattz/.config/nvim
[10:15:17.897][info] [#0:script/provider/diagnostic.lua:560]: Diagnostics scope [file:///home/nattz/.config/nvim], files count:[770]
[10:15:17.897][warn] [#0:script/proto/proto.lua:189]: Method [textDocument/didOpen] takes [0.851]sec. {
  jsonrpc = "2.0",
  method = "textDocument/didOpen",
  params = {
    textDocument = {
      languageId = "lua",
      text = '"***"',
      uri = "file:///home/nattz/.config/nvim/lua/plugins/lsp.lua",
      version = 0
    }
  }
}
[10:15:17.897][warn] [#0:script/proto/proto.lua:189]: Method [textDocument/foldingRange] takes [0.842]sec. {
  id = 5,
  jsonrpc = "2.0",
  method = "textDocument/foldingRange",
  params = {
    textDocument = {
      uri = "file:///home/nattz/.config/nvim/lua/plugins/lsp.lua"
    }
  }
}
[10:15:17.898][warn] [#0:script/proto/proto.lua:189]: Method [textDocument/inlayHint] takes [0.841]sec. {
  id = 7,
  jsonrpc = "2.0",
  method = "textDocument/inlayHint",
  params = {
    range = {
      end = {
        character = 0,
        line = 1
      },
      start = {
        character = 0,
        line = 0
      }
    },
    textDocument = {
      uri = "file:///home/nattz/.config/nvim/lua/plugins/lsp.lua"
    }
  }
}
[10:15:17.898][warn] [#0:script/proto/proto.lua:189]: Method [textDocument/inlayHint] takes [0.840]sec. {
  id = 9,
  jsonrpc = "2.0",
  method = "textDocument/inlayHint",
  params = {
    range = {
      end = {
        character = 0,
        line = 1
      },
      start = {
        character = 0,
        line = 0
      }
    },
    textDocument = {
      uri = "file:///home/nattz/.config/nvim/lua/plugins/lsp.lua"
    }
  }
}
[10:15:17.898][warn] [#0:script/proto/proto.lua:189]: Method [textDocument/inlayHint] takes [0.742]sec. {
  id = 11,
  jsonrpc = "2.0",
  method = "textDocument/inlayHint",
  params = {
    range = {
      end = {
        character = 0,
        line = 1
      },
      start = {
        character = 0,
        line = 0
      }
    },
    textDocument = {
      uri = "file:///home/nattz/.config/nvim/lua/plugins/lsp.lua"
    }
  }
}
[10:15:17.898][warn] [#0:script/proto/proto.lua:189]: Method [textDocument/inlayHint] takes [0.742]sec. {
  id = 12,
  jsonrpc = "2.0",
  method = "textDocument/inlayHint",
  params = {
    range = {
      end = {
        character = 0,
        line = 1
      },
      start = {
        character = 0,
        line = 0
      }
    },
    textDocument = {
      uri = "file:///home/nattz/.config/nvim/lua/plugins/lsp.lua"
    }
  }
}
[10:15:17.898][warn] [#0:script/proto/proto.lua:189]: Method [textDocument/inlayHint] takes [0.737]sec. {
  id = 13,
  jsonrpc = "2.0",
  method = "textDocument/inlayHint",
  params = {
    range = {
      end = {
        character = 0,
        line = 1
      },
      start = {
        character = 0,
        line = 0
      }
    },
    textDocument = {
      uri = "file:///home/nattz/.config/nvim/lua/plugins/lsp.lua"
    }
  }
}
[10:15:17.898][warn] [#0:script/proto/proto.lua:189]: Method [textDocument/inlayHint] takes [0.737]sec. {
  id = 14,
  jsonrpc = "2.0",
  method = "textDocument/inlayHint",
  params = {
    range = {
      end = {
        character = 0,
        line = 1
      },
      start = {
        character = 0,
        line = 0
      }
    },
    textDocument = {
      uri = "file:///home/nattz/.config/nvim/lua/plugins/lsp.lua"
    }
  }
}
[10:15:17.898][warn] [#0:script/proto/proto.lua:189]: Method [textDocument/inlayHint] takes [0.737]sec. {
  id = 15,
  jsonrpc = "2.0",
  method = "textDocument/inlayHint",
  params = {
    range = {
      end = {
        character = 0,
        line = 1
      },
      start = {
        character = 0,
        line = 0
      }
    },
    textDocument = {
      uri = "file:///home/nattz/.config/nvim/lua/plugins/lsp.lua"
    }
  }
}
[10:15:17.898][warn] [#0:script/proto/proto.lua:189]: Method [textDocument/inlayHint] takes [0.737]sec. {
  id = 16,
  jsonrpc = "2.0",
  method = "textDocument/inlayHint",
  params = {
    range = {
      end = {
        character = 0,
        line = 1
      },
      start = {
        character = 0,
        line = 0
      }
    },
    textDocument = {
      uri = "file:///home/nattz/.config/nvim/lua/plugins/lsp.lua"
    }
  }
}
[10:15:17.898][warn] [#0:script/proto/proto.lua:189]: Method [textDocument/inlayHint] takes [0.736]sec. {
  id = 17,
  jsonrpc = "2.0",
  method = "textDocument/inlayHint",
  params = {
    range = {
      end = {
        character = 0,
        line = 1
      },
      start = {
        character = 0,
        line = 0
      }
    },
    textDocument = {
      uri = "file:///home/nattz/.config/nvim/lua/plugins/lsp.lua"
    }
  }
}
[10:15:17.898][warn] [#0:script/proto/proto.lua:189]: Method [textDocument/inlayHint] takes [0.736]sec. {
  id = 19,
  jsonrpc = "2.0",
  method = "textDocument/inlayHint",
  params = {
    range = {
      end = {
        character = 0,
        line = 1
      },
      start = {
        character = 0,
        line = 0
      }
    },
    textDocument = {
      uri = "file:///home/nattz/.config/nvim/lua/plugins/lsp.lua"
    }
  }
}
[10:15:17.898][warn] [#0:script/proto/proto.lua:189]: Method [textDocument/inlayHint] takes [0.736]sec. {
  id = 21,
  jsonrpc = "2.0",
  method = "textDocument/inlayHint",
  params = {
    range = {
      end = {
        character = 0,
        line = 1
      },
      start = {
        character = 0,
        line = 0
      }
    },
    textDocument = {
      uri = "file:///home/nattz/.config/nvim/lua/plugins/lsp.lua"
    }
  }
}
[10:15:17.898][warn] [#0:script/proto/proto.lua:189]: Method [textDocument/semanticTokens/full] takes [0.736]sec. {
  id = 20,
  jsonrpc = "2.0",
  method = "textDocument/semanticTokens/full",
  params = {
    textDocument = {
      uri = "file:///home/nattz/.config/nvim/lua/plugins/lsp.lua"
    }
  }
}
[10:15:17.899][warn] [#0:script/proto/proto.lua:189]: Method [textDocument/documentSymbol] takes [0.844]sec. {
  id = 4,
  jsonrpc = "2.0",
  method = "textDocument/documentSymbol",
  params = {
    textDocument = {
      uri = "file:///home/nattz/.config/nvim/lua/plugins/lsp.lua"
    }
  }
}
[10:15:19.766][info] [#0:script/provider/diagnostic.lua:577]: Diagnostics scope [file:///home/nattz/.config/nvim] finished, takes [1.862] sec.
[10:15:35.835][info] [#0:script/provider/provider.lua:49]: Load config from client	file:///home/nattz/.config/nvim
[10:15:35.835][info] [#0:script/provider/provider.lua:50]: {
  Lua = {
    codeLens = {
      enable = true
    },
    completion = {
      callSnippet = "Replace"
    },
    doc = {
      privateName = { "^_" }
    },
    hint = {
      arrayIndex = "Disable",
      enable = true,
      paramName = "Disable",
      paramType = true,
      semicolon = "Disable",
      setType = false
    },
    runtime = {
      path = { "?.lua", "?/init.lua" },
      pathStrict = true,
      version = "LuaJIT"
    },
    workspace = {
      checkThirdParty = false,
      ignoreDir = { "/lua" },
      library = { "/usr/share/nvim/runtime/lua", "/home/nattz/.config/nvim/lua", "/home/nattz/.local/share/nvim/lazy/mason.nvim/lua", "/home/nattz/.local/share/nvim/lazy/lazy.nvim/lua" }
    }
  }
}
[10:15:35.938][warn] [#0:script/config/loader.lua:116]: No config?	{}
[10:15:35.938][info] [#0:script/provider/provider.lua:65]: Load config from client	fallback
[10:15:35.938][info] [#0:script/provider/provider.lua:66]: nil
[10:15:35.997][info] [#0:script/provider/diagnostic.lua:171]: clearDiagnostics	file:///home/nattz/.config/nvim/pack/nvim/start/nvim-lspconfig/lua/lspconfig/configs/svlangserver.lua
[10:15:35.997][info] [#0:script/provider/diagnostic.lua:171]: clearDiagnostics	file:///home/nattz/.config/nvim/pack/nvim/start/nvim-lspconfig/lsp/pony_language_server.lua
[10:15:35.997][info] [#0:script/provider/diagnostic.lua:171]: clearDiagnostics	file:///home/nattz/.config/nvim/pack/nvim/start/nvim-lspconfig/lua/lspconfig/configs/nextls.lua
[10:15:35.997][info] [#0:script/provider/diagnostic.lua:171]: clearDiagnostics	file:///home/nattz/.config/nvim/pack/nvim/start/nvim-lspconfig/lsp/openscad_ls.lua
[10:15:35.997][info] [#0:script/provider/diagnostic.lua:171]: clearDiagnostics	file:///home/nattz/.config/nvim/pack/nvim/start/nvim-lspconfig/lsp/efm.lua
[10:15:35.997][info] [#0:script/provider/diagnostic.lua:171]: clearDiagnostics	file:///home/nattz/.config/nvim/pack/nvim/start/nvim-lspconfig/lsp/aiken.lua
[10:15:35.997][info] [#0:script/provider/diagnostic.lua:171]: clearDiagnostics	file:///home/nattz/.config/nvim/pack/nvim/start/nvim-lspconfig/lua/lspconfig/configs/autohotkey_lsp.lua
[10:15:35.997][info] [#0:script/provider/diagnostic.lua:171]: clearDiagnostics	file:///home/nattz/.config/nvim/pack/nvim/start/nvim-lspconfig/lsp/tvm_ffi_navigator.lua
[10:15:35.997][info] [#0:script/provider/diagnostic.lua:171]: clearDiagnostics	file:///home/nattz/.config/nvim/pack/nvim/start/nvim-lspconfig/lsp/regal.lua
[10:15:35.997][info] [#0:script/provider/diagnostic.lua:171]: clearDiagnostics	file:///home/nattz/.config/nvim/pack/nvim/start/nvim-lspconfig/lsp/nextls.lua
[10:15:35.997][info] [#0:script/provider/diagnostic.lua:171]: clearDiagnostics	file:///home/nattz/.config/nvim/pack/nvim/start/nvim-lspconfig/lsp/foam_ls.lua
[10:15:35.997][info] [#0:script/provider/diagnostic.lua:171]: clearDiagnostics	file:///home/nattz/.config/nvim/pack/nvim/start/nvim-lspconfig/lsp/custom_elements_ls.lua
[10:15:35.997][info] [#0:script/provider/diagnostic.lua:171]: clearDiagnostics	file:///home/nattz/.config/nvim/pack/nvim/start/nvim-lspconfig/lsp/hls.lua
[10:15:35.997][info] [#0:script/provider/diagnostic.lua:171]: clearDiagnostics	file:///home/nattz/.config/nvim/lua/config/lazy.lua
[10:15:35.998][info] [#0:script/provider/diagnostic.lua:171]: clearDiagnostics	file:///home/nattz/.config/nvim/pack/nvim/start/nvim-lspconfig/lua/lspconfig/configs/rpmspec.lua
[10:15:35.998][info] [#0:script/provider/diagnostic.lua:171]: clearDiagnostics	file:///home/nattz/.config/nvim/pack/nvim/start/nvim-lspconfig/lsp/tsgo.lua
[10:15:36.005][info] [#0:script/provider/diagnostic.lua:171]: clearDiagnostics	file:///home/nattz/.config/nvim/pack/nvim/start/nvim-lspconfig/lsp/glasgow.lua
[10:15:36.005][info] [#0:script/provider/diagnostic.lua:171]: clearDiagnostics	file:///home/nattz/.config/nvim/pack/nvim/start/nvim-lspconfig/lua/lspconfig/configs/mint.lua
[10:15:36.005][info] [#0:script/provider/diagnostic.lua:171]: clearDiagnostics	file:///home/nattz/.config/nvim/pack/nvim/start/nvim-lspconfig/lsp/markdown_oxide.lua
[10:15:36.006][info] [#0:script/provider/diagnostic.lua:171]: clearDiagnostics	file:///home/nattz/.config/nvim/pack/nvim/start/nvim-lspconfig/lua/lspconfig/configs/rune_languageserver.lua
[10:15:36.006][info] [#0:script/provider/diagnostic.lua:171]: clearDiagnostics	file:///home/nattz/.config/nvim/pack/nvim/start/nvim-lspconfig/lsp/teal_ls.lua
[10:15:36.006][info] [#0:script/provider/diagnostic.lua:171]: clearDiagnostics	file:///home/nattz/.config/nvim/pack/nvim/start/nvim-lspconfig/lsp/dotls.lua
[10:15:36.006][info] [#0:script/provider/diagnostic.lua:171]: clearDiagnostics	file:///home/nattz/.config/nvim/pack/nvim/start/nvim-lspconfig/lsp/rnix.lua
[10:15:36.006][info] [#0:script/provider/diagnostic.lua:171]: clearDiagnostics	file:///home/nattz/.config/nvim/pack/nvim/start/nvim-lspconfig/lua/lspconfig/configs/fish_lsp.lua
[10:15:36.006][info] [#0:script/provider/diagnostic.lua:171]: clearDiagnostics	file:///home/nattz/.config/nvim/pack/nvim/start/nvim-lspconfig/lsp/pact_ls.lua
[10:15:36.006][info] [#0:script/provider/diagnostic.lua:171]: clearDiagnostics	file:///home/nattz/.config/nvim/pack/nvim/start/nvim-lspconfig/lsp/kotlin_lsp.lua
[10:15:36.006][info] [#0:script/provider/diagnostic.lua:171]: clearDiagnostics	file:///home/nattz/.config/nvim/pack/nvim/start/nvim-lspconfig/lua/lspconfig/configs/powershell_es.lua
[10:15:36.006][info] [#0:script/provider/diagnostic.lua:171]: clearDiagnostics	file:///home/nattz/.config/nvim/pack/nvim/start/nvim-lspconfig/lsp/oxlint.lua
[10:15:36.006][info] [#0:script/provider/diagnostic.lua:171]: clearDiagnostics	file:///home/nattz/.config/nvim/pack/nvim/start/nvim-lspconfig/lua/lspconfig/configs/intelephense.lua
[10:15:36.006][info] [#0:script/provider/diagnostic.lua:171]: clearDiagnostics	file:///home/nattz/.config/nvim/pack/nvim/start/nvim-lspconfig/lsp/tclsp.lua
[10:15:36.006][info] [#0:script/provider/diagnostic.lua:171]: clearDiagnostics	file:///home/nattz/.config/nvim/pack/nvim/start/nvim-lspconfig/lsp/wc_language_server.lua
[10:15:36.006][info] [#0:script/provider/diagnostic.lua:171]: clearDiagnostics	file:///home/nattz/.config/nvim/pack/nvim/start/nvim-lspconfig/lsp/robotcode.lua
[10:15:36.006][info] [#0:script/provider/diagnostic.lua:171]: clearDiagnostics	file:///home/nattz/.config/nvim/pack/nvim/start/nvim-lspconfig/lsp/prolog_ls.lua
[10:15:36.006][info] [#0:script/provider/diagnostic.lua:171]: clearDiagnostics	file:///home/nattz/.config/nvim/pack/nvim/start/nvim-lspconfig/lua/lspconfig/configs/smarty_ls.lua
[10:15:36.006][info] [#0:script/provider/diagnostic.lua:171]: clearDiagnostics	file:///home/nattz/.config/nvim/pack/nvim/start/nvim-lspconfig/lsp/vacuum.lua
[10:15:36.006][info] [#0:script/provider/diagnostic.lua:171]: clearDiagnostics	file:///home/nattz/.config/nvim/pack/nvim/start/nvim-lspconfig/lsp/kulala_ls.lua
[10:15:36.006][info] [#0:script/provider/diagnostic.lua:171]: clearDiagnostics	file:///home/nattz/.config/nvim/pack/nvim/start/nvim-lspconfig/lua/lspconfig/configs/zls.lua
[10:15:36.006][info] [#0:script/provider/diagnostic.lua:171]: clearDiagnostics	file:///home/nattz/.config/nvim/pack/nvim/start/nvim-lspconfig/lsp/lua_ls.lua
[10:15:36.006][info] [#0:script/provider/diagnostic.lua:171]: clearDiagnostics	file:///home/nattz/.config/nvim/pack/nvim/start/nvim-lspconfig/lsp/helm_ls.lua
[10:15:36.006][info] [#0:script/provider/diagnostic.lua:171]: clearDiagnostics	file:///home/nattz/.config/nvim/pack/nvim/start/nvim-lspconfig/lua/lspconfig/configs/dhall_lsp_server.lua
[10:15:36.006][info] [#0:script/provider/diagnostic.lua:171]: clearDiagnostics	file:///home/nattz/.config/nvim/pack/nvim/start/nvim-lspconfig/lsp/djls.lua
[10:15:36.007][info] [#0:script/provider/diagnostic.lua:171]: clearDiagnostics	file:///home/nattz/.config/nvim/pack/nvim/start/nvim-lspconfig/lsp/snyk_ls.lua
[10:15:36.007][info] [#0:script/provider/diagnostic.lua:171]: clearDiagnostics	file:///home/nattz/.config/nvim/pack/nvim/start/nvim-lspconfig/lua/lspconfig/configs/salt_ls.lua
[10:15:36.007][info] [#0:script/provider/diagnostic.lua:171]: clearDiagnostics	file:///home/nattz/.config/nvim/pack/nvim/start/nvim-lspconfig/lua/lspconfig/configs/solang.lua
[10:15:36.007][info] [#0:script/provider/diagnostic.lua:171]: clearDiagnostics	file:///home/nattz/.config/nvim/pack/nvim/start/nvim-lspconfig/lsp/awk_ls.lua
[10:15:36.007][info] [#0:script/provider/diagnostic.lua:171]: clearDiagnostics	file:///home/nattz/.config/nvim/pack/nvim/start/nvim-lspconfig/lsp/bazelrc_lsp.lua
[10:15:36.007][info] [#0:script/provider/diagnostic.lua:171]: clearDiagnostics	file:///home/nattz/.config/nvim/pack/nvim/start/nvim-lspconfig/lua/lspconfig/configs/nimls.lua
[10:15:36.007][info] [#0:script/provider/diagnostic.lua:171]: clearDiagnostics	file:///home/nattz/.config/nvim/pack/nvim/start/nvim-lspconfig/lua/lspconfig/configs/koka.lua
[10:15:36.007][info] [#0:script/provider/diagnostic.lua:171]: clearDiagnostics	file:///home/nattz/.config/nvim/pack/nvim/start/nvim-lspconfig/lsp/ast_grep.lua
[10:15:36.007][info] [#0:script/provider/diagnostic.lua:171]: clearDiagnostics	file:///home/nattz/.config/nvim/pack/nvim/start/nvim-lspconfig/lsp/dagger.lua
[10:15:36.007][info] [#0:script/provider/diagnostic.lua:171]: clearDiagnostics	file:///home/nattz/.config/nvim/pack/nvim/start/nvim-lspconfig/lua/lspconfig/configs/nomad_lsp.lua
[10:15:36.007][info] [#0:script/provider/diagnostic.lua:171]: clearDiagnostics	file:///home/nattz/.config/nvim/pack/nvim/start/nvim-lspconfig/lua/lspconfig/configs/emmet_ls.lua
[10:15:36.007][info] [#0:script/provider/diagnostic.lua:171]: clearDiagnostics	file:///home/nattz/.config/nvim/pack/nvim/start/nvim-lspconfig/lsp/sqls.lua
[10:15:36.007][info] [#0:script/provider/diagnostic.lua:171]: clearDiagnostics	file:///home/nattz/.config/nvim/pack/nvim/start/nvim-lspconfig/lsp/fish_lsp.lua
[10:15:36.007][info] [#0:script/provider/diagnostic.lua:171]: clearDiagnostics	file:///home/nattz/.config/nvim/pack/nvim/start/nvim-lspconfig/lua/lspconfig/configs/foam_ls.lua
[10:15:36.007][info] [#0:script/provider/diagnostic.lua:171]: clearDiagnostics	file:///home/nattz/.config/nvim/pack/nvim/start/nvim-lspconfig/lsp/puppet.lua
[10:15:36.007][info] [#0:script/provider/diagnostic.lua:171]: clearDiagnostics	file:///home/nattz/.config/nvim/pack/nvim/start/nvim-lspconfig/lsp/serve_d.lua
[10:15:36.007][info] [#0:script/provider/diagnostic.lua:171]: clearDiagnostics	file:///home/nattz/.config/nvim/pack/nvim/start/nvim-lspconfig/lsp/gradle_ls.lua
[10:15:36.007][info] [#0:script/provider/diagnostic.lua:171]: clearDiagnostics	file:///home/nattz/.config/nvim/pack/nvim/start/nvim-lspconfig/lsp/gdshader_lsp.lua
[10:15:36.007][info] [#0:script/provider/diagnostic.lua:171]: clearDiagnostics	file:///home/nattz/.config/nvim/pack/nvim/start/nvim-lspconfig/lua/lspconfig/configs/vala_ls.lua
[10:15:36.007][info] [#0:script/provider/diagnostic.lua:171]: clearDiagnostics	file:///home/nattz/.config/nvim/pack/nvim/start/nvim-lspconfig/lua/lspconfig/configs/efm.lua
[10:15:36.007][info] [#0:script/provider/diagnostic.lua:171]: clearDiagnostics	file:///home/nattz/.config/nvim/pack/nvim/start/nvim-lspconfig/lsp/ts_query_ls.lua
[10:15:36.007][info] [#0:script/provider/diagnostic.lua:171]: clearDiagnostics	file:///home/nattz/.config/nvim/pack/nvim/start/nvim-lspconfig/lsp/dhall_lsp_server.lua
[10:15:36.008][info] [#0:script/provider/diagnostic.lua:171]: clearDiagnostics	file:///home/nattz/.config/nvim/pack/nvim/start/nvim-lspconfig/lsp/solidity.lua
[10:15:36.008][info] [#0:script/provider/diagnostic.lua:171]: clearDiagnostics	file:///home/nattz/.config/nvim/pack/nvim/start/nvim-lspconfig/lua/lspconfig/configs/luau_lsp.lua
[10:15:36.008][info] [#0:script/provider/diagnostic.lua:171]: clearDiagnostics	file:///home/nattz/.config/nvim/pack/nvim/start/nvim-lspconfig/lua/lspconfig/configs/bitbake_language_server.lua
[10:15:36.008][info] [#0:script/provider/diagnostic.lua:171]: clearDiagnostics	file:///home/nattz/.config/nvim/pack/nvim/start/nvim-lspconfig/lsp/bsl_ls.lua
[10:15:36.008][info] [#0:script/provider/diagnostic.lua:171]: clearDiagnostics	file:///home/nattz/.config/nvim/pack/nvim/start/nvim-lspconfig/lua/lspconfig/configs/turtle_ls.lua
[10:15:36.008][info] [#0:script/provider/diagnostic.lua:171]: clearDiagnostics	file:///home/nattz/.config/nvim/pack/nvim/start/nvim-lspconfig/lsp/rune_languageserver.lua
[10:15:36.008][info] [#0:script/provider/diagnostic.lua:171]: clearDiagnostics	file:///home/nattz/.config/nvim/pack/nvim/start/nvim-lspconfig/lsp/ballerina.lua
[10:15:36.008][info] [#0:script/provider/diagnostic.lua:171]: clearDiagnostics	file:///home/nattz/.config/nvim/pack/nvim/start/nvim-lspconfig/lua/lspconfig/configs/systemd_ls.lua
[10:15:36.008][info] [#0:script/provider/diagnostic.lua:171]: clearDiagnostics	file:///home/nattz/.config/nvim/pack/nvim/start/nvim-lspconfig/lsp/theme_check.lua
[10:15:36.008][info] [#0:script/provider/diagnostic.lua:171]: clearDiagnostics	file:///home/nattz/.config/nvim/pack/nvim/start/nvim-lspconfig/lua/lspconfig/configs/lean3ls.lua
[10:15:36.008][info] [#0:script/provider/diagnostic.lua:171]: clearDiagnostics	file:///home/nattz/.config/nvim/pack/nvim/start/nvim-lspconfig/lsp/basedpyright.lua
[10:15:36.008][info] [#0:script/provider/diagnostic.lua:171]: clearDiagnostics	file:///home/nattz/.config/nvim/pack/nvim/start/nvim-lspconfig/lsp/raku_navigator.lua
[10:15:36.008][info] [#0:script/provider/diagnostic.lua:171]: clearDiagnostics	file:///home/nattz/.config/nvim/pack/nvim/start/nvim-lspconfig/lsp/taplo.lua
[10:15:36.008][info] [#0:script/provider/diagnostic.lua:171]: clearDiagnostics	file:///home/nattz/.config/nvim/pack/nvim/start/nvim-lspconfig/lsp/autotools_ls.lua
[10:15:36.008][info] [#0:script/provider/diagnostic.lua:171]: clearDiagnostics	file:///home/nattz/.config/nvim/pack/nvim/start/nvim-lspconfig/lua/lspconfig/configs/veryl_ls.lua
[10:15:36.008][info] [#0:script/provider/diagnostic.lua:171]: clearDiagnostics	file:///home/nattz/.config/nvim/pack/nvim/start/nvim-lspconfig/lsp/solargraph.lua
[10:15:36.008][info] [#0:script/provider/diagnostic.lua:171]: clearDiagnostics	file:///home/nattz/.config/nvim/pack/nvim/start/nvim-lspconfig/lsp/ghcide.lua
[10:15:36.008][info] [#0:script/provider/diagnostic.lua:171]: clearDiagnostics	file:///home/nattz/.config/nvim/pack/nvim/start/nvim-lspconfig/lsp/digestif.lua
[10:15:36.008][info] [#0:script/provider/diagnostic.lua:171]: clearDiagnostics	file:///home/nattz/.config/nvim/pack/nvim/start/nvim-lspconfig/lsp/glint.lua
[10:15:36.008][info] [#0:script/provider/diagnostic.lua:171]: clearDiagnostics	file:///home/nattz/.config/nvim/pack/nvim/start/nvim-lspconfig/lsp/vhdl_ls.lua
[10:15:36.008][info] [#0:script/provider/diagnostic.lua:171]: clearDiagnostics	file:///home/nattz/.config/nvim/pack/nvim/start/nvim-lspconfig/lua/lspconfig/configs/relay_lsp.lua
[10:15:36.008][info] [#0:script/provider/diagnostic.lua:171]: clearDiagnostics	file:///home/nattz/.config/nvim/pack/nvim/start/nvim-lspconfig/lua/lspconfig/configs/fennel_ls.lua
[10:15:36.009][info] [#0:script/provider/diagnostic.lua:171]: clearDiagnostics	file:///home/nattz/.config/nvim/pack/nvim/start/nvim-lspconfig/lua/lspconfig/configs/elmls.lua
[10:15:36.009][info] [#0:script/provider/diagnostic.lua:171]: clearDiagnostics	file:///home/nattz/.config/nvim/pack/nvim/start/nvim-lspconfig/lua/lspconfig/configs/phan.lua
[10:15:36.009][info] [#0:script/provider/diagnostic.lua:171]: clearDiagnostics	file:///home/nattz/.config/nvim/pack/nvim/start/nvim-lspconfig/lsp/glslls.lua
[10:15:36.009][info] [#0:script/provider/diagnostic.lua:171]: clearDiagnostics	file:///home/nattz/.config/nvim/pack/nvim/start/nvim-lspconfig/lsp/termux_language_server.lua
[10:15:36.009][info] [#0:script/provider/diagnostic.lua:171]: clearDiagnostics	file:///home/nattz/.config/nvim/pack/nvim/start/nvim-lspconfig/lsp/emmylua_ls.lua
[10:15:36.009][info] [#0:script/provider/diagnostic.lua:171]: clearDiagnostics	file:///home/nattz/.config/nvim/pack/nvim/start/nvim-lspconfig/lsp/tblgen_lsp_server.lua
[10:15:36.009][info] [#0:script/provider/diagnostic.lua:171]: clearDiagnostics	file:///home/nattz/.config/nvim/pack/nvim/start/nvim-lspconfig/lua/lspconfig/configs/digestif.lua
[10:15:36.009][info] [#0:script/provider/diagnostic.lua:171]: clearDiagnostics	file:///home/nattz/.config/nvim/pack/nvim/start/nvim-lspconfig/lua/lspconfig/configs/regal.lua
[10:15:36.009][info] [#0:script/provider/diagnostic.lua:171]: clearDiagnostics	file:///home/nattz/.config/nvim/pack/nvim/start/nvim-lspconfig/lsp/roslyn_ls.lua
[10:15:36.009][info] [#0:script/provider/diagnostic.lua:171]: clearDiagnostics	file:///home/nattz/.config/nvim/pack/nvim/start/nvim-lspconfig/lua/lspconfig/configs/grammarly.lua
[10:15:36.009][info] [#0:script/provider/diagnostic.lua:171]: clearDiagnostics	file:///home/nattz/.config/nvim/pack/nvim/start/nvim-lspconfig/lsp/pico8_ls.lua
[10:15:36.009][info] [#0:script/provider/diagnostic.lua:171]: clearDiagnostics	file:///home/nattz/.config/nvim/pack/nvim/start/nvim-lspconfig/lsp/solang.lua
[10:15:36.009][info] [#0:script/provider/diagnostic.lua:171]: clearDiagnostics	file:///home/nattz/.config/nvim/pack/nvim/start/nvim-lspconfig/lua/lspconfig/configs/eslint.lua
[10:15:36.009][info] [#0:script/provider/diagnostic.lua:171]: clearDiagnostics	file:///home/nattz/.config/nvim/pack/nvim/start/nvim-lspconfig/lsp/verible.lua
[10:15:36.009][info] [#0:script/provider/diagnostic.lua:171]: clearDiagnostics	file:///home/nattz/.config/nvim/pack/nvim/start/nvim-lspconfig/lsp/muon.lua
[10:15:36.009][info] [#0:script/provider/diagnostic.lua:171]: clearDiagnostics	file:///home/nattz/.config/nvim/pack/nvim/start/nvim-lspconfig/lua/lspconfig/configs/astro.lua
[10:15:36.009][info] [#0:script/provider/diagnostic.lua:171]: clearDiagnostics	file:///home/nattz/.config/nvim/pack/nvim/start/nvim-lspconfig/lsp/svlangserver.lua
[10:15:36.009][info] [#0:script/provider/diagnostic.lua:171]: clearDiagnostics	file:///home/nattz/.config/nvim/pack/nvim/start/nvim-lspconfig/lua/lspconfig/configs/groovyls.lua
[10:15:36.009][info] [#0:script/provider/diagnostic.lua:171]: clearDiagnostics	file:///home/nattz/.config/nvim/pack/nvim/start/nvim-lspconfig/lsp/air.lua
[10:15:36.009][info] [#0:script/provider/diagnostic.lua:171]: clearDiagnostics	file:///home/nattz/.config/nvim/pack/nvim/start/nvim-lspconfig/lsp/clojure_lsp.lua
[10:15:36.009][info] [#0:script/provider/diagnostic.lua:171]: clearDiagnostics	file:///home/nattz/.config/nvim/pack/nvim/start/nvim-lspconfig/lsp/sqruff.lua
[10:15:36.010][info] [#0:script/provider/diagnostic.lua:171]: clearDiagnostics	file:///home/nattz/.config/nvim/pack/nvim/start/nvim-lspconfig/lua/lspconfig/configs/awk_ls.lua
[10:15:36.010][info] [#0:script/provider/diagnostic.lua:171]: clearDiagnostics	file:///home/nattz/.config/nvim/pack/nvim/start/nvim-lspconfig/lsp/fsautocomplete.lua
[10:15:36.010][info] [#0:script/provider/diagnostic.lua:171]: clearDiagnostics	file:///home/nattz/.config/nvim/pack/nvim/start/nvim-lspconfig/lua/lspconfig/configs/sourcekit.lua
[10:15:36.010][info] [#0:script/provider/diagnostic.lua:171]: clearDiagnostics	file:///home/nattz/.config/nvim/pack/nvim/start/nvim-lspconfig/lua/lspconfig/configs/rust_analyzer.lua
[10:15:36.010][info] [#0:script/provider/diagnostic.lua:171]: clearDiagnostics	file:///home/nattz/.config/nvim/pack/nvim/start/nvim-lspconfig/lsp/roc_ls.lua
[10:15:36.010][info] [#0:script/provider/diagnostic.lua:171]: clearDiagnostics	file:///home/nattz/.config/nvim/pack/nvim/start/nvim-lspconfig/lsp/jsonls.lua
[10:15:36.010][info] [#0:script/provider/diagnostic.lua:171]: clearDiagnostics	file:///home/nattz/.config/nvim/pack/nvim/start/nvim-lspconfig/lsp/cspell_ls.lua
[10:15:36.010][info] [#0:script/provider/diagnostic.lua:171]: clearDiagnostics	file:///home/nattz/.config/nvim/pack/nvim/start/nvim-lspconfig/lsp/ember.lua
[10:15:36.010][info] [#0:script/provider/diagnostic.lua:171]: clearDiagnostics	file:///home/nattz/.config/nvim/pack/nvim/start/nvim-lspconfig/lua/lspconfig/configs/svelte.lua
[10:15:36.010][info] [#0:script/provider/diagnostic.lua:171]: clearDiagnostics	file:///home/nattz/.config/nvim/pack/nvim/start/nvim-lspconfig/lsp/erg_language_server.lua
[10:15:36.010][info] [#0:script/provider/diagnostic.lua:171]: clearDiagnostics	file:///home/nattz/.config/nvim/pack/nvim/start/nvim-lspconfig/lsp/terraform_lsp.lua
[10:15:36.010][info] [#0:script/provider/diagnostic.lua:171]: clearDiagnostics	file:///home/nattz/.config/nvim/pack/nvim/start/nvim-lspconfig/lua/lspconfig/configs/fortls.lua
[10:15:36.010][info] [#0:script/provider/diagnostic.lua:171]: clearDiagnostics	file:///home/nattz/.config/nvim/pack/nvim/start/nvim-lspconfig/lsp/poryscript_pls.lua
[10:15:36.010][info] [#0:script/provider/diagnostic.lua:171]: clearDiagnostics	file:///home/nattz/.config/nvim/pack/nvim/start/nvim-lspconfig/lsp/regols.lua
[10:15:36.010][info] [#0:script/provider/diagnostic.lua:171]: clearDiagnostics	file:///home/nattz/.config/nvim/pack/nvim/start/nvim-lspconfig/lua/lspconfig/configs/mlir_pdll_lsp_server.lua
[10:15:36.010][info] [#0:script/provider/diagnostic.lua:171]: clearDiagnostics	file:///home/nattz/.config/nvim/pack/nvim/start/nvim-lspconfig/lsp/jdtls.lua
[10:15:36.010][info] [#0:script/provider/diagnostic.lua:171]: clearDiagnostics	file:///home/nattz/.config/nvim/pack/nvim/start/nvim-lspconfig/lua/lspconfig/configs/rnix.lua
[10:15:36.011][info] [#0:script/provider/diagnostic.lua:171]: clearDiagnostics	file:///home/nattz/.config/nvim/pack/nvim/start/nvim-lspconfig/lsp/statix.lua
[10:15:36.011][info] [#0:script/provider/diagnostic.lua:171]: clearDiagnostics	file:///home/nattz/.config/nvim/pack/nvim/start/nvim-lspconfig/lsp/vsrocq.lua
[10:15:36.011][info] [#0:script/provider/diagnostic.lua:171]: clearDiagnostics	file:///home/nattz/.config/nvim/pack/nvim/start/nvim-lspconfig/lua/lspconfig/configs/glslls.lua
[10:15:36.011][info] [#0:script/provider/diagnostic.lua:171]: clearDiagnostics	file:///home/nattz/.config/nvim/pack/nvim/start/nvim-lspconfig/lua/lspconfig/configs/hoon_ls.lua
[10:15:36.011][info] [#0:script/provider/diagnostic.lua:171]: clearDiagnostics	file:///home/nattz/.config/nvim/pack/nvim/start/nvim-lspconfig/lua/lspconfig/configs/htmx.lua
[10:15:36.011][info] [#0:script/provider/diagnostic.lua:171]: clearDiagnostics	file:///home/nattz/.config/nvim/pack/nvim/start/nvim-lspconfig/lua/lspconfig/configs/diagnosticls.lua
[10:15:36.011][info] [#0:script/provider/diagnostic.lua:171]: clearDiagnostics	file:///home/nattz/.config/nvim/pack/nvim/start/nvim-lspconfig/lsp/vue_ls.lua
[10:15:36.011][info] [#0:script/provider/diagnostic.lua:171]: clearDiagnostics	file:///home/nattz/.config/nvim/pack/nvim/start/nvim-lspconfig/lsp/futhark_lsp.lua
[10:15:36.011][info] [#0:script/provider/diagnostic.lua:171]: clearDiagnostics	file:///home/nattz/.config/nvim/pack/nvim/start/nvim-lspconfig/lsp/mm0_ls.lua
[10:15:36.011][info] [#0:script/provider/diagnostic.lua:171]: clearDiagnostics	file:///home/nattz/.config/nvim/pack/nvim/start/nvim-lspconfig/lsp/ada_ls.lua
[10:15:36.011][info] [#0:script/provider/diagnostic.lua:171]: clearDiagnostics	file:///home/nattz/.config/nvim/pack/nvim/start/nvim-lspconfig/lsp/dartls.lua
[10:15:36.011][info] [#0:script/provider/diagnostic.lua:171]: clearDiagnostics	file:///home/nattz/.config/nvim/pack/nvim/start/nvim-lspconfig/lua/lspconfig/configs/cadence.lua
[10:15:36.011][info] [#0:script/provider/diagnostic.lua:171]: clearDiagnostics	file:///home/nattz/.config/nvim/pack/nvim/start/nvim-lspconfig/lsp/zuban.lua
[10:15:36.011][info] [#0:script/provider/diagnostic.lua:171]: clearDiagnostics	file:///home/nattz/.config/nvim/pack/nvim/start/nvim-lspconfig/lua/lspconfig/configs/lsp_ai.lua
[10:15:36.011][info] [#0:script/provider/diagnostic.lua:171]: clearDiagnostics	file:///home/nattz/.config/nvim/pack/nvim/start/nvim-lspconfig/lsp/ruff.lua
[10:15:36.011][info] [#0:script/provider/diagnostic.lua:171]: clearDiagnostics	file:///home/nattz/.config/nvim/pack/nvim/start/nvim-lspconfig/lsp/twiggy_language_server.lua
[10:15:36.011][info] [#0:script/provider/diagnostic.lua:171]: clearDiagnostics	file:///home/nattz/.config/nvim/pack/nvim/start/nvim-lspconfig/lsp/cucumber_language_server.lua
[10:15:36.011][info] [#0:script/provider/diagnostic.lua:171]: clearDiagnostics	file:///home/nattz/.config/nvim/pack/nvim/start/nvim-lspconfig/lsp/yls.lua
[10:15:36.011][info] [#0:script/provider/diagnostic.lua:171]: clearDiagnostics	file:///home/nattz/.config/nvim/pack/nvim/start/nvim-lspconfig/lsp/selene3p_ls.lua
[10:15:36.011][info] [#0:script/provider/diagnostic.lua:171]: clearDiagnostics	file:///home/nattz/.config/nvim/pack/nvim/start/nvim-lspconfig/lua/lspconfig/configs/ungrammar_languageserver.lua
[10:15:36.012][info] [#0:script/provider/diagnostic.lua:171]: clearDiagnostics	file:///home/nattz/.config/nvim/pack/nvim/start/nvim-lspconfig/lsp/qmlls.lua
[10:15:36.012][info] [#0:script/provider/diagnostic.lua:171]: clearDiagnostics	file:///home/nattz/.config/nvim/pack/nvim/start/nvim-lspconfig/lsp/pasls.lua
[10:15:36.012][info] [#0:script/provider/diagnostic.lua:171]: clearDiagnostics	file:///home/nattz/.config/nvim/pack/nvim/start/nvim-lspconfig/lsp/mlir_pdll_lsp_server.lua
[10:15:36.012][info] [#0:script/provider/diagnostic.lua:171]: clearDiagnostics	file:///home/nattz/.config/nvim/pack/nvim/start/nvim-lspconfig/lua/lspconfig/configs/superhtml.lua
[10:15:36.012][info] [#0:script/provider/diagnostic.lua:171]: clearDiagnostics	file:///home/nattz/.config/nvim/pack/nvim/start/nvim-lspconfig/lsp/luau_lsp.lua
[10:15:36.012][info] [#0:script/provider/diagnostic.lua:171]: clearDiagnostics	file:///home/nattz/.config/nvim/pack/nvim/start/nvim-lspconfig/lsp/jsonnet_ls.lua
[10:15:36.012][info] [#0:script/provider/diagnostic.lua:171]: clearDiagnostics	file:///home/nattz/.config/nvim/pack/nvim/start/nvim-lspconfig/lsp/uiua.lua
[10:15:36.012][info] [#0:script/provider/diagnostic.lua:171]: clearDiagnostics	file:///home/nattz/.config/nvim/pack/nvim/start/nvim-lspconfig/lsp/glsl_analyzer.lua
[10:15:36.012][info] [#0:script/provider/diagnostic.lua:171]: clearDiagnostics	file:///home/nattz/.config/nvim/pack/nvim/start/nvim-lspconfig/lua/lspconfig/configs/codeqlls.lua
[10:15:36.012][info] [#0:script/provider/diagnostic.lua:171]: clearDiagnostics	file:///home/nattz/.config/nvim/pack/nvim/start/nvim-lspconfig/lsp/azure_pipelines_ls.lua
[10:15:36.012][info] [#0:script/provider/diagnostic.lua:171]: clearDiagnostics	file:///home/nattz/.config/nvim/pack/nvim/start/nvim-lspconfig/lsp/graphql.lua
[10:15:36.012][info] [#0:script/provider/diagnostic.lua:171]: clearDiagnostics	file:///home/nattz/.config/nvim/pack/nvim/start/nvim-lspconfig/lsp/kcl.lua
[10:15:36.012][info] [#0:script/provider/diagnostic.lua:171]: clearDiagnostics	file:///home/nattz/.config/nvim/pack/nvim/start/nvim-lspconfig/lsp/phan.lua
[10:15:36.012][info] [#0:script/provider/diagnostic.lua:171]: clearDiagnostics	file:///home/nattz/.config/nvim/pack/nvim/start/nvim-lspconfig/lsp/spyglassmc_language_server.lua
[10:15:36.012][info] [#0:script/provider/diagnostic.lua:171]: clearDiagnostics	file:///home/nattz/.config/nvim/pack/nvim/start/nvim-lspconfig/lsp/circom-lsp.lua
[10:15:36.012][info] [#0:script/provider/diagnostic.lua:171]: clearDiagnostics	file:///home/nattz/.config/nvim/pack/nvim/start/nvim-lspconfig/lsp/rls.lua
[10:15:36.013][info] [#0:script/provider/diagnostic.lua:171]: clearDiagnostics	file:///home/nattz/.config/nvim/pack/nvim/start/nvim-lspconfig/lua/lspconfig/configs/gradle_ls.lua
[10:15:36.013][info] [#0:script/provider/diagnostic.lua:171]: clearDiagnostics	file:///home/nattz/.config/nvim/pack/nvim/start/nvim-lspconfig/lua/lspconfig/configs/blueprint_ls.lua
[10:15:36.013][info] [#0:script/provider/diagnostic.lua:171]: clearDiagnostics	file:///home/nattz/.config/nvim/pack/nvim/start/nvim-lspconfig/lua/lspconfig/health.lua
[10:15:36.013][info] [#0:script/provider/diagnostic.lua:171]: clearDiagnostics	file:///home/nattz/.config/nvim/pack/nvim/start/nvim-lspconfig/plugin/lspconfig.lua
[10:15:36.013][info] [#0:script/provider/diagnostic.lua:171]: clearDiagnostics	file:///home/nattz/.config/nvim/pack/nvim/start/nvim-lspconfig/lsp/thriftls.lua
[10:15:36.013][info] [#0:script/provider/diagnostic.lua:171]: clearDiagnostics	file:///home/nattz/.config/nvim/pack/nvim/start/nvim-lspconfig/lsp/elp.lua
[10:15:36.013][info] [#0:script/provider/diagnostic.lua:171]: clearDiagnostics	file:///home/nattz/.config/nvim/pack/nvim/start/nvim-lspconfig/lua/lspconfig/configs/denols.lua
[10:15:36.013][info] [#0:script/provider/diagnostic.lua:171]: clearDiagnostics	file:///home/nattz/.config/nvim/pack/nvim/start/nvim-lspconfig/lsp/tofu_ls.lua
[10:15:36.013][info] [#0:script/provider/diagnostic.lua:171]: clearDiagnostics	file:///home/nattz/.config/nvim/pack/nvim/start/nvim-lspconfig/lua/lspconfig/configs/drools_lsp.lua
[10:15:36.013][info] [#0:script/provider/diagnostic.lua:171]: clearDiagnostics	file:///home/nattz/.config/nvim/pack/nvim/start/nvim-lspconfig/lsp/angularls.lua
[10:15:36.013][info] [#0:script/provider/diagnostic.lua:171]: clearDiagnostics	file:///home/nattz/.config/nvim/pack/nvim/start/nvim-lspconfig/lsp/lsp_ai.lua
[10:15:36.013][info] [#0:script/provider/diagnostic.lua:171]: clearDiagnostics	file:///home/nattz/.config/nvim/pack/nvim/start/nvim-lspconfig/lsp/brioche.lua
[10:15:36.013][info] [#0:script/provider/diagnostic.lua:171]: clearDiagnostics	file:///home/nattz/.config/nvim/pack/nvim/start/nvim-lspconfig/lua/lspconfig/configs/facility_language_server.lua
[10:15:36.013][info] [#0:script/provider/diagnostic.lua:171]: clearDiagnostics	file:///home/nattz/.config/nvim/pack/nvim/start/nvim-lspconfig/lsp/cypher_ls.lua
[10:15:36.013][info] [#0:script/provider/diagnostic.lua:171]: clearDiagnostics	file:///home/nattz/.config/nvim/pack/nvim/start/nvim-lspconfig/lsp/neocmake.lua
[10:15:36.013][info] [#0:script/provider/diagnostic.lua:171]: clearDiagnostics	file:///home/nattz/.config/nvim/pack/nvim/start/nvim-lspconfig/lsp/coq_lsp.lua
[10:15:36.013][info] [#0:script/provider/diagnostic.lua:171]: clearDiagnostics	file:///home/nattz/.config/nvim/pack/nvim/start/nvim-lspconfig/lsp/just.lua
[10:15:36.013][info] [#0:script/provider/diagnostic.lua:171]: clearDiagnostics	file:///home/nattz/.config/nvim/pack/nvim/start/nvim-lspconfig/lua/lspconfig/configs/veridian.lua
[10:15:36.013][info] [#0:script/provider/diagnostic.lua:171]: clearDiagnostics	file:///home/nattz/.config/nvim/pack/nvim/start/nvim-lspconfig/lua/lspconfig/configs/turbo_ls.lua
[10:15:36.014][info] [#0:script/provider/diagnostic.lua:171]: clearDiagnostics	file:///home/nattz/.config/nvim/pack/nvim/start/nvim-lspconfig/lua/lspconfig/configs/texlab.lua
[10:15:36.014][info] [#0:script/provider/diagnostic.lua:171]: clearDiagnostics	file:///home/nattz/.config/nvim/pack/nvim/start/nvim-lspconfig/lsp/csharp_ls.lua
[10:15:36.014][info] [#0:script/provider/diagnostic.lua:171]: clearDiagnostics	file:///home/nattz/.config/nvim/pack/nvim/start/nvim-lspconfig/lua/lspconfig/configs/basedpyright.lua
[10:15:36.014][info] [#0:script/provider/diagnostic.lua:171]: clearDiagnostics	file:///home/nattz/.config/nvim/pack/nvim/start/nvim-lspconfig/lsp/purescriptls.lua
[10:15:36.016][info] [#0:script/provider/diagnostic.lua:171]: clearDiagnostics	file:///home/nattz/.config/nvim/pack/nvim/start/nvim-lspconfig/lua/lspconfig/configs/bsl_ls.lua
[10:15:36.018][info] [#0:script/provider/diagnostic.lua:171]: clearDiagnostics	file:///home/nattz/.config/nvim/pack/nvim/start/nvim-lspconfig/lua/lspconfig/configs/pest_ls.lua
[10:15:36.018][info] [#0:script/provider/diagnostic.lua:171]: clearDiagnostics	file:///home/nattz/.config/nvim/pack/nvim/start/nvim-lspconfig/lua/lspconfig/configs/roc_ls.lua
[10:15:36.018][info] [#0:script/provider/diagnostic.lua:171]: clearDiagnostics	file:///home/nattz/.config/nvim/pack/nvim/start/nvim-lspconfig/lsp/zls.lua
[10:15:36.018][info] [#0:script/provider/diagnostic.lua:171]: clearDiagnostics	file:///home/nattz/.config/nvim/pack/nvim/start/nvim-lspconfig/scripts/docgen.lua
[10:15:36.018][info] [#0:script/provider/diagnostic.lua:171]: clearDiagnostics	file:///home/nattz/.config/nvim/pack/nvim/start/nvim-lspconfig/lsp/bzl.lua
[10:15:36.018][info] [#0:script/provider/diagnostic.lua:171]: clearDiagnostics	file:///home/nattz/.config/nvim/pack/nvim/start/nvim-lspconfig/lua/lspconfig/configs/flux_lsp.lua
[10:15:36.018][info] [#0:script/provider/diagnostic.lua:171]: clearDiagnostics	file:///home/nattz/.config/nvim/pack/nvim/start/nvim-lspconfig/lsp/idris2_lsp.lua
[10:15:36.018][info] [#0:script/provider/diagnostic.lua:171]: clearDiagnostics	file:///home/nattz/.config/nvim/pack/nvim/start/nvim-lspconfig/lsp/phpactor.lua
[10:15:36.018][info] [#0:script/provider/diagnostic.lua:171]: clearDiagnostics	file:///home/nattz/.config/nvim/pack/nvim/start/nvim-lspconfig/lsp/nickel_ls.lua
[10:15:36.018][info] [#0:script/provider/diagnostic.lua:171]: clearDiagnostics	file:///home/nattz/.config/nvim/pack/nvim/start/nvim-lspconfig/lua/lspconfig/configs/glasgow.lua
[10:15:36.018][info] [#0:script/provider/diagnostic.lua:171]: clearDiagnostics	file:///home/nattz/.config/nvim/pack/nvim/start/nvim-lspconfig/test/lspconfig_spec.lua
[10:15:36.018][info] [#0:script/provider/diagnostic.lua:171]: clearDiagnostics	file:///home/nattz/.config/nvim/pack/nvim/start/nvim-lspconfig/lua/lspconfig/configs/pkgbuild_language_server.lua
[10:15:36.018][info] [#0:script/provider/diagnostic.lua:171]: clearDiagnostics	file:///home/nattz/.config/nvim/pack/nvim/start/nvim-lspconfig/lua/lspconfig/configs/julials.lua
[10:15:36.018][info] [#0:script/provider/diagnostic.lua:171]: clearDiagnostics	file:///home/nattz/.config/nvim/pack/nvim/start/nvim-lspconfig/lsp/hie.lua
[10:15:36.018][info] [#0:script/provider/diagnostic.lua:171]: clearDiagnostics	file:///home/nattz/.config/nvim/pack/nvim/start/nvim-lspconfig/lsp/jqls.lua
[10:15:36.018][info] [#0:script/provider/diagnostic.lua:171]: clearDiagnostics	file:///home/nattz/.config/nvim/pack/nvim/start/nvim-lspconfig/lsp/bacon_ls.lua
[10:15:36.019][info] [#0:script/provider/diagnostic.lua:171]: clearDiagnostics	file:///home/nattz/.config/nvim/pack/nvim/start/nvim-lspconfig/lsp/tabby_ml.lua
[10:15:36.019][info] [#0:script/provider/diagnostic.lua:171]: clearDiagnostics	file:///home/nattz/.config/nvim/pack/nvim/start/nvim-lspconfig/lua/lspconfig/configs/ghdl_ls.lua
[10:15:36.019][info] [#0:script/provider/diagnostic.lua:171]: clearDiagnostics	file:///home/nattz/.config/nvim/pack/nvim/start/nvim-lspconfig/lua/lspconfig/configs/perlnavigator.lua
[10:15:36.019][info] [#0:script/provider/diagnostic.lua:171]: clearDiagnostics	file:///home/nattz/.config/nvim/pack/nvim/start/nvim-lspconfig/lua/lspconfig/configs/apex_ls.lua
[10:15:36.019][info] [#0:script/provider/diagnostic.lua:171]: clearDiagnostics	file:///home/nattz/.config/nvim/pack/nvim/start/nvim-lspconfig/lua/lspconfig/configs/pact_ls.lua
[10:15:36.019][info] [#0:script/provider/diagnostic.lua:171]: clearDiagnostics	file:///home/nattz/.config/nvim/pack/nvim/start/nvim-lspconfig/lua/lspconfig/configs/cypher_ls.lua
[10:15:36.019][info] [#0:script/provider/diagnostic.lua:171]: clearDiagnostics	file:///home/nattz/.config/nvim/pack/nvim/start/nvim-lspconfig/lsp/buck2.lua
[10:15:36.019][info] [#0:script/provider/diagnostic.lua:171]: clearDiagnostics	file:///home/nattz/.config/nvim/pack/nvim/start/nvim-lspconfig/lsp/sorbet.lua
[10:15:36.019][info] [#0:script/provider/diagnostic.lua:171]: clearDiagnostics	file:///home/nattz/.config/nvim/pack/nvim/start/nvim-lspconfig/lsp/nxls.lua
[10:15:36.019][info] [#0:script/provider/diagnostic.lua:171]: clearDiagnostics	file:///home/nattz/.config/nvim/pack/nvim/start/nvim-lspconfig/lua/lspconfig/configs/dolmenls.lua
[10:15:36.019][info] [#0:script/provider/diagnostic.lua:171]: clearDiagnostics	file:///home/nattz/.config/nvim/pack/nvim/start/nvim-lspconfig/lsp/agda_ls.lua
[10:15:36.019][info] [#0:script/provider/diagnostic.lua:171]: clearDiagnostics	file:///home/nattz/.config/nvim/pack/nvim/start/nvim-lspconfig/lsp/volar.lua
[10:15:36.019][info] [#0:script/provider/diagnostic.lua:171]: clearDiagnostics	file:///home/nattz/.config/nvim/pack/nvim/start/nvim-lspconfig/lua/lspconfig/configs/openscad_lsp.lua
[10:15:36.019][info] [#0:script/provider/diagnostic.lua:171]: clearDiagnostics	file:///home/nattz/.config/nvim/pack/nvim/start/nvim-lspconfig/lsp/solidity_ls_nomicfoundation.lua
[10:15:36.019][info] [#0:script/provider/diagnostic.lua:171]: clearDiagnostics	file:///home/nattz/.config/nvim/pack/nvim/start/nvim-lspconfig/lsp/kotlin_language_server.lua
[10:15:36.019][info] [#0:script/provider/diagnostic.lua:171]: clearDiagnostics	file:///home/nattz/.config/nvim/pack/nvim/start/nvim-lspconfig/lua/lspconfig/configs/clangd.lua
[10:15:36.020][info] [#0:script/provider/diagnostic.lua:171]: clearDiagnostics	file:///home/nattz/.config/nvim/pack/nvim/start/nvim-lspconfig/lua/lspconfig/configs/kulala_ls.lua
[10:15:36.020][info] [#0:script/provider/diagnostic.lua:171]: clearDiagnostics	file:///home/nattz/.config/nvim/pack/nvim/start/nvim-lspconfig/lua/lspconfig/configs/air.lua
[10:15:36.020][info] [#0:script/provider/diagnostic.lua:171]: clearDiagnostics	file:///home/nattz/.config/nvim/pack/nvim/start/nvim-lspconfig/lua/lspconfig/configs/lua_ls.lua
[10:15:36.020][info] [#0:script/provider/diagnostic.lua:171]: clearDiagnostics	file:///home/nattz/.config/nvim/pack/nvim/start/nvim-lspconfig/lsp/unison.lua
[10:15:36.020][info] [#0:script/provider/diagnostic.lua:171]: clearDiagnostics	file:///home/nattz/.config/nvim/pack/nvim/start/nvim-lspconfig/lua/lspconfig/configs/svls.lua
[10:15:36.020][info] [#0:script/provider/diagnostic.lua:171]: clearDiagnostics	file:///home/nattz/.config/nvim/pack/nvim/start/nvim-lspconfig/lsp/ccls.lua
[10:15:36.020][info] [#0:script/provider/diagnostic.lua:171]: clearDiagnostics	file:///home/nattz/.config/nvim/pack/nvim/start/nvim-lspconfig/lua/lspconfig/configs/gitlab_ci_ls.lua
[10:15:36.020][info] [#0:script/provider/diagnostic.lua:171]: clearDiagnostics	file:///home/nattz/.config/nvim/pack/nvim/start/nvim-lspconfig/lsp/dockerls.lua
[10:15:36.020][info] [#0:script/provider/diagnostic.lua:171]: clearDiagnostics	file:///home/nattz/.config/nvim/pack/nvim/start/nvim-lspconfig/lsp/guile_ls.lua
[10:15:36.020][info] [#0:script/provider/diagnostic.lua:171]: clearDiagnostics	file:///home/nattz/.config/nvim/pack/nvim/start/nvim-lspconfig/lsp/hydra_lsp.lua
[10:15:36.020][info] [#0:script/provider/diagnostic.lua:171]: clearDiagnostics	file:///home/nattz/.config/nvim/pack/nvim/start/nvim-lspconfig/lsp/steep.lua
[10:15:36.020][info] [#0:script/provider/diagnostic.lua:171]: clearDiagnostics	file:///home/nattz/.config/nvim/pack/nvim/start/nvim-lspconfig/lua/lspconfig/configs/dts_lsp.lua
[10:15:36.020][info] [#0:script/provider/diagnostic.lua:171]: clearDiagnostics	file:///home/nattz/.config/nvim/pack/nvim/start/nvim-lspconfig/lsp/koka.lua
[10:15:36.020][info] [#0:script/provider/diagnostic.lua:171]: clearDiagnostics	file:///home/nattz/.config/nvim/pack/nvim/start/nvim-lspconfig/lua/lspconfig/configs/raku_navigator.lua
[10:15:36.020][info] [#0:script/provider/diagnostic.lua:171]: clearDiagnostics	file:///home/nattz/.config/nvim/pack/nvim/start/nvim-lspconfig/lua/lspconfig/configs/djlsp.lua
[10:15:36.020][info] [#0:script/provider/diagnostic.lua:171]: clearDiagnostics	file:///home/nattz/.config/nvim/pack/nvim/start/nvim-lspconfig/lsp/terraformls.lua
[10:15:36.020][info] [#0:script/provider/diagnostic.lua:171]: clearDiagnostics	file:///home/nattz/.config/nvim/lua/plugins/example.lua
[10:15:36.020][info] [#0:script/provider/diagnostic.lua:171]: clearDiagnostics	file:///home/nattz/.config/nvim/pack/nvim/start/nvim-lspconfig/lsp/daedalus_ls.lua
[10:15:36.020][info] [#0:script/provider/diagnostic.lua:171]: clearDiagnostics	file:///home/nattz/.config/nvim/pack/nvim/start/nvim-lspconfig/lua/lspconfig/configs/marksman.lua
[10:15:36.020][info] [#0:script/provider/diagnostic.lua:171]: clearDiagnostics	file:///home/nattz/.config/nvim/pack/nvim/start/nvim-lspconfig/lsp/unocss.lua
[10:15:36.021][info] [#0:script/provider/diagnostic.lua:171]: clearDiagnostics	file:///home/nattz/.config/nvim/pack/nvim/start/nvim-lspconfig/lsp/veridian.lua
[10:15:36.021][info] [#0:script/provider/diagnostic.lua:171]: clearDiagnostics	file:///home/nattz/.config/nvim/pack/nvim/start/nvim-lspconfig/lsp/antlersls.lua
[10:15:36.021][info] [#0:script/provider/diagnostic.lua:171]: clearDiagnostics	file:///home/nattz/.config/nvim/pack/nvim/start/nvim-lspconfig/lsp/nushell.lua
[10:15:36.021][info] [#0:script/provider/diagnostic.lua:171]: clearDiagnostics	file:///home/nattz/.config/nvim/pack/nvim/start/nvim-lspconfig/lsp/typos_lsp.lua
[10:15:36.021][info] [#0:script/provider/diagnostic.lua:171]: clearDiagnostics	file:///home/nattz/.config/nvim/pack/nvim/start/nvim-lspconfig/lua/lspconfig/configs/textlsp.lua
[10:15:36.021][info] [#0:script/provider/diagnostic.lua:171]: clearDiagnostics	file:///home/nattz/.config/nvim/pack/nvim/start/nvim-lspconfig/lsp/quick_lint_js.lua
[10:15:36.021][info] [#0:script/provider/diagnostic.lua:171]: clearDiagnostics	file:///home/nattz/.config/nvim/pack/nvim/start/nvim-lspconfig/lsp/alloy_ls.lua
[10:15:36.021][info] [#0:script/provider/diagnostic.lua:171]: clearDiagnostics	file:///home/nattz/.config/nvim/pack/nvim/start/nvim-lspconfig/lsp/hoon_ls.lua
[10:15:36.021][info] [#0:script/provider/diagnostic.lua:171]: clearDiagnostics	file:///home/nattz/.config/nvim/pack/nvim/start/nvim-lspconfig/lsp/atlas.lua
[10:15:36.021][info] [#0:script/provider/diagnostic.lua:171]: clearDiagnostics	file:///home/nattz/.config/nvim/pack/nvim/start/nvim-lspconfig/lsp/gdscript.lua
[10:15:36.021][info] [#0:script/provider/diagnostic.lua:171]: clearDiagnostics	file:///home/nattz/.config/nvim/pack/nvim/start/nvim-lspconfig/lsp/ntt.lua
[10:15:36.021][info] [#0:script/provider/diagnostic.lua:171]: clearDiagnostics	file:///home/nattz/.config/nvim/pack/nvim/start/nvim-lspconfig/lsp/elmls.lua
[10:15:36.021][info] [#0:script/provider/diagnostic.lua:171]: clearDiagnostics	file:///home/nattz/.config/nvim/pack/nvim/start/nvim-lspconfig/lua/lspconfig/manager.lua
[10:15:36.021][info] [#0:script/provider/diagnostic.lua:171]: clearDiagnostics	file:///home/nattz/.config/nvim/pack/nvim/start/nvim-lspconfig/lsp/gopls.lua
[10:15:36.021][info] [#0:script/provider/diagnostic.lua:171]: clearDiagnostics	file:///home/nattz/.config/nvim/pack/nvim/start/nvim-lspconfig/lsp/tailwindcss.lua
[10:15:36.021][info] [#0:script/provider/diagnostic.lua:171]: clearDiagnostics	file:///home/nattz/.config/nvim/pack/nvim/start/nvim-lspconfig/lua/lspconfig/configs/asm_lsp.lua
[10:15:36.021][info] [#0:script/provider/diagnostic.lua:171]: clearDiagnostics	file:///home/nattz/.config/nvim/pack/nvim/start/nvim-lspconfig/lsp/marko-js.lua
[10:15:36.021][info] [#0:script/provider/diagnostic.lua:171]: clearDiagnostics	file:///home/nattz/.config/nvim/pack/nvim/start/nvim-lspconfig/lsp/janet_lsp.lua
[10:15:36.021][info] [#0:script/provider/diagnostic.lua:171]: clearDiagnostics	file:///home/nattz/.config/nvim/pack/nvim/start/nvim-lspconfig/lsp/grammarly.lua
[10:15:36.021][info] [#0:script/provider/diagnostic.lua:171]: clearDiagnostics	file:///home/nattz/.config/nvim/pack/nvim/start/nvim-lspconfig/lua/lspconfig/configs/fstar.lua
[10:15:36.021][info] [#0:script/provider/diagnostic.lua:171]: clearDiagnostics	file:///home/nattz/.config/nvim/pack/nvim/start/nvim-lspconfig/lua/lspconfig/configs/lexical.lua
[10:15:36.021][info] [#0:script/provider/diagnostic.lua:171]: clearDiagnostics	file:///home/nattz/.config/nvim/pack/nvim/start/nvim-lspconfig/lua/lspconfig/configs/dafny.lua
[10:15:36.021][info] [#0:script/provider/diagnostic.lua:171]: clearDiagnostics	file:///home/nattz/.config/nvim/pack/nvim/start/nvim-lspconfig/lsp/remark_ls.lua
[10:15:36.022][info] [#0:script/provider/diagnostic.lua:171]: clearDiagnostics	file:///home/nattz/.config/nvim/pack/nvim/start/nvim-lspconfig/lsp/blueprint_ls.lua
[10:15:36.022][info] [#0:script/provider/diagnostic.lua:171]: clearDiagnostics	file:///home/nattz/.config/nvim/pack/nvim/start/nvim-lspconfig/lsp/pyrefly.lua
[10:15:36.022][info] [#0:script/provider/diagnostic.lua:171]: clearDiagnostics	file:///home/nattz/.config/nvim/pack/nvim/start/nvim-lspconfig/lsp/cobol_ls.lua
[10:15:36.022][info] [#0:script/provider/diagnostic.lua:171]: clearDiagnostics	file:///home/nattz/.config/nvim/pack/nvim/start/nvim-lspconfig/lsp/bitbake_language_server.lua
[10:15:36.022][info] [#0:script/provider/diagnostic.lua:171]: clearDiagnostics	file:///home/nattz/.config/nvim/pack/nvim/start/nvim-lspconfig/lua/lspconfig/configs/tailwindcss.lua
[10:15:36.022][info] [#0:script/provider/diagnostic.lua:171]: clearDiagnostics	file:///home/nattz/.config/nvim/pack/nvim/start/nvim-lspconfig/lsp/golangci_lint_ls.lua
[10:15:36.022][info] [#0:script/provider/diagnostic.lua:171]: clearDiagnostics	file:///home/nattz/.config/nvim/pack/nvim/start/nvim-lspconfig/lua/lspconfig/configs/fennel_language_server.lua
[10:15:36.022][info] [#0:script/provider/diagnostic.lua:171]: clearDiagnostics	file:///home/nattz/.config/nvim/pack/nvim/start/nvim-lspconfig/lua/lspconfig/configs/jdtls.lua
[10:15:36.022][info] [#0:script/provider/diagnostic.lua:171]: clearDiagnostics	file:///home/nattz/.config/nvim/pack/nvim/start/nvim-lspconfig/lsp/psalm.lua
[10:15:36.022][info] [#0:script/provider/diagnostic.lua:171]: clearDiagnostics	file:///home/nattz/.config/nvim/pack/nvim/start/nvim-lspconfig/lua/lspconfig/configs/nickel_ls.lua
[10:15:36.022][info] [#0:script/provider/diagnostic.lua:171]: clearDiagnostics	file:///home/nattz/.config/nvim/pack/nvim/start/nvim-lspconfig/lsp/svelte.lua
[10:15:36.022][info] [#0:script/provider/diagnostic.lua:171]: clearDiagnostics	file:///home/nattz/.config/nvim/pack/nvim/start/nvim-lspconfig/lsp/oso.lua
[10:15:36.022][info] [#0:script/provider/diagnostic.lua:171]: clearDiagnostics	file:///home/nattz/.config/nvim/pack/nvim/start/nvim-lspconfig/lsp/fennel_ls.lua
[10:15:36.022][info] [#0:script/provider/diagnostic.lua:171]: clearDiagnostics	file:///home/nattz/.config/nvim/pack/nvim/start/nvim-lspconfig/lua/lspconfig/configs/vdmj.lua
[10:15:36.022][info] [#0:script/provider/diagnostic.lua:171]: clearDiagnostics	file:///home/nattz/.config/nvim/pack/nvim/start/nvim-lspconfig/lsp/ungrammar_languageserver.lua
[10:15:36.022][info] [#0:script/provider/diagnostic.lua:171]: clearDiagnostics	file:///home/nattz/.config/nvim/pack/nvim/start/nvim-lspconfig/lua/lspconfig/configs/coq_lsp.lua
[10:15:36.022][info] [#0:script/provider/diagnostic.lua:171]: clearDiagnostics	file:///home/nattz/.config/nvim/pack/nvim/start/nvim-lspconfig/lsp/hhvm.lua
[10:15:36.022][info] [#0:script/provider/diagnostic.lua:171]: clearDiagnostics	file:///home/nattz/.config/nvim/pack/nvim/start/nvim-lspconfig/lsp/basics_ls.lua
[10:15:36.022][info] [#0:script/provider/diagnostic.lua:171]: clearDiagnostics	file:///home/nattz/.config/nvim/pack/nvim/start/nvim-lspconfig/lsp/tsp_server.lua
[10:15:36.022][info] [#0:script/provider/diagnostic.lua:171]: clearDiagnostics	file:///home/nattz/.config/nvim/pack/nvim/start/nvim-lspconfig/lsp/syntax_tree.lua
[10:15:36.022][info] [#0:script/provider/diagnostic.lua:171]: clearDiagnostics	file:///home/nattz/.config/nvim/pack/nvim/start/nvim-lspconfig/lsp/rumdl.lua
[10:15:36.022][info] [#0:script/provider/diagnostic.lua:171]: clearDiagnostics	file:///home/nattz/.config/nvim/pack/nvim/start/nvim-lspconfig/lsp/nextflow_ls.lua
[10:15:36.022][info] [#0:script/provider/diagnostic.lua:171]: clearDiagnostics	file:///home/nattz/.config/nvim/pack/nvim/start/nvim-lspconfig/lsp/rust_analyzer.lua
[10:15:36.023][info] [#0:script/provider/diagnostic.lua:171]: clearDiagnostics	file:///home/nattz/.config/nvim/pack/nvim/start/nvim-lspconfig/lsp/pbls.lua
[10:15:36.023][info] [#0:script/provider/diagnostic.lua:171]: clearDiagnostics	file:///home/nattz/.config/nvim/pack/nvim/start/nvim-lspconfig/lua/lspconfig/configs/marko-js.lua
[10:15:36.023][info] [#0:script/provider/diagnostic.lua:171]: clearDiagnostics	file:///home/nattz/.config/nvim/pack/nvim/start/nvim-lspconfig/lsp/ty.lua
[10:15:36.023][info] [#0:script/provider/diagnostic.lua:171]: clearDiagnostics	file:///home/nattz/.config/nvim/pack/nvim/start/nvim-lspconfig/lsp/vls.lua
[10:15:36.023][info] [#0:script/provider/diagnostic.lua:171]: clearDiagnostics	file:///home/nattz/.config/nvim/pack/nvim/start/nvim-lspconfig/lsp/codebook.lua
[10:15:36.023][info] [#0:script/provider/diagnostic.lua:171]: clearDiagnostics	file:///home/nattz/.config/nvim/pack/nvim/start/nvim-lspconfig/lsp/ts_ls.lua
[10:15:36.023][info] [#0:script/provider/diagnostic.lua:171]: clearDiagnostics	file:///home/nattz/.config/nvim/pack/nvim/start/nvim-lspconfig/lsp/tombi.lua
[10:15:36.023][info] [#0:script/provider/diagnostic.lua:171]: clearDiagnostics	file:///home/nattz/.config/nvim/pack/nvim/start/nvim-lspconfig/lua/lspconfig/configs/ccls.lua
[10:15:36.023][info] [#0:script/provider/diagnostic.lua:171]: clearDiagnostics	file:///home/nattz/.config/nvim/pack/nvim/start/nvim-lspconfig/lsp/herb_ls.lua
[10:15:36.023][info] [#0:script/provider/diagnostic.lua:171]: clearDiagnostics	file:///home/nattz/.config/nvim/pack/nvim/start/nvim-lspconfig/lsp/sqlls.lua
[10:15:36.023][info] [#0:script/provider/diagnostic.lua:171]: clearDiagnostics	file:///home/nattz/.config/nvim/pack/nvim/start/nvim-lspconfig/lsp/tinymist.lua
[10:15:36.023][info] [#0:script/provider/diagnostic.lua:171]: clearDiagnostics	file:///home/nattz/.config/nvim/pack/nvim/start/nvim-lspconfig/lsp/vtsls.lua
[10:15:36.023][info] [#0:script/provider/diagnostic.lua:171]: clearDiagnostics	file:///home/nattz/.config/nvim/pack/nvim/start/nvim-lspconfig/lua/lspconfig/configs/tilt_ls.lua
[10:15:36.023][info] [#0:script/provider/diagnostic.lua:171]: clearDiagnostics	file:///home/nattz/.config/nvim/pack/nvim/start/nvim-lspconfig/lsp/mesonlsp.lua
[10:15:36.023][info] [#0:script/provider/diagnostic.lua:171]: clearDiagnostics	file:///home/nattz/.config/nvim/pack/nvim/start/nvim-lspconfig/lsp/hylo_ls.lua
[10:15:36.023][info] [#0:script/provider/diagnostic.lua:171]: clearDiagnostics	file:///home/nattz/.config/nvim/pack/nvim/start/nvim-lspconfig/lsp/cairo_ls.lua
[10:15:36.023][info] [#0:script/provider/diagnostic.lua:171]: clearDiagnostics	file:///home/nattz/.config/nvim/pack/nvim/start/nvim-lspconfig/lua/lspconfig/configs/perlls.lua
[10:15:36.023][info] [#0:script/provider/diagnostic.lua:171]: clearDiagnostics	file:///home/nattz/.config/nvim/pack/nvim/start/nvim-lspconfig/lsp/scry.lua
[10:15:36.023][info] [#0:script/provider/diagnostic.lua:171]: clearDiagnostics	file:///home/nattz/.config/nvim/pack/nvim/start/nvim-lspconfig/lsp/millet.lua
[10:15:36.023][info] [#0:script/provider/diagnostic.lua:171]: clearDiagnostics	file:///home/nattz/.config/nvim/pack/nvim/start/nvim-lspconfig/lsp/vespa_ls.lua
[10:15:36.023][info] [#0:script/provider/diagnostic.lua:171]: clearDiagnostics	file:///home/nattz/.config/nvim/pack/nvim/start/nvim-lspconfig/lsp/ghdl_ls.lua
[10:15:36.024][info] [#0:script/provider/diagnostic.lua:171]: clearDiagnostics	file:///home/nattz/.config/nvim/pack/nvim/start/nvim-lspconfig/lua/lspconfig/configs/markdown_oxide.lua
[10:15:36.024][info] [#0:script/provider/diagnostic.lua:171]: clearDiagnostics	file:///home/nattz/.config/nvim/pack/nvim/start/nvim-lspconfig/lsp/atopile.lua
[10:15:36.024][info] [#0:script/provider/diagnostic.lua:171]: clearDiagnostics	file:///home/nattz/.config/nvim/pack/nvim/start/nvim-lspconfig/lsp/docker_language_server.lua
[10:15:36.024][info] [#0:script/provider/diagnostic.lua:171]: clearDiagnostics	file:///home/nattz/.config/nvim/pack/nvim/start/nvim-lspconfig/lsp/dcmls.lua
[10:15:36.024][info] [#0:script/provider/diagnostic.lua:171]: clearDiagnostics	file:///home/nattz/.config/nvim/pack/nvim/start/nvim-lspconfig/lsp/metals.lua
[10:15:36.024][info] [#0:script/provider/diagnostic.lua:171]: clearDiagnostics	file:///home/nattz/.config/nvim/pack/nvim/start/nvim-lspconfig/lua/lspconfig/configs/opencl_ls.lua
[10:15:36.024][info] [#0:script/provider/diagnostic.lua:171]: clearDiagnostics	file:///home/nattz/.config/nvim/pack/nvim/start/nvim-lspconfig/lua/lspconfig/configs/robotframework_ls.lua
[10:15:36.024][info] [#0:script/provider/diagnostic.lua:171]: clearDiagnostics	file:///home/nattz/.config/nvim/pack/nvim/start/nvim-lspconfig/lsp/hyprls.lua
[10:15:36.024][info] [#0:script/provider/diagnostic.lua:171]: clearDiagnostics	file:///home/nattz/.config/nvim/pack/nvim/start/nvim-lspconfig/lua/lspconfig/configs/elixirls.lua
[10:15:36.024][info] [#0:script/provider/diagnostic.lua:171]: clearDiagnostics	file:///home/nattz/.config/nvim/pack/nvim/start/nvim-lspconfig/lsp/gh_actions_ls.lua
[10:15:36.024][info] [#0:script/provider/diagnostic.lua:171]: clearDiagnostics	file:///home/nattz/.config/nvim/pack/nvim/start/nvim-lspconfig/lsp/ginko_ls.lua
[10:15:36.024][info] [#0:script/provider/diagnostic.lua:171]: clearDiagnostics	file:///home/nattz/.config/nvim/pack/nvim/start/nvim-lspconfig/lsp/intelephense.lua
[10:15:36.024][info] [#0:script/provider/diagnostic.lua:171]: clearDiagnostics	file:///home/nattz/.config/nvim/pack/nvim/start/nvim-lspconfig/lsp/veryl_ls.lua
[10:15:36.024][info] [#0:script/provider/diagnostic.lua:171]: clearDiagnostics	file:///home/nattz/.config/nvim/pack/nvim/start/nvim-lspconfig/lua/lspconfig/configs/biome.lua
[10:15:36.024][info] [#0:script/provider/diagnostic.lua:171]: clearDiagnostics	file:///home/nattz/.config/nvim/pack/nvim/start/nvim-lspconfig/lsp/mlir_lsp_server.lua
[10:15:36.024][info] [#0:script/provider/diagnostic.lua:171]: clearDiagnostics	file:///home/nattz/.config/nvim/pack/nvim/start/nvim-lspconfig/lsp/earthlyls.lua
[10:15:36.024][info] [#0:script/provider/diagnostic.lua:171]: clearDiagnostics	file:///home/nattz/.config/nvim/pack/nvim/start/nvim-lspconfig/lsp/dolmenls.lua
[10:15:36.024][info] [#0:script/provider/diagnostic.lua:171]: clearDiagnostics	file:///home/nattz/.config/nvim/pack/nvim/start/nvim-lspconfig/lsp/phptools.lua
[10:15:36.024][info] [#0:script/provider/diagnostic.lua:171]: clearDiagnostics	file:///home/nattz/.config/nvim/pack/nvim/start/nvim-lspconfig/lsp/html.lua
[10:15:36.024][info] [#0:script/provider/diagnostic.lua:171]: clearDiagnostics	file:///home/nattz/.config/nvim/pack/nvim/start/nvim-lspconfig/lua/lspconfig/configs/phpactor.lua
[10:15:36.024][info] [#0:script/provider/diagnostic.lua:171]: clearDiagnostics	file:///home/nattz/.config/nvim/pack/nvim/start/nvim-lspconfig/lsp/gleam.lua
[10:15:36.025][info] [#0:script/provider/diagnostic.lua:171]: clearDiagnostics	file:///home/nattz/.config/nvim/pack/nvim/start/nvim-lspconfig/lsp/perlpls.lua
[10:15:36.025][info] [#0:script/provider/diagnostic.lua:171]: clearDiagnostics	file:///home/nattz/.config/nvim/pack/nvim/start/nvim-lspconfig/lua/lspconfig/configs/mm0_ls.lua
[10:15:36.025][info] [#0:script/provider/diagnostic.lua:171]: clearDiagnostics	file:///home/nattz/.config/nvim/pack/nvim/start/nvim-lspconfig/lua/lspconfig/configs/cssmodules_ls.lua
[10:15:36.025][info] [#0:script/provider/diagnostic.lua:171]: clearDiagnostics	file:///home/nattz/.config/nvim/pack/nvim/start/nvim-lspconfig/lsp/ttags.lua
[10:15:36.025][info] [#0:script/provider/diagnostic.lua:171]: clearDiagnostics	file:///home/nattz/.config/nvim/pack/nvim/start/nvim-lspconfig/lsp/harper_ls.lua
[10:15:36.025][info] [#0:script/provider/diagnostic.lua:171]: clearDiagnostics	file:///home/nattz/.config/nvim/pack/nvim/start/nvim-lspconfig/lsp/dafny.lua
[10:15:36.025][info] [#0:script/provider/diagnostic.lua:171]: clearDiagnostics	file:///home/nattz/.config/nvim/pack/nvim/start/nvim-lspconfig/lsp/flux_lsp.lua
[10:15:36.025][info] [#0:script/provider/diagnostic.lua:171]: clearDiagnostics	file:///home/nattz/.config/nvim/pack/nvim/start/nvim-lspconfig/lsp/opencl_ls.lua
[10:15:36.025][info] [#0:script/provider/diagnostic.lua:171]: clearDiagnostics	file:///home/nattz/.config/nvim/pack/nvim/start/nvim-lspconfig/lsp/arduino_language_server.lua
[10:15:36.025][info] [#0:script/provider/diagnostic.lua:171]: clearDiagnostics	file:///home/nattz/.config/nvim/pack/nvim/start/nvim-lspconfig/lsp/tflint.lua
[10:15:36.025][info] [#0:script/provider/diagnostic.lua:171]: clearDiagnostics	file:///home/nattz/.config/nvim/pack/nvim/start/nvim-lspconfig/lsp/cds_lsp.lua
[10:15:36.025][info] [#0:script/provider/diagnostic.lua:171]: clearDiagnostics	file:///home/nattz/.config/nvim/pack/nvim/start/nvim-lspconfig/lsp/spectral.lua
[10:15:36.025][info] [#0:script/provider/diagnostic.lua:171]: clearDiagnostics	file:///home/nattz/.config/nvim/pack/nvim/start/nvim-lspconfig/lsp/cssls.lua
[10:15:36.025][info] [#0:script/provider/diagnostic.lua:171]: clearDiagnostics	file:///home/nattz/.config/nvim/pack/nvim/start/nvim-lspconfig/lsp/facility_language_server.lua
[10:15:36.025][info] [#0:script/provider/diagnostic.lua:171]: clearDiagnostics	file:///home/nattz/.config/nvim/pack/nvim/start/nvim-lspconfig/lsp/starpls.lua
[10:15:36.025][info] [#0:script/provider/diagnostic.lua:171]: clearDiagnostics	file:///home/nattz/.config/nvim/pack/nvim/start/nvim-lspconfig/lsp/protols.lua
[10:15:36.025][info] [#0:script/provider/diagnostic.lua:171]: clearDiagnostics	file:///home/nattz/.config/nvim/pack/nvim/start/nvim-lspconfig/lsp/debputy.lua
[10:15:36.025][info] [#0:script/provider/diagnostic.lua:171]: clearDiagnostics	file:///home/nattz/.config/nvim/pack/nvim/start/nvim-lspconfig/lsp/rome.lua
[10:15:36.025][info] [#0:script/provider/diagnostic.lua:171]: clearDiagnostics	file:///home/nattz/.config/nvim/pack/nvim/start/nvim-lspconfig/lsp/coffeesense.lua
[10:15:36.025][info] [#0:script/provider/diagnostic.lua:171]: clearDiagnostics	file:///home/nattz/.config/nvim/pack/nvim/start/nvim-lspconfig/lsp/groovyls.lua
[10:15:36.025][info] [#0:script/provider/diagnostic.lua:171]: clearDiagnostics	file:///home/nattz/.config/nvim/pack/nvim/start/nvim-lspconfig/lsp/yamlls.lua
[10:15:36.025][info] [#0:script/provider/diagnostic.lua:171]: clearDiagnostics	file:///home/nattz/.config/nvim/pack/nvim/start/nvim-lspconfig/lua/lspconfig/configs/haxe_language_server.lua
[10:15:36.025][info] [#0:script/provider/diagnostic.lua:171]: clearDiagnostics	file:///home/nattz/.config/nvim/pack/nvim/start/nvim-lspconfig/lsp/pylsp.lua
[10:15:36.026][info] [#0:script/provider/diagnostic.lua:171]: clearDiagnostics	file:///home/nattz/.config/nvim/pack/nvim/start/nvim-lspconfig/lua/lspconfig/configs/perlpls.lua
[10:15:36.026][info] [#0:script/provider/diagnostic.lua:171]: clearDiagnostics	file:///home/nattz/.config/nvim/pack/nvim/start/nvim-lspconfig/lua/lspconfig/configs/metals.lua
[10:15:36.026][info] [#0:script/provider/diagnostic.lua:171]: clearDiagnostics	file:///home/nattz/.config/nvim/pack/nvim/start/nvim-lspconfig/lua/lspconfig/configs/hyprls.lua
[10:15:36.026][info] [#0:script/provider/diagnostic.lua:171]: clearDiagnostics	file:///home/nattz/.config/nvim/pack/nvim/start/nvim-lspconfig/lsp/gnls.lua
[10:15:36.026][info] [#0:script/provider/diagnostic.lua:171]: clearDiagnostics	file:///home/nattz/.config/nvim/pack/nvim/start/nvim-lspconfig/lua/lspconfig/configs/leanls.lua
[10:15:36.026][info] [#0:script/provider/diagnostic.lua:171]: clearDiagnostics	file:///home/nattz/.config/nvim/pack/nvim/start/nvim-lspconfig/lsp/nomad_lsp.lua
[10:15:36.029][info] [#0:script/provider/diagnostic.lua:171]: clearDiagnostics	file:///home/nattz/.config/nvim/pack/nvim/start/nvim-lspconfig/lsp/pug.lua
[10:15:36.029][info] [#0:script/provider/diagnostic.lua:171]: clearDiagnostics	file:///home/nattz/.config/nvim/pack/nvim/start/nvim-lspconfig/lua/lspconfig/configs/pyright.lua
[10:15:36.029][info] [#0:script/provider/diagnostic.lua:171]: clearDiagnostics	file:///home/nattz/.config/nvim/pack/nvim/start/nvim-lspconfig/lsp/laravel_ls.lua
[10:15:36.029][info] [#0:script/provider/diagnostic.lua:171]: clearDiagnostics	file:///home/nattz/.config/nvim/pack/nvim/start/nvim-lspconfig/lsp/djlsp.lua
[10:15:36.030][info] [#0:script/provider/diagnostic.lua:171]: clearDiagnostics	file:///home/nattz/.config/nvim/pack/nvim/start/nvim-lspconfig/lsp/gitlab_ci_ls.lua
[10:15:36.030][info] [#0:script/provider/diagnostic.lua:171]: clearDiagnostics	file:///home/nattz/.config/nvim/pack/nvim/start/nvim-lspconfig/lsp/msbuild_project_tools_server.lua
[10:15:36.030][info] [#0:script/provider/diagnostic.lua:171]: clearDiagnostics	file:///home/nattz/.config/nvim/pack/nvim/start/nvim-lspconfig/lsp/cssmodules_ls.lua
[10:15:36.030][info] [#0:script/provider/diagnostic.lua:171]: clearDiagnostics	file:///home/nattz/.config/nvim/pack/nvim/start/nvim-lspconfig/lsp/jedi_language_server.lua
[10:15:36.030][info] [#0:script/provider/diagnostic.lua:171]: clearDiagnostics	file:///home/nattz/.config/nvim/pack/nvim/start/nvim-lspconfig/lua/lspconfig/configs/yang_lsp.lua
[10:15:36.030][info] [#0:script/provider/diagnostic.lua:171]: clearDiagnostics	file:///home/nattz/.config/nvim/pack/nvim/start/nvim-lspconfig/lsp/gn_language_server.lua
[10:15:36.030][info] [#0:script/provider/diagnostic.lua:171]: clearDiagnostics	file:///home/nattz/.config/nvim/pack/nvim/start/nvim-lspconfig/lua/lspconfig/configs/harper_ls.lua
[10:15:36.030][info] [#0:script/provider/diagnostic.lua:171]: clearDiagnostics	file:///home/nattz/.config/nvim/pack/nvim/start/nvim-lspconfig/lsp/gitlab_duo.lua
[10:15:36.030][info] [#0:script/provider/diagnostic.lua:171]: clearDiagnostics	file:///home/nattz/.config/nvim/pack/nvim/start/nvim-lspconfig/lua/lspconfig/configs/slangd.lua
[10:15:36.030][info] [#0:script/provider/diagnostic.lua:171]: clearDiagnostics	file:///home/nattz/.config/nvim/pack/nvim/start/nvim-lspconfig/lsp/snakeskin_ls.lua
[10:15:36.030][info] [#0:script/provider/diagnostic.lua:171]: clearDiagnostics	file:///home/nattz/.config/nvim/pack/nvim/start/nvim-lspconfig/lua/lspconfig/configs/bicep.lua
[10:15:36.030][info] [#0:script/provider/diagnostic.lua:171]: clearDiagnostics	file:///home/nattz/.config/nvim/pack/nvim/start/nvim-lspconfig/lsp/ruby_lsp.lua
[10:15:36.030][info] [#0:script/provider/diagnostic.lua:171]: clearDiagnostics	file:///home/nattz/.config/nvim/pack/nvim/start/nvim-lspconfig/lsp/bright_script.lua
[10:15:36.030][info] [#0:script/provider/diagnostic.lua:171]: clearDiagnostics	file:///home/nattz/.config/nvim/pack/nvim/start/nvim-lspconfig/lua/lspconfig/configs/vacuum.lua
[10:15:36.030][info] [#0:script/provider/diagnostic.lua:171]: clearDiagnostics	file:///home/nattz/.config/nvim/pack/nvim/start/nvim-lspconfig/lua/lspconfig/configs/emmet_language_server.lua
[10:15:36.030][info] [#0:script/provider/diagnostic.lua:171]: clearDiagnostics	file:///home/nattz/.config/nvim/pack/nvim/start/nvim-lspconfig/lua/lspconfig/configs/openscad_ls.lua
[10:15:36.030][info] [#0:script/provider/diagnostic.lua:171]: clearDiagnostics	file:///home/nattz/.config/nvim/pack/nvim/start/nvim-lspconfig/lua/lspconfig/configs/ziggy_schema.lua
[10:15:36.030][info] [#0:script/provider/diagnostic.lua:171]: clearDiagnostics	file:///home/nattz/.config/nvim/pack/nvim/start/nvim-lspconfig/lsp/lwc_ls.lua
[10:15:36.030][info] [#0:script/provider/diagnostic.lua:171]: clearDiagnostics	file:///home/nattz/.config/nvim/pack/nvim/start/nvim-lspconfig/lsp/omnisharp.lua
[10:15:36.030][info] [#0:script/provider/diagnostic.lua:171]: clearDiagnostics	file:///home/nattz/.config/nvim/pack/nvim/start/nvim-lspconfig/lsp/pest_ls.lua
[10:15:36.031][info] [#0:script/provider/diagnostic.lua:171]: clearDiagnostics	file:///home/nattz/.config/nvim/pack/nvim/start/nvim-lspconfig/lua/lspconfig/configs/r_language_server.lua
[10:15:36.031][info] [#0:script/provider/diagnostic.lua:171]: clearDiagnostics	file:///home/nattz/.config/nvim/pack/nvim/start/nvim-lspconfig/lua/lspconfig/configs.lua
[10:15:36.031][info] [#0:script/provider/diagnostic.lua:171]: clearDiagnostics	file:///home/nattz/.config/nvim/pack/nvim/start/nvim-lspconfig/lsp/scheme_langserver.lua
[10:15:36.031][info] [#0:script/provider/diagnostic.lua:171]: clearDiagnostics	file:///home/nattz/.config/nvim/pack/nvim/start/nvim-lspconfig/lsp/vale_ls.lua
[10:15:36.031][info] [#0:script/provider/diagnostic.lua:171]: clearDiagnostics	file:///home/nattz/.config/nvim/pack/nvim/start/nvim-lspconfig/lsp/stylua3p_ls.lua
[10:15:36.031][info] [#0:script/provider/diagnostic.lua:171]: clearDiagnostics	file:///home/nattz/.config/nvim/pack/nvim/start/nvim-lspconfig/lsp/vimls.lua
[10:15:36.031][info] [#0:script/provider/diagnostic.lua:171]: clearDiagnostics	file:///home/nattz/.config/nvim/pack/nvim/start/nvim-lspconfig/lsp/ziggy_schema.lua
[10:15:36.031][info] [#0:script/provider/diagnostic.lua:171]: clearDiagnostics	file:///home/nattz/.config/nvim/pack/nvim/start/nvim-lspconfig/lsp/r_language_server.lua
[10:15:36.031][info] [#0:script/provider/diagnostic.lua:171]: clearDiagnostics	file:///home/nattz/.config/nvim/pack/nvim/start/nvim-lspconfig/lsp/reason_ls.lua
[10:15:36.031][info] [#0:script/provider/diagnostic.lua:171]: clearDiagnostics	file:///home/nattz/.config/nvim/pack/nvim/start/nvim-lspconfig/lsp/zk.lua
[10:15:36.031][info] [#0:script/provider/diagnostic.lua:171]: clearDiagnostics	file:///home/nattz/.config/nvim/pack/nvim/start/nvim-lspconfig/lsp/copilot.lua
[10:15:36.031][info] [#0:script/provider/diagnostic.lua:171]: clearDiagnostics	file:///home/nattz/.config/nvim/pack/nvim/start/nvim-lspconfig/lsp/smarty_ls.lua
[10:15:36.031][info] [#0:script/provider/diagnostic.lua:171]: clearDiagnostics	file:///home/nattz/.config/nvim/pack/nvim/start/nvim-lspconfig/lsp/ruff_lsp.lua
[10:15:36.031][info] [#0:script/provider/diagnostic.lua:171]: clearDiagnostics	file:///home/nattz/.config/nvim/pack/nvim/start/nvim-lspconfig/lsp/clangd.lua
[10:15:36.031][info] [#0:script/provider/diagnostic.lua:171]: clearDiagnostics	file:///home/nattz/.config/nvim/pack/nvim/start/nvim-lspconfig/lua/lspconfig/configs/tabby_ml.lua
[10:15:36.031][info] [#0:script/provider/diagnostic.lua:171]: clearDiagnostics	file:///home/nattz/.config/nvim/pack/nvim/start/nvim-lspconfig/lsp/anakin_language_server.lua
[10:15:36.031][info] [#0:script/provider/diagnostic.lua:171]: clearDiagnostics	file:///home/nattz/.config/nvim/pack/nvim/start/nvim-lspconfig/lsp/vscoqtop.lua
[10:15:36.031][info] [#0:script/provider/diagnostic.lua:171]: clearDiagnostics	file:///home/nattz/.config/nvim/pack/nvim/start/nvim-lspconfig/lsp/swift_mesonls.lua
[10:15:36.031][info] [#0:script/provider/diagnostic.lua:171]: clearDiagnostics	file:///home/nattz/.config/nvim/pack/nvim/start/nvim-lspconfig/lsp/julials.lua
[10:15:36.031][info] [#0:script/provider/diagnostic.lua:171]: clearDiagnostics	file:///home/nattz/.config/nvim/pack/nvim/start/nvim-lspconfig/lsp/svls.lua
[10:15:36.031][info] [#0:script/provider/diagnostic.lua:171]: clearDiagnostics	file:///home/nattz/.config/nvim/pack/nvim/start/nvim-lspconfig/lsp/marksman.lua
[10:15:36.032][info] [#0:script/provider/diagnostic.lua:171]: clearDiagnostics	file:///home/nattz/.config/nvim/pack/nvim/start/nvim-lspconfig/lua/lspconfig/configs/racket_langserver.lua
[10:15:36.032][info] [#0:script/provider/diagnostic.lua:171]: clearDiagnostics	file:///home/nattz/.config/nvim/pack/nvim/start/nvim-lspconfig/lsp/ansiblels.lua
[10:15:36.032][info] [#0:script/provider/diagnostic.lua:171]: clearDiagnostics	file:///home/nattz/.config/nvim/pack/nvim/start/nvim-lspconfig/lua/lspconfig/configs/mdx_analyzer.lua
[10:15:36.032][info] [#0:script/provider/diagnostic.lua:171]: clearDiagnostics	file:///home/nattz/.config/nvim/pack/nvim/start/nvim-lspconfig/lsp/powershell_es.lua
[10:15:36.032][info] [#0:script/provider/diagnostic.lua:171]: clearDiagnostics	file:///home/nattz/.config/nvim/pack/nvim/start/nvim-lspconfig/lsp/cir_lsp_server.lua
[10:15:36.032][info] [#0:script/provider/diagnostic.lua:171]: clearDiagnostics	file:///home/nattz/.config/nvim/pack/nvim/start/nvim-lspconfig/lua/lspconfig/configs/mutt_ls.lua
[10:15:36.032][info] [#0:script/provider/diagnostic.lua:171]: clearDiagnostics	file:///home/nattz/.config/nvim/pack/nvim/start/nvim-lspconfig/lsp/pylyzer.lua
[10:15:36.032][info] [#0:script/provider/diagnostic.lua:171]: clearDiagnostics	file:///home/nattz/.config/nvim/pack/nvim/start/nvim-lspconfig/lsp/slint_lsp.lua
[10:15:36.032][info] [#0:script/provider/diagnostic.lua:171]: clearDiagnostics	file:///home/nattz/.config/nvim/pack/nvim/start/nvim-lspconfig/lsp/css_variables.lua
[10:15:36.032][info] [#0:script/provider/diagnostic.lua:171]: clearDiagnostics	file:///home/nattz/.config/nvim/pack/nvim/start/nvim-lspconfig/lsp/nelua_lsp.lua
[10:15:36.032][info] [#0:script/provider/diagnostic.lua:171]: clearDiagnostics	file:///home/nattz/.config/nvim/pack/nvim/start/nvim-lspconfig/lua/lspconfig/async.lua
[10:15:36.032][info] [#0:script/provider/diagnostic.lua:171]: clearDiagnostics	file:///home/nattz/.config/nvim/pack/nvim/start/nvim-lspconfig/lua/lspconfig/configs/slint_lsp.lua
[10:15:36.032][info] [#0:script/provider/diagnostic.lua:171]: clearDiagnostics	file:///home/nattz/.config/nvim/pack/nvim/start/nvim-lspconfig/lsp/ziggy.lua
[10:15:36.032][info] [#0:script/provider/diagnostic.lua:171]: clearDiagnostics	file:///home/nattz/.config/nvim/pack/nvim/start/nvim-lspconfig/lsp/hdl_checker.lua
[10:15:36.032][info] [#0:script/provider/diagnostic.lua:171]: clearDiagnostics	file:///home/nattz/.config/nvim/pack/nvim/start/nvim-lspconfig/lua/lspconfig/configs/vscoqtop.lua
[10:15:36.032][info] [#0:script/provider/diagnostic.lua:171]: clearDiagnostics	file:///home/nattz/.config/nvim/pack/nvim/start/nvim-lspconfig/lsp/ltex.lua
[10:15:36.032][info] [#0:script/provider/diagnostic.lua:171]: clearDiagnostics	file:///home/nattz/.config/nvim/pack/nvim/start/nvim-lspconfig/lua/lspconfig/configs/tinymist.lua
[10:15:36.032][info] [#0:script/provider/diagnostic.lua:171]: clearDiagnostics	file:///home/nattz/.config/nvim/pack/nvim/start/nvim-lspconfig/lsp/home_assistant.lua
[10:15:36.032][info] [#0:script/provider/diagnostic.lua:171]: clearDiagnostics	file:///home/nattz/.config/nvim/pack/nvim/start/nvim-lspconfig/lua/lspconfig/configs/regols.lua
[10:15:36.032][info] [#0:script/provider/diagnostic.lua:171]: clearDiagnostics	file:///home/nattz/.config/nvim/pack/nvim/start/nvim-lspconfig/lua/lspconfig/configs/jqls.lua
[10:15:36.032][info] [#0:script/provider/diagnostic.lua:171]: clearDiagnostics	file:///home/nattz/.config/nvim/pack/nvim/start/nvim-lspconfig/lsp/pyright.lua
[10:15:36.032][info] [#0:script/provider/diagnostic.lua:171]: clearDiagnostics	file:///home/nattz/.config/nvim/pack/nvim/start/nvim-lspconfig/lua/lspconfig/configs/nushell.lua
[10:15:36.032][info] [#0:script/provider/diagnostic.lua:171]: clearDiagnostics	file:///home/nattz/.config/nvim/pack/nvim/start/nvim-lspconfig/lsp/stylua.lua
[10:15:36.033][info] [#0:script/provider/diagnostic.lua:171]: clearDiagnostics	file:///home/nattz/.config/nvim/pack/nvim/start/nvim-lspconfig/lsp/robotframework_ls.lua
[10:15:36.033][info] [#0:script/provider/diagnostic.lua:171]: clearDiagnostics	file:///home/nattz/.config/nvim/pack/nvim/start/nvim-lspconfig/lsp/emmet_language_server.lua
[10:15:36.033][info] [#0:script/provider/diagnostic.lua:171]: clearDiagnostics	file:///home/nattz/.config/nvim/pack/nvim/start/nvim-lspconfig/lua/lspconfig/configs/pylyzer.lua
[10:15:36.033][info] [#0:script/provider/diagnostic.lua:171]: clearDiagnostics	file:///home/nattz/.config/nvim/pack/nvim/start/nvim-lspconfig/lsp/ecsact.lua
[10:15:36.033][info] [#0:script/provider/diagnostic.lua:171]: clearDiagnostics	file:///home/nattz/.config/nvim/pack/nvim/start/nvim-lspconfig/lsp/solc.lua
[10:15:36.033][info] [#0:script/provider/diagnostic.lua:171]: clearDiagnostics	file:///home/nattz/.config/nvim/pack/nvim/start/nvim-lspconfig/lsp/mojo.lua
[10:15:36.033][info] [#0:script/provider/diagnostic.lua:171]: clearDiagnostics	file:///home/nattz/.config/nvim/pack/nvim/start/nvim-lspconfig/lua/lspconfig/configs/circom-lsp.lua
[10:15:36.033][info] [#0:script/provider/diagnostic.lua:171]: clearDiagnostics	file:///home/nattz/.config/nvim/pack/nvim/start/nvim-lspconfig/lsp/fortls.lua
[10:15:36.033][info] [#0:script/provider/diagnostic.lua:171]: clearDiagnostics	file:///home/nattz/.config/nvim/pack/nvim/start/nvim-lspconfig/lsp/crystalline.lua
[10:15:36.033][info] [#0:script/provider/diagnostic.lua:171]: clearDiagnostics	file:///home/nattz/.config/nvim/pack/nvim/start/nvim-lspconfig/lsp/esbonio.lua
[10:15:36.033][info] [#0:script/provider/diagnostic.lua:171]: clearDiagnostics	file:///home/nattz/.config/nvim/pack/nvim/start/nvim-lspconfig/lsp/sixtyfps.lua
[10:15:36.033][info] [#0:script/provider/diagnostic.lua:171]: clearDiagnostics	file:///home/nattz/.config/nvim/pack/nvim/start/nvim-lspconfig/lsp/bqls.lua
[10:15:36.033][info] [#0:script/provider/diagnostic.lua:171]: clearDiagnostics	file:///home/nattz/.config/nvim/pack/nvim/start/nvim-lspconfig/lsp/emmet_ls.lua
[10:15:36.033][info] [#0:script/provider/diagnostic.lua:171]: clearDiagnostics	file:///home/nattz/.config/nvim/pack/nvim/start/nvim-lspconfig/lua/lspconfig/configs/anakin_language_server.lua
[10:15:36.033][info] [#0:script/provider/diagnostic.lua:171]: clearDiagnostics	file:///home/nattz/.config/nvim/pack/nvim/start/nvim-lspconfig/lsp/ocamllsp.lua
[10:15:36.033][info] [#0:script/provider/diagnostic.lua:171]: clearDiagnostics	file:///home/nattz/.config/nvim/pack/nvim/start/nvim-lspconfig/lsp/pyre.lua
[10:15:36.033][info] [#0:script/provider/diagnostic.lua:171]: clearDiagnostics	file:///home/nattz/.config/nvim/pack/nvim/start/nvim-lspconfig/lua/lspconfig/configs/ziggy.lua
[10:15:36.033][info] [#0:script/provider/diagnostic.lua:171]: clearDiagnostics	file:///home/nattz/.config/nvim/pack/nvim/start/nvim-lspconfig/lsp/rescriptls.lua
[10:15:36.033][info] [#0:script/provider/diagnostic.lua:171]: clearDiagnostics	file:///home/nattz/.config/nvim/pack/nvim/start/nvim-lspconfig/lsp/textlsp.lua
[10:15:36.034][info] [#0:script/provider/diagnostic.lua:171]: clearDiagnostics	file:///home/nattz/.config/nvim/pack/nvim/start/nvim-lspconfig/lsp/eslint.lua
[10:15:36.034][info] [#0:script/provider/diagnostic.lua:171]: clearDiagnostics	file:///home/nattz/.config/nvim/pack/nvim/start/nvim-lspconfig/lsp/ols.lua
[10:15:36.034][info] [#0:script/provider/diagnostic.lua:171]: clearDiagnostics	file:///home/nattz/.config/nvim/pack/nvim/start/nvim-lspconfig/lsp/superhtml.lua
[10:15:36.034][info] [#0:script/provider/diagnostic.lua:171]: clearDiagnostics	file:///home/nattz/.config/nvim/pack/nvim/start/nvim-lspconfig/lsp/denols.lua
[10:15:36.034][info] [#0:script/provider/diagnostic.lua:171]: clearDiagnostics	file:///home/nattz/.config/nvim/pack/nvim/start/nvim-lspconfig/lsp/smithy_ls.lua
[10:15:36.034][info] [#0:script/provider/diagnostic.lua:171]: clearDiagnostics	file:///home/nattz/.config/nvim/pack/nvim/start/nvim-lspconfig/lua/lspconfig/configs/dotls.lua
[10:15:36.034][info] [#0:script/provider/diagnostic.lua:171]: clearDiagnostics	file:///home/nattz/.config/nvim/pack/nvim/start/nvim-lspconfig/lsp/starlark_rust.lua
[10:15:36.034][info] [#0:script/provider/diagnostic.lua:171]: clearDiagnostics	file:///home/nattz/.config/nvim/pack/nvim/start/nvim-lspconfig/lsp/salt_ls.lua
[10:15:36.034][info] [#0:script/provider/diagnostic.lua:171]: clearDiagnostics	file:///home/nattz/.config/nvim/pack/nvim/start/nvim-lspconfig/lsp/nim_langserver.lua
[10:15:36.034][info] [#0:script/provider/diagnostic.lua:171]: clearDiagnostics	file:///home/nattz/.config/nvim/pack/nvim/start/nvim-lspconfig/lsp/turtle_ls.lua
[10:15:36.034][info] [#0:script/provider/diagnostic.lua:171]: clearDiagnostics	file:///home/nattz/.config/nvim/pack/nvim/start/nvim-lspconfig/lsp/biome.lua
[10:15:36.034][info] [#0:script/provider/diagnostic.lua:171]: clearDiagnostics	file:///home/nattz/.config/nvim/pack/nvim/start/nvim-lspconfig/lsp/dprint.lua
[10:15:36.034][info] [#0:script/provider/diagnostic.lua:171]: clearDiagnostics	file:///home/nattz/.config/nvim/pack/nvim/start/nvim-lspconfig/lsp/beancount.lua
[10:15:36.034][info] [#0:script/provider/diagnostic.lua:171]: clearDiagnostics	file:///home/nattz/.config/nvim/pack/nvim/start/nvim-lspconfig/lsp/vectorcode_server.lua
[10:15:36.034][info] [#0:script/provider/diagnostic.lua:171]: clearDiagnostics	file:///home/nattz/.config/nvim/pack/nvim/start/nvim-lspconfig/lsp/cmake.lua
[10:15:36.034][info] [#0:script/provider/diagnostic.lua:171]: clearDiagnostics	file:///home/nattz/.config/nvim/pack/nvim/start/nvim-lspconfig/lsp/prismals.lua
[10:15:36.034][info] [#0:script/provider/diagnostic.lua:171]: clearDiagnostics	file:///home/nattz/.config/nvim/pack/nvim/start/nvim-lspconfig/lsp/typst_lsp.lua
[10:15:36.034][info] [#0:script/provider/diagnostic.lua:171]: clearDiagnostics	file:///home/nattz/.config/nvim/pack/nvim/start/nvim-lspconfig/lsp/fsharp_language_server.lua
[10:15:36.034][info] [#0:script/provider/diagnostic.lua:171]: clearDiagnostics	file:///home/nattz/.config/nvim/pack/nvim/start/nvim-lspconfig/lsp/nixd.lua
[10:15:36.035][info] [#0:script/provider/diagnostic.lua:171]: clearDiagnostics	file:///home/nattz/.config/nvim/pack/nvim/start/nvim-lspconfig/lsp/elixirls.lua
[10:15:36.035][info] [#0:script/provider/diagnostic.lua:171]: clearDiagnostics	file:///home/nattz/.config/nvim/pack/nvim/start/nvim-lspconfig/lua/lspconfig/configs/mlir_lsp_server.lua
[10:15:36.035][info] [#0:script/provider/diagnostic.lua:171]: clearDiagnostics	file:///home/nattz/.config/nvim/pack/nvim/start/nvim-lspconfig/lsp/lean3ls.lua
[10:15:36.035][info] [#0:script/provider/diagnostic.lua:171]: clearDiagnostics	file:///home/nattz/.config/nvim/pack/nvim/start/nvim-lspconfig/lua/lspconfig/configs/jsonnet_ls.lua
[10:15:36.035][info] [#0:script/provider/diagnostic.lua:171]: clearDiagnostics	file:///home/nattz/.config/nvim/pack/nvim/start/nvim-lspconfig/lsp/systemd_ls.lua
[10:15:36.035][info] [#0:script/provider/diagnostic.lua:171]: clearDiagnostics	file:///home/nattz/.config/nvim/pack/nvim/start/nvim-lspconfig/lsp/java_language_server.lua
[10:15:36.035][info] [#0:script/provider/diagnostic.lua:171]: clearDiagnostics	file:///home/nattz/.config/nvim/pack/nvim/start/nvim-lspconfig/lsp/standardrb.lua
[10:15:36.035][info] [#0:script/provider/diagnostic.lua:171]: clearDiagnostics	file:///home/nattz/.config/nvim/pack/nvim/start/nvim-lspconfig/lua/lspconfig/configs/glint.lua
[10:15:36.035][info] [#0:script/provider/diagnostic.lua:171]: clearDiagnostics	file:///home/nattz/.config/nvim/pack/nvim/start/nvim-lspconfig/lsp/please.lua
[10:15:36.035][info] [#0:script/provider/diagnostic.lua:171]: clearDiagnostics	file:///home/nattz/.config/nvim/pack/nvim/start/nvim-lspconfig/lua/lspconfig/configs/angularls.lua
[10:15:36.035][info] [#0:script/provider/diagnostic.lua:171]: clearDiagnostics	file:///home/nattz/.config/nvim/pack/nvim/start/nvim-lspconfig/lsp/c3_lsp.lua
[10:15:36.035][info] [#0:script/provider/diagnostic.lua:171]: clearDiagnostics	file:///home/nattz/.config/nvim/pack/nvim/start/nvim-lspconfig/lsp/fennel_language_server.lua
[10:15:36.035][info] [#0:script/provider/diagnostic.lua:171]: clearDiagnostics	file:///home/nattz/.config/nvim/pack/nvim/start/nvim-lspconfig/lua/lspconfig/configs/ltex.lua
[10:15:36.035][info] [#0:script/provider/diagnostic.lua:171]: clearDiagnostics	file:///home/nattz/.config/nvim/pack/nvim/start/nvim-lspconfig/lsp/mutt_ls.lua
[10:15:36.035][info] [#0:script/provider/diagnostic.lua:171]: clearDiagnostics	file:///home/nattz/.config/nvim/pack/nvim/start/nvim-lspconfig/lsp/matlab_ls.lua
[10:15:36.035][info] [#0:script/provider/diagnostic.lua:171]: clearDiagnostics	file:///home/nattz/.config/nvim/pack/nvim/start/nvim-lspconfig/lua/lspconfig/configs/tblgen_lsp_server.lua
[10:15:36.035][info] [#0:script/provider/diagnostic.lua:171]: clearDiagnostics	file:///home/nattz/.config/nvim/pack/nvim/start/nvim-lspconfig/lsp/rubocop.lua
[10:15:36.035][info] [#0:script/provider/diagnostic.lua:171]: clearDiagnostics	file:///home/nattz/.config/nvim/pack/nvim/start/nvim-lspconfig/lsp/htmx.lua
[10:15:36.035][info] [#0:script/provider/diagnostic.lua:171]: clearDiagnostics	file:///home/nattz/.config/nvim/pack/nvim/start/nvim-lspconfig/lsp/texlab.lua
[10:15:36.035][info] [#0:script/provider/diagnostic.lua:171]: clearDiagnostics	file:///home/nattz/.config/nvim/pack/nvim/start/nvim-lspconfig/lsp/sourcekit.lua
[10:15:36.036][info] [#0:script/provider/diagnostic.lua:171]: clearDiagnostics	file:///home/nattz/.config/nvim/pack/nvim/start/nvim-lspconfig/lua/lspconfig/configs/sourcery.lua
[10:15:36.036][info] [#0:script/provider/diagnostic.lua:171]: clearDiagnostics	file:///home/nattz/.config/nvim/pack/nvim/start/nvim-lspconfig/lsp/buddy_ls.lua
[10:15:36.036][info] [#0:script/provider/diagnostic.lua:171]: clearDiagnostics	file:///home/nattz/.config/nvim/pack/nvim/start/nvim-lspconfig/lua/lspconfig/configs/bqls.lua
[10:15:36.036][info] [#0:script/provider/diagnostic.lua:171]: clearDiagnostics	file:///home/nattz/.config/nvim/pack/nvim/start/nvim-lspconfig/lua/lspconfig/configs/protols.lua
[10:15:36.036][info] [#0:script/provider/diagnostic.lua:171]: clearDiagnostics	file:///home/nattz/.config/nvim/pack/nvim/start/nvim-lspconfig/lua/lspconfig/configs/kotlin_language_server.lua
[10:15:36.036][info] [#0:script/provider/diagnostic.lua:171]: clearDiagnostics	file:///home/nattz/.config/nvim/pack/nvim/start/nvim-lspconfig/lua/lspconfig/configs/matlab_ls.lua
[10:15:36.036][info] [#0:script/provider/diagnostic.lua:171]: clearDiagnostics	file:///home/nattz/.config/nvim/pack/nvim/start/nvim-lspconfig/lsp/nil_ls.lua
[10:15:36.036][info] [#0:script/provider/diagnostic.lua:171]: clearDiagnostics	file:///home/nattz/.config/nvim/pack/nvim/start/nvim-lspconfig/lsp/visualforce_ls.lua
[10:15:36.036][info] [#0:script/provider/diagnostic.lua:171]: clearDiagnostics	file:///home/nattz/.config/nvim/pack/nvim/start/nvim-lspconfig/lua/lspconfig/configs/gdscript.lua
[10:15:36.036][info] [#0:script/provider/diagnostic.lua:171]: clearDiagnostics	file:///home/nattz/.config/nvim/pack/nvim/start/nvim-lspconfig/lsp/nimls.lua
[10:15:36.036][info] [#0:script/provider/diagnostic.lua:171]: clearDiagnostics	file:///home/nattz/.config/nvim/pack/nvim/start/nvim-lspconfig/lsp/asm_lsp.lua
[10:15:36.036][info] [#0:script/provider/diagnostic.lua:171]: clearDiagnostics	file:///home/nattz/.config/nvim/pack/nvim/start/nvim-lspconfig/lsp/wgsl_analyzer.lua
[10:15:36.036][info] [#0:script/provider/diagnostic.lua:171]: clearDiagnostics	file:///home/nattz/.config/nvim/pack/nvim/start/nvim-lspconfig/lua/lspconfig/configs/verible.lua
[10:15:36.036][info] [#0:script/provider/diagnostic.lua:171]: clearDiagnostics	file:///home/nattz/.config/nvim/pack/nvim/start/nvim-lspconfig/lua/lspconfig/configs/just.lua
[10:15:36.036][info] [#0:script/provider/diagnostic.lua:171]: clearDiagnostics	file:///home/nattz/.config/nvim/pack/nvim/start/nvim-lspconfig/lua/lspconfig/configs/jsonls.lua
[10:15:36.036][info] [#0:script/provider/diagnostic.lua:171]: clearDiagnostics	file:///home/nattz/.config/nvim/pack/nvim/start/nvim-lspconfig/lua/lspconfig/configs/jinja_lsp.lua
[10:15:36.037][info] [#0:script/provider/diagnostic.lua:171]: clearDiagnostics	file:///home/nattz/.config/nvim/pack/nvim/start/nvim-lspconfig/lua/lspconfig/configs/hdl_checker.lua
[10:15:36.037][info] [#0:script/provider/diagnostic.lua:171]: clearDiagnostics	file:///home/nattz/.config/nvim/pack/nvim/start/nvim-lspconfig/lsp/nginx_language_server.lua
[10:15:36.037][info] [#0:script/provider/diagnostic.lua:171]: clearDiagnostics	file:///home/nattz/.config/nvim/pack/nvim/start/nvim-lspconfig/lua/lspconfig/configs/ruff_lsp.lua
[10:15:36.037][info] [#0:script/provider/diagnostic.lua:171]: clearDiagnostics	file:///home/nattz/.config/nvim/pack/nvim/start/nvim-lspconfig/lsp/tilt_ls.lua
[10:15:36.037][info] [#0:script/provider/diagnostic.lua:171]: clearDiagnostics	file:///home/nattz/.config/nvim/pack/nvim/start/nvim-lspconfig/lua/lspconfig/configs/vimls.lua
[10:15:36.037][info] [#0:script/provider/diagnostic.lua:171]: clearDiagnostics	file:///home/nattz/.config/nvim/pack/nvim/start/nvim-lspconfig/lua/lspconfig/configs/poryscript_pls.lua
[10:15:36.037][info] [#0:script/provider/diagnostic.lua:171]: clearDiagnostics	file:///home/nattz/.config/nvim/pack/nvim/start/nvim-lspconfig/lua/lspconfig/configs/buddy_ls.lua
[10:15:36.037][info] [#0:script/provider/diagnostic.lua:171]: clearDiagnostics	file:///home/nattz/.config/nvim/pack/nvim/start/nvim-lspconfig/lua/lspconfig/configs/nim_langserver.lua
[10:15:36.037][info] [#0:script/provider/diagnostic.lua:171]: clearDiagnostics	file:///home/nattz/.config/nvim/pack/nvim/start/nvim-lspconfig/lsp/vala_ls.lua
[10:15:36.037][info] [#0:script/provider/diagnostic.lua:171]: clearDiagnostics	file:///home/nattz/.config/nvim/pack/nvim/start/nvim-lspconfig/lua/lspconfig/configs/starlark_rust.lua
[10:15:36.037][info] [#0:script/provider/diagnostic.lua:171]: clearDiagnostics	file:///home/nattz/.config/nvim/pack/nvim/start/nvim-lspconfig/lua/lspconfig/configs/esbonio.lua
[10:15:36.037][info] [#0:script/provider/diagnostic.lua:171]: clearDiagnostics	file:///home/nattz/.config/nvim/pack/nvim/start/nvim-lspconfig/lua/lspconfig/configs/beancount.lua
[10:15:36.037][info] [#0:script/provider/diagnostic.lua:171]: clearDiagnostics	file:///home/nattz/.config/nvim/pack/nvim/start/nvim-lspconfig/lsp/typeprof.lua
[10:15:36.037][info] [#0:script/provider/diagnostic.lua:171]: clearDiagnostics	file:///home/nattz/.config/nvim/pack/nvim/start/nvim-lspconfig/lua/lspconfig/configs/alloy_ls.lua
[10:15:36.037][info] [#0:script/provider/diagnostic.lua:171]: clearDiagnostics	file:///home/nattz/.config/nvim/pack/nvim/start/nvim-lspconfig/lsp/turbo_ls.lua
[10:15:36.037][info] [#0:script/provider/diagnostic.lua:171]: clearDiagnostics	file:///home/nattz/.config/nvim/pack/nvim/start/nvim-lspconfig/lsp/mdx_analyzer.lua
[10:15:36.037][info] [#0:script/provider/diagnostic.lua:171]: clearDiagnostics	file:///home/nattz/.config/nvim/pack/nvim/start/nvim-lspconfig/lua/lspconfig/configs/pylsp.lua
[10:15:36.037][info] [#0:script/provider/diagnostic.lua:171]: clearDiagnostics	file:///home/nattz/.config/nvim/pack/nvim/start/nvim-lspconfig/lua/lspconfig/configs/arduino_language_server.lua
[10:15:36.037][info] [#0:script/provider/diagnostic.lua:171]: clearDiagnostics	file:///home/nattz/.config/nvim/pack/nvim/start/nvim-lspconfig/lua/lspconfig/configs/typst_lsp.lua
[10:15:36.037][info] [#0:script/provider/diagnostic.lua:171]: clearDiagnostics	file:///home/nattz/.config/nvim/pack/nvim/start/nvim-lspconfig/lsp/ds_pinyin_lsp.lua
[10:15:36.037][info] [#0:script/provider/diagnostic.lua:171]: clearDiagnostics	file:///home/nattz/.config/nvim/pack/nvim/start/nvim-lspconfig/lsp/yang_lsp.lua
[10:15:36.038][info] [#0:script/provider/diagnostic.lua:171]: clearDiagnostics	file:///home/nattz/.config/nvim/pack/nvim/start/nvim-lspconfig/lua/lspconfig/configs/scry.lua
[10:15:36.038][info] [#0:script/provider/diagnostic.lua:171]: clearDiagnostics	file:///home/nattz/.config/nvim/pack/nvim/start/nvim-lspconfig/lsp/jinja_lsp.lua
[10:15:36.041][info] [#0:script/provider/diagnostic.lua:171]: clearDiagnostics	file:///home/nattz/.config/nvim/pack/nvim/start/nvim-lspconfig/lua/lspconfig.lua
[10:15:36.041][info] [#0:script/provider/diagnostic.lua:171]: clearDiagnostics	file:///home/nattz/.config/nvim/pack/nvim/start/nvim-lspconfig/lsp/prosemd_lsp.lua
[10:15:36.041][info] [#0:script/provider/diagnostic.lua:171]: clearDiagnostics	file:///home/nattz/.config/nvim/pack/nvim/start/nvim-lspconfig/lua/lspconfig/configs/lelwel_ls.lua
[10:15:36.041][info] [#0:script/provider/diagnostic.lua:171]: clearDiagnostics	file:///home/nattz/.config/nvim/pack/nvim/start/nvim-lspconfig/lsp/ltex_plus.lua
[10:15:36.041][info] [#0:script/provider/diagnostic.lua:171]: clearDiagnostics	file:///home/nattz/.config/nvim/pack/nvim/start/nvim-lspconfig/lsp/rpmspec.lua
[10:15:36.041][info] [#0:script/provider/diagnostic.lua:171]: clearDiagnostics	file:///home/nattz/.config/nvim/pack/nvim/start/nvim-lspconfig/lua/lspconfig/configs/crystalline.lua
[10:15:36.041][info] [#0:script/provider/diagnostic.lua:171]: clearDiagnostics	file:///home/nattz/.config/nvim/pack/nvim/start/nvim-lspconfig/lua/lspconfig/configs/oxlint.lua
[10:15:36.041][info] [#0:script/provider/diagnostic.lua:171]: clearDiagnostics	file:///home/nattz/.config/nvim/pack/nvim/start/nvim-lspconfig/lsp/stylelint_lsp.lua
[10:15:36.041][info] [#0:script/provider/diagnostic.lua:171]: clearDiagnostics	file:///home/nattz/.config/nvim/pack/nvim/start/nvim-lspconfig/lsp/somesass_ls.lua
[10:15:36.041][info] [#0:script/provider/diagnostic.lua:171]: clearDiagnostics	file:///home/nattz/.config/nvim/pack/nvim/start/nvim-lspconfig/lsp/stimulus_ls.lua
[10:15:36.042][info] [#0:script/provider/diagnostic.lua:171]: clearDiagnostics	file:///home/nattz/.config/nvim/pack/nvim/start/nvim-lspconfig/lua/lspconfig/configs/yls.lua
[10:15:36.042][info] [#0:script/provider/diagnostic.lua:171]: clearDiagnostics	file:///home/nattz/.config/nvim/pack/nvim/start/nvim-lspconfig/lsp/docker_compose_language_service.lua
[10:15:36.042][info] [#0:script/provider/diagnostic.lua:171]: clearDiagnostics	file:///home/nattz/.config/nvim/pack/nvim/start/nvim-lspconfig/lua/lspconfig/configs/ginko_ls.lua
[10:15:36.042][info] [#0:script/provider/diagnostic.lua:171]: clearDiagnostics	file:///home/nattz/.config/nvim/pack/nvim/start/nvim-lspconfig/lsp/racket_langserver.lua
[10:15:36.042][info] [#0:script/provider/diagnostic.lua:171]: clearDiagnostics	file:///home/nattz/.config/nvim/pack/nvim/start/nvim-lspconfig/lsp/uvls.lua
[10:15:36.042][info] [#0:script/provider/diagnostic.lua:171]: clearDiagnostics	file:///home/nattz/.config/nvim/pack/nvim/start/nvim-lspconfig/lua/lspconfig/configs/uvls.lua
[10:15:36.042][info] [#0:script/provider/diagnostic.lua:171]: clearDiagnostics	file:///home/nattz/.config/nvim/pack/nvim/start/nvim-lspconfig/lsp/pli.lua
[10:15:36.042][info] [#0:script/provider/diagnostic.lua:171]: clearDiagnostics	file:///home/nattz/.config/nvim/pack/nvim/start/nvim-lspconfig/lua/lspconfig/configs/futhark_lsp.lua
[10:15:36.042][info] [#0:script/provider/diagnostic.lua:171]: clearDiagnostics	file:///home/nattz/.config/nvim/pack/nvim/start/nvim-lspconfig/lsp/mint.lua
[10:15:36.042][info] [#0:script/provider/diagnostic.lua:171]: clearDiagnostics	file:///home/nattz/.config/nvim/pack/nvim/start/nvim-lspconfig/lsp/flow.lua
[10:15:36.042][info] [#0:script/provider/diagnostic.lua:171]: clearDiagnostics	file:///home/nattz/.config/nvim/pack/nvim/start/nvim-lspconfig/lsp/lemminx.lua
[10:15:36.042][info] [#0:script/provider/diagnostic.lua:171]: clearDiagnostics	file:///home/nattz/.config/nvim/pack/nvim/start/nvim-lspconfig/lua/lspconfig/configs/bqnlsp.lua
[10:15:36.042][info] [#0:script/provider/diagnostic.lua:171]: clearDiagnostics	file:///home/nattz/.config/nvim/pack/nvim/start/nvim-lspconfig/lua/lspconfig/configs/zk.lua
[10:15:36.042][info] [#0:script/provider/diagnostic.lua:171]: clearDiagnostics	file:///home/nattz/.config/nvim/pack/nvim/start/nvim-lspconfig/lsp/slangd.lua
[10:15:36.042][info] [#0:script/provider/diagnostic.lua:171]: clearDiagnostics	file:///home/nattz/.config/nvim/pack/nvim/start/nvim-lspconfig/lua/lspconfig/configs/prosemd_lsp.lua
[10:15:36.042][info] [#0:script/provider/diagnostic.lua:171]: clearDiagnostics	file:///home/nattz/.config/nvim/pack/nvim/start/nvim-lspconfig/lua/lspconfig/configs/gh_actions_ls.lua
[10:15:36.042][info] [#0:script/provider/diagnostic.lua:171]: clearDiagnostics	file:///home/nattz/.config/nvim/pack/nvim/start/nvim-lspconfig/lua/lspconfig/configs/qmlls.lua
[10:15:36.042][info] [#0:script/provider/diagnostic.lua:171]: clearDiagnostics	file:///home/nattz/.config/nvim/pack/nvim/start/nvim-lspconfig/lsp/lelwel_ls.lua
[10:15:36.042][info] [#0:script/provider/diagnostic.lua:171]: clearDiagnostics	file:///home/nattz/.config/nvim/pack/nvim/start/nvim-lspconfig/lsp/lexical.lua
[10:15:36.042][info] [#0:script/provider/diagnostic.lua:171]: clearDiagnostics	file:///home/nattz/.config/nvim/pack/nvim/start/nvim-lspconfig/lua/lspconfig/configs/nixd.lua
[10:15:36.042][info] [#0:script/provider/diagnostic.lua:171]: clearDiagnostics	file:///home/nattz/.config/nvim/pack/nvim/start/nvim-lspconfig/lsp/dts_lsp.lua
[10:15:36.042][info] [#0:script/provider/diagnostic.lua:171]: clearDiagnostics	file:///home/nattz/.config/nvim/pack/nvim/start/nvim-lspconfig/lsp/openscad_lsp.lua
[10:15:36.043][info] [#0:script/provider/diagnostic.lua:171]: clearDiagnostics	file:///home/nattz/.config/nvim/pack/nvim/start/nvim-lspconfig/lua/lspconfig/configs/yamlls.lua
[10:15:36.043][info] [#0:script/provider/diagnostic.lua:171]: clearDiagnostics	file:///home/nattz/.config/nvim/pack/nvim/start/nvim-lspconfig/lua/lspconfig/configs/uiua.lua
[10:15:36.043][info] [#0:script/provider/diagnostic.lua:171]: clearDiagnostics	file:///home/nattz/.config/nvim/pack/nvim/start/nvim-lspconfig/lua/lspconfig/configs/pug.lua
[10:15:36.043][info] [#0:script/provider/diagnostic.lua:171]: clearDiagnostics	file:///home/nattz/.config/nvim/pack/nvim/start/nvim-lspconfig/lua/lspconfig/configs/rome.lua
[10:15:36.043][info] [#0:script/provider/diagnostic.lua:171]: clearDiagnostics	file:///home/nattz/.config/nvim/pack/nvim/start/nvim-lspconfig/lsp/wasm_language_tools.lua
[10:15:36.043][info] [#0:script/provider/diagnostic.lua:171]: clearDiagnostics	file:///home/nattz/.config/nvim/pack/nvim/start/nvim-lspconfig/lsp/buf_ls.lua
[10:15:36.043][info] [#0:script/provider/diagnostic.lua:171]: clearDiagnostics	file:///home/nattz/.config/nvim/pack/nvim/start/nvim-lspconfig/lua/lspconfig/configs/taplo.lua
[10:15:36.043][info] [#0:script/provider/diagnostic.lua:171]: clearDiagnostics	file:///home/nattz/.config/nvim/pack/nvim/start/nvim-lspconfig/lsp/cue.lua
[10:15:36.043][info] [#0:script/provider/diagnostic.lua:171]: clearDiagnostics	file:///home/nattz/.config/nvim/pack/nvim/start/nvim-lspconfig/lua/lspconfig/configs/postgres_lsp.lua
[10:15:36.043][info] [#0:script/provider/diagnostic.lua:171]: clearDiagnostics	file:///home/nattz/.config/nvim/pack/nvim/start/nvim-lspconfig/lsp/bashls.lua
[10:15:36.043][info] [#0:script/provider/diagnostic.lua:171]: clearDiagnostics	file:///home/nattz/.config/nvim/pack/nvim/start/nvim-lspconfig/lsp/contextive.lua
[10:15:36.043][info] [#0:script/provider/diagnostic.lua:171]: clearDiagnostics	file:///home/nattz/.config/nvim/pack/nvim/start/nvim-lspconfig/lsp/motoko_lsp.lua
[10:15:36.043][info] [#0:script/provider/diagnostic.lua:171]: clearDiagnostics	file:///home/nattz/.config/nvim/pack/nvim/start/nvim-lspconfig/lua/lspconfig/configs/ruff.lua
[10:15:36.043][info] [#0:script/provider/diagnostic.lua:171]: clearDiagnostics	file:///home/nattz/.config/nvim/pack/nvim/start/nvim-lspconfig/lsp/hlasm.lua
[10:15:36.043][info] [#0:script/provider/diagnostic.lua:171]: clearDiagnostics	file:///home/nattz/.config/nvim/pack/nvim/start/nvim-lspconfig/lua/lspconfig/configs/lemminx.lua
[10:15:36.043][info] [#0:script/provider/diagnostic.lua:171]: clearDiagnostics	file:///home/nattz/.config/nvim/pack/nvim/start/nvim-lspconfig/lsp/perlls.lua
[10:15:36.043][info] [#0:script/provider/diagnostic.lua:171]: clearDiagnostics	file:///home/nattz/.config/nvim/pack/nvim/start/nvim-lspconfig/lua/lspconfig/configs/golangci_lint_ls.lua
[10:15:36.044][info] [#0:script/provider/diagnostic.lua:171]: clearDiagnostics	file:///home/nattz/.config/nvim/pack/nvim/start/nvim-lspconfig/lsp/apex_ls.lua
[10:15:36.044][info] [#0:script/provider/diagnostic.lua:171]: clearDiagnostics	file:///home/nattz/.config/nvim/pack/nvim/start/nvim-lspconfig/lsp/systemd_lsp.lua
[10:15:36.044][info] [#0:script/provider/diagnostic.lua:171]: clearDiagnostics	file:///home/nattz/.config/nvim/pack/nvim/start/nvim-lspconfig/lua/lspconfig/configs/cobol_ls.lua
[10:15:36.044][info] [#0:script/provider/diagnostic.lua:171]: clearDiagnostics	file:///home/nattz/.config/nvim/pack/nvim/start/nvim-lspconfig/lsp/solidity_ls.lua
[10:15:36.044][info] [#0:script/provider/diagnostic.lua:171]: clearDiagnostics	file:///home/nattz/.config/nvim/pack/nvim/start/nvim-lspconfig/lsp/autohotkey_lsp.lua
[10:15:36.044][info] [#0:script/provider/diagnostic.lua:171]: clearDiagnostics	file:///home/nattz/.config/nvim/pack/nvim/start/nvim-lspconfig/lsp/v_analyzer.lua
[10:15:36.044][info] [#0:script/provider/diagnostic.lua:171]: clearDiagnostics	file:///home/nattz/.config/nvim/pack/nvim/start/nvim-lspconfig/lsp/m68k.lua
[10:15:36.044][info] [#0:script/provider/diagnostic.lua:171]: clearDiagnostics	file:///home/nattz/.config/nvim/pack/nvim/start/nvim-lspconfig/lua/lspconfig/configs/nginx_language_server.lua
[10:15:36.044][info] [#0:script/provider/diagnostic.lua:171]: clearDiagnostics	file:///home/nattz/.config/nvim/pack/nvim/start/nvim-lspconfig/lua/lspconfig/configs/ds_pinyin_lsp.lua
[10:15:36.044][info] [#0:script/provider/diagnostic.lua:171]: clearDiagnostics	file:///home/nattz/.config/nvim/pack/nvim/start/nvim-lspconfig/lua/lspconfig/configs/cucumber_language_server.lua
[10:15:36.044][info] [#0:script/provider/diagnostic.lua:171]: clearDiagnostics	file:///home/nattz/.config/nvim/pack/nvim/start/nvim-lspconfig/lua/lspconfig/configs/omnisharp.lua
[10:15:36.044][info] [#0:script/provider/diagnostic.lua:171]: clearDiagnostics	file:///home/nattz/.config/nvim/pack/nvim/start/nvim-lspconfig/lua/lspconfig/configs/muon.lua
[10:15:36.044][info] [#0:script/provider/diagnostic.lua:171]: clearDiagnostics	file:///home/nattz/.config/nvim/pack/nvim/start/nvim-lspconfig/lua/lspconfig/configs/guile_ls.lua
[10:15:36.045][info] [#0:script/provider/diagnostic.lua:171]: clearDiagnostics	file:///home/nattz/.config/nvim/pack/nvim/start/nvim-lspconfig/lsp/postgres_lsp.lua
[10:15:36.045][info] [#0:script/provider/diagnostic.lua:171]: clearDiagnostics	file:///home/nattz/.config/nvim/pack/nvim/start/nvim-lspconfig/lua/lspconfig/configs/bitbake_ls.lua
[10:15:36.045][info] [#0:script/provider/diagnostic.lua:171]: clearDiagnostics	file:///home/nattz/.config/nvim/pack/nvim/start/nvim-lspconfig/lsp/clarinet.lua
[10:15:36.045][info] [#0:script/provider/diagnostic.lua:171]: clearDiagnostics	file:///home/nattz/.config/nvim/pack/nvim/start/nvim-lspconfig/lua/lspconfig/configs/gopls.lua
[10:15:36.045][info] [#0:script/provider/diagnostic.lua:171]: clearDiagnostics	file:///home/nattz/.config/nvim/pack/nvim/start/nvim-lspconfig/lua/lspconfig/configs/janet_lsp.lua
[10:15:36.045][info] [#0:script/provider/diagnostic.lua:171]: clearDiagnostics	file:///home/nattz/.config/nvim/pack/nvim/start/nvim-lspconfig/lsp/move_analyzer.lua
[10:15:36.045][info] [#0:script/provider/diagnostic.lua:171]: clearDiagnostics	file:///home/nattz/.config/nvim/pack/nvim/start/nvim-lspconfig/lua/lspconfig/configs/glsl_analyzer.lua
[10:15:36.045][info] [#0:script/provider/diagnostic.lua:171]: clearDiagnostics	file:///home/nattz/.config/nvim/pack/nvim/start/nvim-lspconfig/lsp/perlnavigator.lua
[10:15:36.045][info] [#0:script/provider/diagnostic.lua:171]: clearDiagnostics	file:///home/nattz/.config/nvim/pack/nvim/start/nvim-lspconfig/lsp/fstar.lua
[10:15:36.045][info] [#0:script/provider/diagnostic.lua:171]: clearDiagnostics	file:///home/nattz/.config/nvim/pack/nvim/start/nvim-lspconfig/lua/lspconfig/configs/erg_language_server.lua
[10:15:36.045][info] [#0:script/provider/diagnostic.lua:171]: clearDiagnostics	file:///home/nattz/.config/nvim/pack/nvim/start/nvim-lspconfig/lsp/diagnosticls.lua
[10:15:36.045][info] [#0:script/provider/diagnostic.lua:171]: clearDiagnostics	file:///home/nattz/.config/nvim/pack/nvim/start/nvim-lspconfig/lua/lspconfig/configs/bashls.lua
[10:15:36.045][info] [#0:script/provider/diagnostic.lua:171]: clearDiagnostics	file:///home/nattz/.config/nvim/pack/nvim/start/nvim-lspconfig/lsp/templ.lua
[10:15:36.045][info] [#0:script/provider/diagnostic.lua:171]: clearDiagnostics	file:///home/nattz/.config/nvim/pack/nvim/start/nvim-lspconfig/lua/lspconfig/configs/ltex_plus.lua
[10:15:36.045][info] [#0:script/provider/diagnostic.lua:171]: clearDiagnostics	file:///home/nattz/.config/nvim/pack/nvim/start/nvim-lspconfig/lua/lspconfig/configs/vectorcode_server.lua
[10:15:36.045][info] [#0:script/provider/diagnostic.lua:171]: clearDiagnostics	file:///home/nattz/.config/nvim/pack/nvim/start/nvim-lspconfig/lsp/expert.lua
[10:15:36.045][info] [#0:script/provider/diagnostic.lua:171]: clearDiagnostics	file:///home/nattz/.config/nvim/pack/nvim/start/nvim-lspconfig/lsp/bicep.lua
[10:15:36.045][info] [#0:script/provider/diagnostic.lua:171]: clearDiagnostics	file:///home/nattz/.config/nvim/pack/nvim/start/nvim-lspconfig/lua/lspconfig/configs/mojo.lua
[10:15:36.045][info] [#0:script/provider/diagnostic.lua:171]: clearDiagnostics	file:///home/nattz/.config/nvim/pack/nvim/start/nvim-lspconfig/lua/lspconfig/util.lua
[10:15:36.046][info] [#0:script/provider/diagnostic.lua:171]: clearDiagnostics	file:///home/nattz/.config/nvim/pack/nvim/start/nvim-lspconfig/lsp/astro.lua
[10:15:36.046][info] [#0:script/provider/diagnostic.lua:171]: clearDiagnostics	file:///home/nattz/.config/nvim/pack/nvim/start/nvim-lspconfig/lsp/shopify_theme_ls.lua
[10:15:36.046][info] [#0:script/library.lua:216]: Init builtin library at:	file:///home/nattz/.config/nvim
[10:15:36.055][info] [#0:script/workspace/workspace.lua:332]: Preload start:	file:///home/nattz/.config/nvim
[10:15:36.062][info] [#0:script/workspace/workspace.lua:338]: Scan files at:	file:///home/nattz/.config/nvim
[10:15:36.099][info] [#0:script/workspace/workspace.lua:361]: Scan library at:	file:///home/nattz/.local/share/nvim/mason/packages/lua-language-server/libexec/meta/LuaJIT%20en-us%20utf8/builtin.lua
[10:15:36.099][info] [#0:script/workspace/workspace.lua:361]: Scan library at:	file:///home/nattz/.local/share/nvim/mason/packages/lua-language-server/libexec/meta/LuaJIT%20en-us%20utf8/io.lua
[10:15:36.099][info] [#0:script/workspace/workspace.lua:361]: Scan library at:	file:///home/nattz/.local/share/nvim/lazy/lazy.nvim/lua
[10:15:36.102][info] [#0:script/workspace/workspace.lua:361]: Scan library at:	file:///home/nattz/.local/share/nvim/mason/packages/lua-language-server/libexec/meta/LuaJIT%20en-us%20utf8/string/buffer.lua
[10:15:36.102][info] [#0:script/workspace/workspace.lua:361]: Scan library at:	file:///home/nattz/.local/share/nvim/mason/packages/lua-language-server/libexec/meta/LuaJIT%20en-us%20utf8/bit.lua
[10:15:36.102][info] [#0:script/workspace/workspace.lua:361]: Scan library at:	file:///home/nattz/.local/share/nvim/mason/packages/lua-language-server/libexec/meta/LuaJIT%20en-us%20utf8/jit.lua
[10:15:36.102][info] [#0:script/workspace/workspace.lua:361]: Scan library at:	file:///home/nattz/.local/share/nvim/mason/packages/lua-language-server/libexec/meta/LuaJIT%20en-us%20utf8/table/clear.lua
[10:15:36.102][info] [#0:script/workspace/workspace.lua:361]: Scan library at:	file:///home/nattz/.local/share/nvim/mason/packages/lua-language-server/libexec/meta/LuaJIT%20en-us%20utf8/package.lua
[10:15:36.102][info] [#0:script/workspace/workspace.lua:361]: Scan library at:	file:///home/nattz/.local/share/nvim/mason/packages/lua-language-server/libexec/meta/LuaJIT%20en-us%20utf8/basic.lua
[10:15:36.102][info] [#0:script/workspace/workspace.lua:361]: Scan library at:	file:///home/nattz/.local/share/nvim/mason/packages/lua-language-server/libexec/meta/LuaJIT%20en-us%20utf8/table.lua
[10:15:36.102][info] [#0:script/workspace/workspace.lua:361]: Scan library at:	file:///home/nattz/.local/share/nvim/mason/packages/lua-language-server/libexec/meta/LuaJIT%20en-us%20utf8/debug.lua
[10:15:36.102][info] [#0:script/workspace/workspace.lua:361]: Scan library at:	file:///home/nattz/.local/share/nvim/mason/packages/lua-language-server/libexec/meta/LuaJIT%20en-us%20utf8/table/new.lua
[10:15:36.102][info] [#0:script/workspace/workspace.lua:361]: Scan library at:	file:///home/nattz/.local/share/nvim/mason/packages/lua-language-server/libexec/meta/LuaJIT%20en-us%20utf8/jit/profile.lua
[10:15:36.103][info] [#0:script/workspace/workspace.lua:361]: Scan library at:	file:///home/nattz/.local/share/nvim/mason/packages/lua-language-server/libexec/meta/LuaJIT%20en-us%20utf8/string.lua
[10:15:36.103][info] [#0:script/workspace/workspace.lua:361]: Scan library at:	file:///home/nattz/.local/share/nvim/mason/packages/lua-language-server/libexec/meta/LuaJIT%20en-us%20utf8/math.lua
[10:15:36.103][info] [#0:script/workspace/workspace.lua:361]: Scan library at:	file:///home/nattz/.local/share/nvim/mason/packages/lua-language-server/libexec/meta/LuaJIT%20en-us%20utf8/ffi.lua
[10:15:36.103][info] [#0:script/workspace/workspace.lua:361]: Scan library at:	file:///home/nattz/.local/share/nvim/mason/packages/lua-language-server/libexec/meta/LuaJIT%20en-us%20utf8/coroutine.lua
[10:15:36.103][info] [#0:script/workspace/workspace.lua:361]: Scan library at:	file:///home/nattz/.config/nvim/lua
[10:15:36.103][info] [#0:script/workspace/workspace.lua:361]: Scan library at:	file:///home/nattz/.local/share/nvim/mason/packages/lua-language-server/libexec/meta/LuaJIT%20en-us%20utf8/jit/util.lua
[10:15:36.103][info] [#0:script/workspace/workspace.lua:361]: Scan library at:	file:///home/nattz/.local/share/nvim/mason/packages/lua-language-server/libexec/meta/LuaJIT%20en-us%20utf8/os.lua
[10:15:36.103][info] [#0:script/workspace/workspace.lua:361]: Scan library at:	file:///usr/share/nvim/runtime/lua
[10:15:36.109][info] [#0:script/workspace/workspace.lua:361]: Scan library at:	file:///home/nattz/.local/share/nvim/lazy/mason.nvim/lua
[10:15:36.254][info] [#0:script/workspace/workspace.lua:387]: Found 1057 files at:	file:///home/nattz/.config/nvim
[10:15:36.254][info] [#0:script/workspace/loading.lua:160]: Load files from disk:	file:///home/nattz/.config/nvim
[10:15:36.254][info] [#0:script/workspace/loading.lua:100]: Preload file at: file:///home/nattz/.local/share/nvim/lazy/mason.nvim/lua/mason-test/helpers.lua , size = 1.939 KB
[10:15:36.255][info] [#0:script/workspace/loading.lua:112]: ++++As library of:	file:///home/nattz/.local/share/nvim/lazy/mason.nvim/lua
[10:15:36.255][info] [#0:script/workspace/loading.lua:100]: Preload file at: file:///home/nattz/.local/share/nvim/lazy/mason.nvim/lua/mason-registry/sources/init.lua , size = 6.680 KB
[10:15:36.260][info] [#0:script/workspace/loading.lua:112]: ++++As library of:	file:///home/nattz/.local/share/nvim/lazy/mason.nvim/lua
[10:15:36.260][info] [#0:script/workspace/loading.lua:100]: Preload file at: file:///home/nattz/.local/share/nvim/lazy/mason.nvim/lua/mason-registry/sources/github.lua , size = 6.356 KB
[10:15:36.270][info] [#0:script/workspace/loading.lua:112]: ++++As library of:	file:///home/nattz/.local/share/nvim/lazy/mason.nvim/lua
[10:15:36.270][info] [#0:script/workspace/loading.lua:100]: Preload file at: file:///home/nattz/.local/share/nvim/lazy/mason.nvim/lua/mason-registry/sources/synthesized.lua , size = 3.166 KB
[10:15:36.272][info] [#0:script/workspace/loading.lua:112]: ++++As library of:	file:///home/nattz/.local/share/nvim/lazy/mason.nvim/lua
[10:15:36.272][info] [#0:script/workspace/loading.lua:100]: Preload file at: file:///home/nattz/.local/share/nvim/lazy/mason.nvim/lua/mason-registry/sources/file.lua , size = 6.237 KB
[10:15:36.275][info] [#0:script/workspace/loading.lua:112]: ++++As library of:	file:///home/nattz/.local/share/nvim/lazy/mason.nvim/lua
[10:15:36.275][info] [#0:script/workspace/loading.lua:100]: Preload file at: file:///home/nattz/.local/share/nvim/lazy/mason.nvim/lua/mason-registry/sources/lua.lua , size = 2.616 KB
[10:15:36.278][info] [#0:script/workspace/loading.lua:112]: ++++As library of:	file:///home/nattz/.local/share/nvim/lazy/mason.nvim/lua
[10:15:36.278][info] [#0:script/workspace/loading.lua:100]: Preload file at: file:///home/nattz/.local/share/nvim/lazy/mason.nvim/lua/mason-registry/sources/util.lua , size = 1.329 KB
[10:15:36.278][info] [#0:script/workspace/loading.lua:112]: ++++As library of:	file:///home/nattz/.local/share/nvim/lazy/mason.nvim/lua
[10:15:36.279][info] [#0:script/workspace/loading.lua:100]: Preload file at: file:///home/nattz/.local/share/nvim/lazy/mason.nvim/lua/mason-registry/init.lua , size = 5.918 KB
[10:15:36.281][info] [#0:script/workspace/loading.lua:112]: ++++As library of:	file:///home/nattz/.local/share/nvim/lazy/mason.nvim/lua
[10:15:36.281][info] [#0:script/workspace/loading.lua:100]: Preload file at: file:///home/nattz/.local/share/nvim/lazy/mason.nvim/lua/mason-registry/installer.lua , size = 2.943 KB
[10:15:36.283][info] [#0:script/workspace/loading.lua:112]: ++++As library of:	file:///home/nattz/.local/share/nvim/lazy/mason.nvim/lua
[10:15:36.283][info] [#0:script/workspace/loading.lua:100]: Preload file at: file:///home/nattz/.local/share/nvim/lazy/mason.nvim/lua/mason-registry/index/init.lua , size = 0.010 KB
[10:15:36.283][info] [#0:script/workspace/loading.lua:112]: ++++As library of:	file:///home/nattz/.local/share/nvim/lazy/mason.nvim/lua
[10:15:36.283][info] [#0:script/workspace/loading.lua:100]: Preload file at: file:///home/nattz/.local/share/nvim/lazy/mason.nvim/lua/mason-registry/api.lua , size = 3.940 KB
[10:15:36.286][info] [#0:script/workspace/loading.lua:112]: ++++As library of:	file:///home/nattz/.local/share/nvim/lazy/mason.nvim/lua
[10:15:36.286][info] [#0:script/workspace/loading.lua:100]: Preload file at: file:///home/nattz/.local/share/nvim/lazy/mason.nvim/lua/mason-core/purl.lua , size = 7.524 KB
[10:15:36.293][info] [#0:script/workspace/loading.lua:112]: ++++As library of:	file:///home/nattz/.local/share/nvim/lazy/mason.nvim/lua
[10:15:36.293][info] [#0:script/workspace/loading.lua:100]: Preload file at: file:///home/nattz/.local/share/nvim/lazy/mason.nvim/lua/mason-core/terminator.lua , size = 3.074 KB
[10:15:36.295][info] [#0:script/workspace/loading.lua:112]: ++++As library of:	file:///home/nattz/.local/share/nvim/lazy/mason.nvim/lua
[10:15:36.295][info] [#0:script/workspace/loading.lua:100]: Preload file at: file:///home/nattz/.local/share/nvim/lazy/mason.nvim/lua/mason-core/functional/init.lua , size = 4.172 KB
[10:15:36.297][info] [#0:script/workspace/loading.lua:112]: ++++As library of:	file:///home/nattz/.local/share/nvim/lazy/mason.nvim/lua
[10:15:36.297][info] [#0:script/workspace/loading.lua:100]: Preload file at: file:///home/nattz/.local/share/nvim/lazy/mason.nvim/lua/mason-core/functional/type.lua , size = 0.310 KB
[10:15:36.298][info] [#0:script/workspace/loading.lua:112]: ++++As library of:	file:///home/nattz/.local/share/nvim/lazy/mason.nvim/lua
[10:15:36.298][info] [#0:script/workspace/loading.lua:100]: Preload file at: file:///home/nattz/.local/share/nvim/lazy/mason.nvim/lua/mason-core/functional/relation.lua , size = 0.957 KB
[10:15:36.299][info] [#0:script/workspace/loading.lua:112]: ++++As library of:	file:///home/nattz/.local/share/nvim/lazy/mason.nvim/lua
[10:15:36.299][info] [#0:script/workspace/loading.lua:100]: Preload file at: file:///home/nattz/.local/share/nvim/lazy/mason.nvim/lua/mason-core/functional/data.lua , size = 0.495 KB
[10:15:36.299][info] [#0:script/workspace/loading.lua:112]: ++++As library of:	file:///home/nattz/.local/share/nvim/lazy/mason.nvim/lua
[10:15:36.299][info] [#0:script/workspace/loading.lua:100]: Preload file at: file:///home/nattz/.local/share/nvim/lazy/mason.nvim/lua/mason-core/functional/number.lua , size = 0.618 KB
[10:15:36.300][info] [#0:script/workspace/loading.lua:112]: ++++As library of:	file:///home/nattz/.local/share/nvim/lazy/mason.nvim/lua
[10:15:36.300][info] [#0:script/workspace/loading.lua:100]: Preload file at: file:///home/nattz/.local/share/nvim/lazy/mason.nvim/lua/mason-core/functional/string.lua , size = 3.386 KB
[10:15:36.302][info] [#0:script/workspace/loading.lua:112]: ++++As library of:	file:///home/nattz/.local/share/nvim/lazy/mason.nvim/lua
[10:15:36.302][info] [#0:script/workspace/loading.lua:100]: Preload file at: file:///home/nattz/.local/share/nvim/lazy/mason.nvim/lua/mason-core/functional/list.lua , size = 6.728 KB
[10:15:36.308][info] [#0:script/workspace/loading.lua:112]: ++++As library of:	file:///home/nattz/.local/share/nvim/lazy/mason.nvim/lua
[10:15:36.308][info] [#0:script/workspace/loading.lua:100]: Preload file at: file:///home/nattz/.local/share/nvim/lazy/mason.nvim/lua/mason-core/functional/table.lua , size = 2.533 KB
[10:15:36.311][info] [#0:script/workspace/loading.lua:112]: ++++As library of:	file:///home/nattz/.local/share/nvim/lazy/mason.nvim/lua
[10:15:36.311][info] [#0:script/workspace/loading.lua:100]: Preload file at: file:///home/nattz/.local/share/nvim/lazy/mason.nvim/lua/mason-core/functional/logic.lua , size = 1.873 KB
[10:15:36.312][info] [#0:script/workspace/loading.lua:112]: ++++As library of:	file:///home/nattz/.local/share/nvim/lazy/mason.nvim/lua
[10:15:36.312][info] [#0:script/workspace/loading.lua:100]: Preload file at: file:///home/nattz/.local/share/nvim/lazy/mason.nvim/lua/mason-core/functional/function.lua , size = 3.153 KB
[10:15:36.318][info] [#0:script/workspace/loading.lua:112]: ++++As library of:	file:///home/nattz/.local/share/nvim/lazy/mason.nvim/lua
[10:15:36.318][info] [#0:script/workspace/loading.lua:100]: Preload file at: file:///home/nattz/.local/share/nvim/lazy/mason.nvim/lua/mason-core/providers.lua , size = 4.623 KB
[10:15:36.321][info] [#0:script/workspace/loading.lua:112]: ++++As library of:	file:///home/nattz/.local/share/nvim/lazy/mason.nvim/lua
[10:15:36.321][info] [#0:script/workspace/loading.lua:100]: Preload file at: file:///home/nattz/.local/share/nvim/lazy/mason.nvim/lua/mason-core/spawn.lua , size = 5.113 KB
[10:15:36.323][info] [#0:script/workspace/loading.lua:112]: ++++As library of:	file:///home/nattz/.local/share/nvim/lazy/mason.nvim/lua
[10:15:36.323][info] [#0:script/workspace/loading.lua:100]: Preload file at: file:///home/nattz/.local/share/nvim/lazy/mason.nvim/lua/mason-core/EventEmitter.lua , size = 2.331 KB
[10:15:36.325][info] [#0:script/workspace/loading.lua:112]: ++++As library of:	file:///home/nattz/.local/share/nvim/lazy/mason.nvim/lua
[10:15:36.325][info] [#0:script/workspace/loading.lua:100]: Preload file at: file:///home/nattz/.local/share/nvim/lazy/mason.nvim/lua/mason-core/pep440/init.lua , size = 1.978 KB
[10:15:36.326][info] [#0:script/workspace/loading.lua:112]: ++++As library of:	file:///home/nattz/.local/share/nvim/lazy/mason.nvim/lua
[10:15:36.326][info] [#0:script/workspace/loading.lua:100]: Preload file at: file:///home/nattz/.local/share/nvim/lazy/mason.nvim/lua/mason-core/receipt.lua , size = 5.187 KB
[10:15:36.329][info] [#0:script/workspace/loading.lua:112]: ++++As library of:	file:///home/nattz/.local/share/nvim/lazy/mason.nvim/lua
[10:15:36.329][info] [#0:script/workspace/loading.lua:100]: Preload file at: file:///home/nattz/.local/share/nvim/lazy/mason.nvim/lua/mason-core/semver.lua , size = 0.370 KB
[10:15:36.330][info] [#0:script/workspace/loading.lua:112]: ++++As library of:	file:///home/nattz/.local/share/nvim/lazy/mason.nvim/lua
[10:15:36.330][info] [#0:script/workspace/loading.lua:100]: Preload file at: file:///home/nattz/.local/share/nvim/lazy/mason.nvim/lua/mason-core/log.lua , size = 5.897 KB
[10:15:36.333][info] [#0:script/workspace/loading.lua:112]: ++++As library of:	file:///home/nattz/.local/share/nvim/lazy/mason.nvim/lua
[10:15:36.333][info] [#0:script/workspace/loading.lua:100]: Preload file at: file:///home/nattz/.local/share/nvim/lazy/mason.nvim/lua/mason-core/ui/init.lua , size = 5.316 KB
[10:15:36.335][info] [#0:script/workspace/loading.lua:112]: ++++As library of:	file:///home/nattz/.local/share/nvim/lazy/mason.nvim/lua
[10:15:36.335][info] [#0:script/workspace/loading.lua:100]: Preload file at: file:///home/nattz/.local/share/nvim/lazy/mason.nvim/lua/mason-core/ui/state.lua , size = 0.625 KB
[10:15:36.336][info] [#0:script/workspace/loading.lua:112]: ++++As library of:	file:///home/nattz/.local/share/nvim/lazy/mason.nvim/lua
[10:15:36.336][info] [#0:script/workspace/loading.lua:100]: Preload file at: file:///home/nattz/.local/share/nvim/lazy/mason.nvim/lua/mason-core/ui/display.lua , size = 21.470 KB
[10:15:36.349][info] [#0:script/workspace/loading.lua:112]: ++++As library of:	file:///home/nattz/.local/share/nvim/lazy/mason.nvim/lua
[10:15:36.349][info] [#0:script/workspace/loading.lua:100]: Preload file at: file:///home/nattz/.local/share/nvim/lazy/mason.nvim/lua/mason-core/installer/init.lua , size = 0.192 KB
[10:15:36.349][info] [#0:script/workspace/loading.lua:112]: ++++As library of:	file:///home/nattz/.local/share/nvim/lazy/mason.nvim/lua
[10:15:36.349][info] [#0:script/workspace/loading.lua:100]: Preload file at: file:///home/nattz/.local/share/nvim/lazy/mason.nvim/lua/mason-core/installer/compiler/init.lua , size = 8.756 KB
[10:15:36.353][info] [#0:script/workspace/loading.lua:112]: ++++As library of:	file:///home/nattz/.local/share/nvim/lazy/mason.nvim/lua
[10:15:36.353][info] [#0:script/workspace/loading.lua:100]: Preload file at: file:///home/nattz/.local/share/nvim/lazy/mason.nvim/lua/mason-core/installer/compiler/link.lua , size = 10.713 KB
[10:15:36.358][info] [#0:script/workspace/loading.lua:112]: ++++As library of:	file:///home/nattz/.local/share/nvim/lazy/mason.nvim/lua
[10:15:36.358][info] [#0:script/workspace/loading.lua:100]: Preload file at: file:///home/nattz/.local/share/nvim/lazy/mason.nvim/lua/mason-core/installer/compiler/expr.lua , size = 3.041 KB
[10:15:36.360][info] [#0:script/workspace/loading.lua:112]: ++++As library of:	file:///home/nattz/.local/share/nvim/lazy/mason.nvim/lua
[10:15:36.360][info] [#0:script/workspace/loading.lua:100]: Preload file at: file:///home/nattz/.local/share/nvim/lazy/mason.nvim/lua/mason-core/installer/compiler/compilers/golang.lua , size = 1.296 KB
[10:15:36.360][info] [#0:script/workspace/loading.lua:112]: ++++As library of:	file:///home/nattz/.local/share/nvim/lazy/mason.nvim/lua
[10:15:36.361][info] [#0:script/workspace/loading.lua:100]: Preload file at: file:///home/nattz/.local/share/nvim/lazy/mason.nvim/lua/mason-core/installer/compiler/compilers/openvsx.lua , size = 2.032 KB
[10:15:36.362][info] [#0:script/workspace/loading.lua:112]: ++++As library of:	file:///home/nattz/.local/share/nvim/lazy/mason.nvim/lua
[10:15:36.362][info] [#0:script/workspace/loading.lua:100]: Preload file at: file:///home/nattz/.local/share/nvim/lazy/mason.nvim/lua/mason-core/installer/compiler/compilers/npm.lua , size = 1.210 KB
[10:15:36.362][info] [#0:script/workspace/loading.lua:112]: ++++As library of:	file:///home/nattz/.local/share/nvim/lazy/mason.nvim/lua
[10:15:36.362][info] [#0:script/workspace/loading.lua:100]: Preload file at: file:///home/nattz/.local/share/nvim/lazy/mason.nvim/lua/mason-core/installer/compiler/compilers/opam.lua , size = 0.672 KB
[10:15:36.367][info] [#0:script/workspace/loading.lua:112]: ++++As library of:	file:///home/nattz/.local/share/nvim/lazy/mason.nvim/lua
[10:15:36.367][info] [#0:script/workspace/loading.lua:100]: Preload file at: file:///home/nattz/.local/share/nvim/lazy/mason.nvim/lua/mason-core/installer/compiler/compilers/github/init.lua , size = 1.718 KB
[10:15:36.367][info] [#0:script/workspace/loading.lua:112]: ++++As library of:	file:///home/nattz/.local/share/nvim/lazy/mason.nvim/lua
[10:15:36.368][info] [#0:script/workspace/loading.lua:100]: Preload file at: file:///home/nattz/.local/share/nvim/lazy/mason.nvim/lua/mason-core/installer/compiler/compilers/github/release.lua , size = 1.844 KB
[10:15:36.369][info] [#0:script/workspace/loading.lua:112]: ++++As library of:	file:///home/nattz/.local/share/nvim/lazy/mason.nvim/lua
[10:15:36.369][info] [#0:script/workspace/loading.lua:100]: Preload file at: file:///home/nattz/.local/share/nvim/lazy/mason.nvim/lua/mason-core/installer/compiler/compilers/github/build.lua , size = 1.434 KB
[10:15:36.370][info] [#0:script/workspace/loading.lua:112]: ++++As library of:	file:///home/nattz/.local/share/nvim/lazy/mason.nvim/lua
[10:15:36.370][info] [#0:script/workspace/loading.lua:100]: Preload file at: file:///home/nattz/.local/share/nvim/lazy/mason.nvim/lua/mason-core/installer/compiler/compilers/generic/init.lua , size = 1.392 KB
[10:15:36.370][info] [#0:script/workspace/loading.lua:112]: ++++As library of:	file:///home/nattz/.local/share/nvim/lazy/mason.nvim/lua
[10:15:36.370][info] [#0:script/workspace/loading.lua:100]: Preload file at: file:///home/nattz/.local/share/nvim/lazy/mason.nvim/lua/mason-core/installer/compiler/compilers/generic/download.lua , size = 1.589 KB
[10:15:36.371][info] [#0:script/workspace/loading.lua:112]: ++++As library of:	file:///home/nattz/.local/share/nvim/lazy/mason.nvim/lua
[10:15:36.371][info] [#0:script/workspace/loading.lua:100]: Preload file at: file:///home/nattz/.local/share/nvim/lazy/mason.nvim/lua/mason-core/installer/compiler/compilers/generic/build.lua , size = 1.244 KB
[10:15:36.372][info] [#0:script/workspace/loading.lua:112]: ++++As library of:	file:///home/nattz/.local/share/nvim/lazy/mason.nvim/lua
[10:15:36.372][info] [#0:script/workspace/loading.lua:100]: Preload file at: file:///home/nattz/.local/share/nvim/lazy/mason.nvim/lua/mason-core/installer/compiler/compilers/nuget.lua , size = 0.677 KB
[10:15:36.373][info] [#0:script/workspace/loading.lua:112]: ++++As library of:	file:///home/nattz/.local/share/nvim/lazy/mason.nvim/lua
[10:15:36.373][info] [#0:script/workspace/loading.lua:100]: Preload file at: file:///home/nattz/.local/share/nvim/lazy/mason.nvim/lua/mason-core/installer/compiler/compilers/luarocks.lua , size = 1.255 KB
[10:15:36.374][info] [#0:script/workspace/loading.lua:112]: ++++As library of:	file:///home/nattz/.local/share/nvim/lazy/mason.nvim/lua
[10:15:36.374][info] [#0:script/workspace/loading.lua:100]: Preload file at: file:///home/nattz/.local/share/nvim/lazy/mason.nvim/lua/mason-core/installer/compiler/compilers/mason.lua , size = 1.095 KB
[10:15:36.374][info] [#0:script/workspace/loading.lua:112]: ++++As library of:	file:///home/nattz/.local/share/nvim/lazy/mason.nvim/lua
[10:15:36.374][info] [#0:script/workspace/loading.lua:100]: Preload file at: file:///home/nattz/.local/share/nvim/lazy/mason.nvim/lua/mason-core/installer/compiler/compilers/cargo.lua , size = 2.138 KB
[10:15:36.375][info] [#0:script/workspace/loading.lua:112]: ++++As library of:	file:///home/nattz/.local/share/nvim/lazy/mason.nvim/lua
[10:15:36.376][info] [#0:script/workspace/loading.lua:100]: Preload file at: file:///home/nattz/.local/share/nvim/lazy/mason.nvim/lua/mason-core/installer/compiler/compilers/pypi.lua , size = 1.591 KB
[10:15:36.377][info] [#0:script/workspace/loading.lua:112]: ++++As library of:	file:///home/nattz/.local/share/nvim/lazy/mason.nvim/lua
[10:15:36.377][info] [#0:script/workspace/loading.lua:100]: Preload file at: file:///home/nattz/.local/share/nvim/lazy/mason.nvim/lua/mason-core/installer/compiler/compilers/gem.lua , size = 0.938 KB
[10:15:36.378][info] [#0:script/workspace/loading.lua:112]: ++++As library of:	file:///home/nattz/.local/share/nvim/lazy/mason.nvim/lua
[10:15:36.378][info] [#0:script/workspace/loading.lua:100]: Preload file at: file:///home/nattz/.local/share/nvim/lazy/mason.nvim/lua/mason-core/installer/compiler/compilers/composer.lua , size = 0.878 KB
[10:15:36.378][info] [#0:script/workspace/loading.lua:112]: ++++As library of:	file:///home/nattz/.local/share/nvim/lazy/mason.nvim/lua
[10:15:36.378][info] [#0:script/workspace/loading.lua:100]: Preload file at: file:///home/nattz/.local/share/nvim/lazy/mason.nvim/lua/mason-core/installer/compiler/util.lua , size = 3.002 KB
[10:15:36.380][info] [#0:script/workspace/loading.lua:112]: ++++As library of:	file:///home/nattz/.local/share/nvim/lazy/mason.nvim/lua
[10:15:36.380][info] [#0:script/workspace/loading.lua:100]: Preload file at: file:///home/nattz/.local/share/nvim/lazy/mason.nvim/lua/mason-core/installer/compiler/schemas.lua , size = 2.667 KB
[10:15:36.381][info] [#0:script/workspace/loading.lua:112]: ++++As library of:	file:///home/nattz/.local/share/nvim/lazy/mason.nvim/lua
[10:15:36.381][info] [#0:script/workspace/loading.lua:100]: Preload file at: file:///home/nattz/.local/share/nvim/lazy/mason.nvim/lua/mason-core/installer/UninstallRunner.lua , size = 3.794 KB
[10:15:36.383][info] [#0:script/workspace/loading.lua:112]: ++++As library of:	file:///home/nattz/.local/share/nvim/lazy/mason.nvim/lua
[10:15:36.383][info] [#0:script/workspace/loading.lua:100]: Preload file at: file:///home/nattz/.local/share/nvim/lazy/mason.nvim/lua/mason-core/installer/linker.lua , size = 5.925 KB
[10:15:36.386][info] [#0:script/workspace/loading.lua:112]: ++++As library of:	file:///home/nattz/.local/share/nvim/lazy/mason.nvim/lua
[10:15:36.386][info] [#0:script/workspace/loading.lua:100]: Preload file at: file:///home/nattz/.local/share/nvim/lazy/mason.nvim/lua/mason-core/installer/context/init.lua , size = 10.959 KB
[10:15:36.395][info] [#0:script/workspace/loading.lua:112]: ++++As library of:	file:///home/nattz/.local/share/nvim/lazy/mason.nvim/lua
[10:15:36.395][info] [#0:script/workspace/loading.lua:100]: Preload file at: file:///home/nattz/.local/share/nvim/lazy/mason.nvim/lua/mason-core/installer/context/InstallContextCwd.lua , size = 1.389 KB
[10:15:36.396][info] [#0:script/workspace/loading.lua:112]: ++++As library of:	file:///home/nattz/.local/share/nvim/lazy/mason.nvim/lua
[10:15:36.397][info] [#0:script/workspace/loading.lua:100]: Preload file at: file:///home/nattz/.local/share/nvim/lazy/mason.nvim/lua/mason-core/installer/context/InstallContextSpawn.lua , size = 1.698 KB
[10:15:36.398][info] [#0:script/workspace/loading.lua:112]: ++++As library of:	file:///home/nattz/.local/share/nvim/lazy/mason.nvim/lua
[10:15:36.398][info] [#0:script/workspace/loading.lua:100]: Preload file at: file:///home/nattz/.local/share/nvim/lazy/mason.nvim/lua/mason-core/installer/context/InstallContextFs.lua , size = 3.495 KB
[10:15:36.400][info] [#0:script/workspace/loading.lua:112]: ++++As library of:	file:///home/nattz/.local/share/nvim/lazy/mason.nvim/lua
[10:15:36.400][info] [#0:script/workspace/loading.lua:100]: Preload file at: file:///home/nattz/.local/share/nvim/lazy/mason.nvim/lua/mason-core/installer/InstallRunner.lua , size = 7.299 KB
[10:15:36.404][info] [#0:script/workspace/loading.lua:112]: ++++As library of:	file:///home/nattz/.local/share/nvim/lazy/mason.nvim/lua
[10:15:36.404][info] [#0:script/workspace/loading.lua:100]: Preload file at: file:///home/nattz/.local/share/nvim/lazy/mason.nvim/lua/mason-core/installer/InstallHandle.lua , size = 6.201 KB
[10:15:36.408][info] [#0:script/workspace/loading.lua:112]: ++++As library of:	file:///home/nattz/.local/share/nvim/lazy/mason.nvim/lua
[10:15:36.408][info] [#0:script/workspace/loading.lua:100]: Preload file at: file:///home/nattz/.local/share/nvim/lazy/mason.nvim/lua/mason-core/installer/InstallLocation.lua , size = 2.354 KB
[10:15:36.410][info] [#0:script/workspace/loading.lua:112]: ++++As library of:	file:///home/nattz/.local/share/nvim/lazy/mason.nvim/lua
[10:15:36.410][info] [#0:script/workspace/loading.lua:100]: Preload file at: file:///home/nattz/.local/share/nvim/lazy/mason.nvim/lua/mason-core/installer/managers/golang.lua , size = 1.389 KB
[10:15:36.410][info] [#0:script/workspace/loading.lua:112]: ++++As library of:	file:///home/nattz/.local/share/nvim/lazy/mason.nvim/lua
[10:15:36.411][info] [#0:script/workspace/loading.lua:100]: Preload file at: file:///home/nattz/.local/share/nvim/lazy/mason.nvim/lua/mason-core/installer/managers/common.lua , size = 3.610 KB
[10:15:36.412][info] [#0:script/workspace/loading.lua:112]: ++++As library of:	file:///home/nattz/.local/share/nvim/lazy/mason.nvim/lua
[10:15:36.412][info] [#0:script/workspace/loading.lua:100]: Preload file at: file:///home/nattz/.local/share/nvim/lazy/mason.nvim/lua/mason-core/installer/managers/npm.lua , size = 3.065 KB
[10:15:36.417][info] [#0:script/workspace/loading.lua:112]: ++++As library of:	file:///home/nattz/.local/share/nvim/lazy/mason.nvim/lua
[10:15:36.417][info] [#0:script/workspace/loading.lua:100]: Preload file at: file:///home/nattz/.local/share/nvim/lazy/mason.nvim/lua/mason-core/installer/managers/std.lua , size = 7.618 KB
[10:15:36.421][info] [#0:script/workspace/loading.lua:112]: ++++As library of:	file:///home/nattz/.local/share/nvim/lazy/mason.nvim/lua
[10:15:36.421][info] [#0:script/workspace/loading.lua:100]: Preload file at: file:///home/nattz/.local/share/nvim/lazy/mason.nvim/lua/mason-core/installer/managers/opam.lua , size = 1.004 KB
[10:15:36.422][info] [#0:script/workspace/loading.lua:112]: ++++As library of:	file:///home/nattz/.local/share/nvim/lazy/mason.nvim/lua
[10:15:36.422][info] [#0:script/workspace/loading.lua:100]: Preload file at: file:///home/nattz/.local/share/nvim/lazy/mason.nvim/lua/mason-core/installer/managers/nuget.lua , size = 0.881 KB
[10:15:36.423][info] [#0:script/workspace/loading.lua:112]: ++++As library of:	file:///home/nattz/.local/share/nvim/lazy/mason.nvim/lua
[10:15:36.423][info] [#0:script/workspace/loading.lua:100]: Preload file at: file:///home/nattz/.local/share/nvim/lazy/mason.nvim/lua/mason-core/installer/managers/luarocks.lua , size = 1.220 KB
[10:15:36.424][info] [#0:script/workspace/loading.lua:112]: ++++As library of:	file:///home/nattz/.local/share/nvim/lazy/mason.nvim/lua
[10:15:36.424][info] [#0:script/workspace/loading.lua:100]: Preload file at: file:///home/nattz/.local/share/nvim/lazy/mason.nvim/lua/mason-core/installer/managers/cargo.lua , size = 1.337 KB
[10:15:36.425][info] [#0:script/workspace/loading.lua:112]: ++++As library of:	file:///home/nattz/.local/share/nvim/lazy/mason.nvim/lua
[10:15:36.425][info] [#0:script/workspace/loading.lua:100]: Preload file at: file:///home/nattz/.local/share/nvim/lazy/mason.nvim/lua/mason-core/installer/managers/pypi.lua , size = 8.186 KB
[10:15:36.428][info] [#0:script/workspace/loading.lua:112]: ++++As library of:	file:///home/nattz/.local/share/nvim/lazy/mason.nvim/lua
[10:15:36.428][info] [#0:script/workspace/loading.lua:100]: Preload file at: file:///home/nattz/.local/share/nvim/lazy/mason.nvim/lua/mason-core/installer/managers/gem.lua , size = 1.809 KB
[10:15:36.429][info] [#0:script/workspace/loading.lua:112]: ++++As library of:	file:///home/nattz/.local/share/nvim/lazy/mason.nvim/lua
[10:15:36.429][info] [#0:script/workspace/loading.lua:100]: Preload file at: file:///home/nattz/.local/share/nvim/lazy/mason.nvim/lua/mason-core/installer/managers/composer.lua , size = 1.188 KB
[10:15:36.430][info] [#0:script/workspace/loading.lua:112]: ++++As library of:	file:///home/nattz/.local/share/nvim/lazy/mason.nvim/lua
[10:15:36.430][info] [#0:script/workspace/loading.lua:100]: Preload file at: file:///home/nattz/.local/share/nvim/lazy/mason.nvim/lua/mason-core/installer/managers/powershell.lua , size = 1.316 KB
[10:15:36.431][info] [#0:script/workspace/loading.lua:112]: ++++As library of:	file:///home/nattz/.local/share/nvim/lazy/mason.nvim/lua
[10:15:36.431][info] [#0:script/workspace/loading.lua:100]: Preload file at: file:///home/nattz/.local/share/nvim/lazy/mason.nvim/lua/mason-core/notify.lua , size = 0.156 KB
[10:15:36.431][info] [#0:script/workspace/loading.lua:112]: ++++As library of:	file:///home/nattz/.local/share/nvim/lazy/mason.nvim/lua
[10:15:36.431][info] [#0:script/workspace/loading.lua:100]: Preload file at: file:///home/nattz/.local/share/nvim/lazy/mason.nvim/lua/mason-core/package/init.lua , size = 5.682 KB
[10:15:36.434][info] [#0:script/workspace/loading.lua:112]: ++++As library of:	file:///home/nattz/.local/share/nvim/lazy/mason.nvim/lua
[10:15:36.434][info] [#0:script/workspace/loading.lua:100]: Preload file at: file:///home/nattz/.local/share/nvim/lazy/mason.nvim/lua/mason-core/package/AbstractPackage.lua , size = 6.987 KB
[10:15:36.441][info] [#0:script/workspace/loading.lua:112]: ++++As library of:	file:///home/nattz/.local/share/nvim/lazy/mason.nvim/lua
[10:15:36.441][info] [#0:script/workspace/loading.lua:100]: Preload file at: file:///home/nattz/.local/share/nvim/lazy/mason.nvim/lua/mason-core/process.lua , size = 7.525 KB
[10:15:36.445][info] [#0:script/workspace/loading.lua:112]: ++++As library of:	file:///home/nattz/.local/share/nvim/lazy/mason.nvim/lua
[10:15:36.445][info] [#0:script/workspace/loading.lua:100]: Preload file at: file:///home/nattz/.local/share/nvim/lazy/mason.nvim/lua/mason-core/async/uv.lua , size = 0.989 KB
[10:15:36.445][info] [#0:script/workspace/loading.lua:112]: ++++As library of:	file:///home/nattz/.local/share/nvim/lazy/mason.nvim/lua
[10:15:36.445][info] [#0:script/workspace/loading.lua:100]: Preload file at: file:///home/nattz/.local/share/nvim/lazy/mason.nvim/lua/mason-core/async/init.lua , size = 5.850 KB
[10:15:36.448][info] [#0:script/workspace/loading.lua:112]: ++++As library of:	file:///home/nattz/.local/share/nvim/lazy/mason.nvim/lua
[10:15:36.448][info] [#0:script/workspace/loading.lua:100]: Preload file at: file:///home/nattz/.local/share/nvim/lazy/mason.nvim/lua/mason-core/async/control.lua , size = 3.644 KB
[10:15:36.451][info] [#0:script/workspace/loading.lua:112]: ++++As library of:	file:///home/nattz/.local/share/nvim/lazy/mason.nvim/lua
[10:15:36.451][info] [#0:script/workspace/loading.lua:100]: Preload file at: file:///home/nattz/.local/share/nvim/lazy/mason.nvim/lua/mason-core/result.lua , size = 4.774 KB
[10:15:36.462][info] [#0:script/workspace/loading.lua:112]: ++++As library of:	file:///home/nattz/.local/share/nvim/lazy/mason.nvim/lua
[10:15:36.463][info] [#0:script/workspace/loading.lua:100]: Preload file at: file:///home/nattz/.local/share/nvim/lazy/mason.nvim/lua/mason-core/fetch.lua , size = 4.724 KB
[10:15:36.471][info] [#0:script/workspace/loading.lua:112]: ++++As library of:	file:///home/nattz/.local/share/nvim/lazy/mason.nvim/lua
[10:15:36.471][info] [#0:script/workspace/loading.lua:100]: Preload file at: file:///home/nattz/.local/share/nvim/lazy/mason.nvim/lua/mason-core/platform.lua , size = 7.014 KB
[10:15:36.481][info] [#0:script/workspace/loading.lua:112]: ++++As library of:	file:///home/nattz/.local/share/nvim/lazy/mason.nvim/lua
[10:15:36.481][info] [#0:script/workspace/loading.lua:100]: Preload file at: file:///home/nattz/.local/share/nvim/lazy/mason.nvim/lua/mason-core/fs.lua , size = 5.315 KB
[10:15:36.484][info] [#0:script/workspace/loading.lua:112]: ++++As library of:	file:///home/nattz/.local/share/nvim/lazy/mason.nvim/lua
[10:15:36.485][info] [#0:script/workspace/loading.lua:100]: Preload file at: file:///home/nattz/.local/share/nvim/lazy/mason.nvim/lua/mason-core/optional.lua , size = 2.657 KB
[10:15:36.487][info] [#0:script/workspace/loading.lua:112]: ++++As library of:	file:///home/nattz/.local/share/nvim/lazy/mason.nvim/lua
[10:15:36.487][info] [#0:script/workspace/loading.lua:100]: Preload file at: file:///home/nattz/.local/share/nvim/lazy/mason.nvim/lua/mason-core/path.lua , size = 1.288 KB
[10:15:36.488][info] [#0:script/workspace/loading.lua:112]: ++++As library of:	file:///home/nattz/.local/share/nvim/lazy/mason.nvim/lua
[10:15:36.488][info] [#0:script/workspace/loading.lua:100]: Preload file at: file:///home/nattz/.local/share/nvim/lazy/mason.nvim/lua/mason/init.lua , size = 0.820 KB
[10:15:36.489][info] [#0:script/workspace/loading.lua:112]: ++++As library of:	file:///home/nattz/.local/share/nvim/lazy/mason.nvim/lua
[10:15:36.489][info] [#0:script/workspace/loading.lua:100]: Preload file at: file:///home/nattz/.local/share/nvim/lazy/mason.nvim/lua/mason/providers/client/golang.lua , size = 0.470 KB
[10:15:36.490][info] [#0:script/workspace/loading.lua:112]: ++++As library of:	file:///home/nattz/.local/share/nvim/lazy/mason.nvim/lua
[10:15:36.490][info] [#0:script/workspace/loading.lua:100]: Preload file at: file:///home/nattz/.local/share/nvim/lazy/mason.nvim/lua/mason/providers/client/init.lua , size = 0.337 KB
[10:15:36.490][info] [#0:script/workspace/loading.lua:112]: ++++As library of:	file:///home/nattz/.local/share/nvim/lazy/mason.nvim/lua
[10:15:36.490][info] [#0:script/workspace/loading.lua:100]: Preload file at: file:///home/nattz/.local/share/nvim/lazy/mason.nvim/lua/mason/providers/client/openvsx.lua , size = 0.872 KB
[10:15:36.491][info] [#0:script/workspace/loading.lua:112]: ++++As library of:	file:///home/nattz/.local/share/nvim/lazy/mason.nvim/lua
[10:15:36.491][info] [#0:script/workspace/loading.lua:100]: Preload file at: file:///home/nattz/.local/share/nvim/lazy/mason.nvim/lua/mason/providers/client/npm.lua , size = 0.580 KB
[10:15:36.492][info] [#0:script/workspace/loading.lua:112]: ++++As library of:	file:///home/nattz/.local/share/nvim/lazy/mason.nvim/lua
[10:15:36.492][info] [#0:script/workspace/loading.lua:100]: Preload file at: file:///home/nattz/.local/share/nvim/lazy/mason.nvim/lua/mason/providers/client/pypi.lua , size = 2.260 KB
[10:15:36.493][info] [#0:script/workspace/loading.lua:112]: ++++As library of:	file:///home/nattz/.local/share/nvim/lazy/mason.nvim/lua
[10:15:36.493][info] [#0:script/workspace/loading.lua:100]: Preload file at: file:///home/nattz/.local/share/nvim/lazy/mason.nvim/lua/mason/providers/client/rubygems.lua , size = 0.888 KB
[10:15:36.494][info] [#0:script/workspace/loading.lua:112]: ++++As library of:	file:///home/nattz/.local/share/nvim/lazy/mason.nvim/lua
[10:15:36.494][info] [#0:script/workspace/loading.lua:100]: Preload file at: file:///home/nattz/.local/share/nvim/lazy/mason.nvim/lua/mason/providers/client/gh.lua , size = 1.462 KB
[10:15:36.496][info] [#0:script/workspace/loading.lua:112]: ++++As library of:	file:///home/nattz/.local/share/nvim/lazy/mason.nvim/lua
[10:15:36.496][info] [#0:script/workspace/loading.lua:100]: Preload file at: file:///home/nattz/.local/share/nvim/lazy/mason.nvim/lua/mason/providers/registry-api/init.lua , size = 2.942 KB
[10:15:36.497][info] [#0:script/workspace/loading.lua:112]: ++++As library of:	file:///home/nattz/.local/share/nvim/lazy/mason.nvim/lua
[10:15:36.497][info] [#0:script/workspace/loading.lua:100]: Preload file at: file:///home/nattz/.local/share/nvim/lazy/mason.nvim/lua/mason/ui/init.lua , size = 0.438 KB
[10:15:36.498][info] [#0:script/workspace/loading.lua:112]: ++++As library of:	file:///home/nattz/.local/share/nvim/lazy/mason.nvim/lua
[10:15:36.498][info] [#0:script/workspace/loading.lua:100]: Preload file at: file:///home/nattz/.local/share/nvim/lazy/mason.nvim/lua/mason/ui/palette.lua , size = 0.844 KB
[10:15:36.499][info] [#0:script/workspace/loading.lua:112]: ++++As library of:	file:///home/nattz/.local/share/nvim/lazy/mason.nvim/lua
[10:15:36.499][info] [#0:script/workspace/loading.lua:100]: Preload file at: file:///home/nattz/.local/share/nvim/lazy/mason.nvim/lua/mason/ui/colors.lua , size = 1.300 KB
[10:15:36.500][info] [#0:script/workspace/loading.lua:112]: ++++As library of:	file:///home/nattz/.local/share/nvim/lazy/mason.nvim/lua
[10:15:36.500][info] [#0:script/workspace/loading.lua:100]: Preload file at: file:///home/nattz/.local/share/nvim/lazy/mason.nvim/lua/mason/ui/components/language-filter.lua , size = 1.094 KB
[10:15:36.501][info] [#0:script/workspace/loading.lua:112]: ++++As library of:	file:///home/nattz/.local/share/nvim/lazy/mason.nvim/lua
[10:15:36.501][info] [#0:script/workspace/loading.lua:100]: Preload file at: file:///home/nattz/.local/share/nvim/lazy/mason.nvim/lua/mason/ui/components/tabs.lua , size = 1.249 KB
[10:15:36.502][info] [#0:script/workspace/loading.lua:112]: ++++As library of:	file:///home/nattz/.local/share/nvim/lazy/mason.nvim/lua
[10:15:36.502][info] [#0:script/workspace/loading.lua:100]: Preload file at: file:///home/nattz/.local/share/nvim/lazy/mason.nvim/lua/mason/ui/components/json-schema.lua , size = 6.487 KB
[10:15:36.505][info] [#0:script/workspace/loading.lua:112]: ++++As library of:	file:///home/nattz/.local/share/nvim/lazy/mason.nvim/lua
[10:15:36.505][info] [#0:script/workspace/loading.lua:100]: Preload file at: file:///home/nattz/.local/share/nvim/lazy/mason.nvim/lua/mason/ui/components/help/init.lua , size = 7.583 KB
[10:15:36.510][info] [#0:script/workspace/loading.lua:112]: ++++As library of:	file:///home/nattz/.local/share/nvim/lazy/mason.nvim/lua
[10:15:36.510][info] [#0:script/workspace/loading.lua:100]: Preload file at: file:///home/nattz/.local/share/nvim/lazy/mason.nvim/lua/mason/ui/components/help/lsp.lua , size = 1.118 KB
[10:15:36.511][info] [#0:script/workspace/loading.lua:112]: ++++As library of:	file:///home/nattz/.local/share/nvim/lazy/mason.nvim/lua
[10:15:36.511][info] [#0:script/workspace/loading.lua:100]: Preload file at: file:///home/nattz/.local/share/nvim/lazy/mason.nvim/lua/mason/ui/components/help/formatter.lua , size = 0.629 KB
[10:15:36.511][info] [#0:script/workspace/loading.lua:112]: ++++As library of:	file:///home/nattz/.local/share/nvim/lazy/mason.nvim/lua
[10:15:36.511][info] [#0:script/workspace/loading.lua:100]: Preload file at: file:///home/nattz/.local/share/nvim/lazy/mason.nvim/lua/mason/ui/components/help/dap.lua , size = 1.014 KB
[10:15:36.512][info] [#0:script/workspace/loading.lua:112]: ++++As library of:	file:///home/nattz/.local/share/nvim/lazy/mason.nvim/lua
[10:15:36.512][info] [#0:script/workspace/loading.lua:100]: Preload file at: file:///home/nattz/.local/share/nvim/lazy/mason.nvim/lua/mason/ui/components/help/linter.lua , size = 0.669 KB
[10:15:36.513][info] [#0:script/workspace/loading.lua:112]: ++++As library of:	file:///home/nattz/.local/share/nvim/lazy/mason.nvim/lua
[10:15:36.513][info] [#0:script/workspace/loading.lua:100]: Preload file at: file:///home/nattz/.local/share/nvim/lazy/mason.nvim/lua/mason/ui/components/header.lua , size = 2.866 KB
[10:15:36.514][info] [#0:script/workspace/loading.lua:112]: ++++As library of:	file:///home/nattz/.local/share/nvim/lazy/mason.nvim/lua
[10:15:36.515][info] [#0:script/workspace/loading.lua:100]: Preload file at: file:///home/nattz/.local/share/nvim/lazy/mason.nvim/lua/mason/ui/components/main/init.lua , size = 0.238 KB
[10:15:36.515][info] [#0:script/workspace/loading.lua:112]: ++++As library of:	file:///home/nattz/.local/share/nvim/lazy/mason.nvim/lua
[10:15:36.515][info] [#0:script/workspace/loading.lua:100]: Preload file at: file:///home/nattz/.local/share/nvim/lazy/mason.nvim/lua/mason/ui/components/main/package_list.lua , size = 15.288 KB
[10:15:36.523][info] [#0:script/workspace/loading.lua:112]: ++++As library of:	file:///home/nattz/.local/share/nvim/lazy/mason.nvim/lua
[10:15:36.523][info] [#0:script/workspace/loading.lua:100]: Preload file at: file:///home/nattz/.local/share/nvim/lazy/mason.nvim/lua/mason/ui/instance.lua , size = 24.743 KB
[10:15:36.585][info] [#0:script/workspace/loading.lua:112]: ++++As library of:	file:///home/nattz/.local/share/nvim/lazy/mason.nvim/lua
[10:15:36.585][info] [#0:script/workspace/loading.lua:100]: Preload file at: file:///home/nattz/.local/share/nvim/lazy/mason.nvim/lua/mason/api/command.lua , size = 9.373 KB
[10:15:36.589][info] [#0:script/workspace/loading.lua:112]: ++++As library of:	file:///home/nattz/.local/share/nvim/lazy/mason.nvim/lua
[10:15:36.589][info] [#0:script/workspace/loading.lua:100]: Preload file at: file:///home/nattz/.local/share/nvim/lazy/mason.nvim/lua/mason/version.lua , size = 0.206 KB
[10:15:36.589][info] [#0:script/workspace/loading.lua:112]: ++++As library of:	file:///home/nattz/.local/share/nvim/lazy/mason.nvim/lua
[10:15:36.589][info] [#0:script/workspace/loading.lua:100]: Preload file at: file:///home/nattz/.local/share/nvim/lazy/mason.nvim/lua/mason/settings.lua , size = 5.792 KB
[10:15:36.590][info] [#0:script/workspace/loading.lua:112]: ++++As library of:	file:///home/nattz/.local/share/nvim/lazy/mason.nvim/lua
[10:15:36.591][info] [#0:script/workspace/loading.lua:100]: Preload file at: file:///home/nattz/.local/share/nvim/lazy/mason.nvim/lua/mason/health.lua , size = 10.296 KB
[10:15:36.596][info] [#0:script/workspace/loading.lua:112]: ++++As library of:	file:///home/nattz/.local/share/nvim/lazy/mason.nvim/lua
[10:15:36.596][info] [#0:script/workspace/loading.lua:100]: Preload file at: file:///home/nattz/.local/share/nvim/lazy/mason.nvim/lua/mason-vendor/semver.lua , size = 7.046 KB
[10:15:36.600][info] [#0:script/workspace/loading.lua:112]: ++++As library of:	file:///home/nattz/.local/share/nvim/lazy/mason.nvim/lua
[10:15:36.600][info] [#0:script/workspace/loading.lua:100]: Preload file at: file:///home/nattz/.local/share/nvim/lazy/mason.nvim/lua/mason-vendor/zzlib/init.lua , size = 5.544 KB
[10:15:36.604][info] [#0:script/workspace/loading.lua:112]: ++++As library of:	file:///home/nattz/.local/share/nvim/lazy/mason.nvim/lua
[10:15:36.604][info] [#0:script/workspace/loading.lua:100]: Preload file at: file:///home/nattz/.local/share/nvim/lazy/mason.nvim/lua/mason-vendor/zzlib/inflate-bwo.lua , size = 6.820 KB
[10:15:36.608][info] [#0:script/workspace/loading.lua:112]: ++++As library of:	file:///home/nattz/.local/share/nvim/lazy/mason.nvim/lua
[10:15:36.608][info] [#0:script/workspace/loading.lua:100]: Preload file at: file:///home/nattz/.local/share/nvim/lazy/mason.nvim/lua/mason-vendor/zzlib/inflate-bit32.lua , size = 7.005 KB
[10:15:36.615][info] [#0:script/workspace/loading.lua:112]: ++++As library of:	file:///home/nattz/.local/share/nvim/lazy/mason.nvim/lua
[10:15:36.615][info] [#0:script/workspace/loading.lua:100]: Preload file at: file:///usr/share/nvim/runtime/lua/nvim/tutor.lua , size = 2.627 KB
[10:15:36.617][info] [#0:script/workspace/loading.lua:112]: ++++As library of:	file:///usr/share/nvim/runtime/lua
[10:15:36.617][info] [#0:script/workspace/loading.lua:100]: Preload file at: file:///usr/share/nvim/runtime/lua/_vim9script.lua , size = 15.423 KB
[10:15:36.624][info] [#0:script/workspace/loading.lua:112]: ++++As library of:	file:///usr/share/nvim/runtime/lua
[10:15:36.624][info] [#0:script/workspace/loading.lua:100]: Preload file at: file:///usr/share/nvim/runtime/lua/editorconfig.lua , size = 11.232 KB
[10:15:36.632][info] [#0:script/workspace/loading.lua:112]: ++++As library of:	file:///usr/share/nvim/runtime/lua
[10:15:36.632][info] [#0:script/workspace/loading.lua:100]: Preload file at: file:///usr/share/nvim/runtime/lua/vim/inspect.lua , size = 8.899 KB
[10:15:36.636][info] [#0:script/workspace/loading.lua:112]: ++++As library of:	file:///usr/share/nvim/runtime/lua
[10:15:36.636][info] [#0:script/workspace/loading.lua:100]: Preload file at: file:///usr/share/nvim/runtime/lua/vim/_meta/api_keysets.lua , size = 9.958 KB
[10:15:36.645][info] [#0:script/workspace/loading.lua:112]: ++++As library of:	file:///usr/share/nvim/runtime/lua
[10:15:36.645][info] [#0:script/workspace/loading.lua:100]: Preload file at: file:///usr/share/nvim/runtime/lua/vim/_meta/mpack.lua , size = 0.478 KB
[10:15:36.645][info] [#0:script/workspace/loading.lua:112]: ++++As library of:	file:///usr/share/nvim/runtime/lua
[10:15:36.645][info] [#0:script/workspace/loading.lua:100]: Preload file at: file:///usr/share/nvim/runtime/lua/vim/_meta/diff.lua , size = 2.493 KB
[10:15:36.646][info] [#0:script/workspace/loading.lua:112]: ++++As library of:	file:///usr/share/nvim/runtime/lua
[10:15:36.646][info] [#0:script/workspace/loading.lua:100]: Preload file at: file:///usr/share/nvim/runtime/lua/vim/_meta/options.lua , size = 325.048 KB
[10:15:36.757][info] [#0:script/workspace/loading.lua:112]: ++++As library of:	file:///usr/share/nvim/runtime/lua
[10:15:36.758][info] [#0:script/workspace/loading.lua:100]: Preload file at: file:///usr/share/nvim/runtime/lua/vim/_meta/json.lua , size = 1.537 KB
[10:15:36.759][info] [#0:script/workspace/loading.lua:112]: ++++As library of:	file:///usr/share/nvim/runtime/lua
[10:15:36.759][info] [#0:script/workspace/loading.lua:100]: Preload file at: file:///usr/share/nvim/runtime/lua/vim/_meta/builtin_types.lua , size = 8.304 KB
[10:15:36.764][info] [#0:script/workspace/loading.lua:112]: ++++As library of:	file:///usr/share/nvim/runtime/lua
[10:15:36.764][info] [#0:script/workspace/loading.lua:100]: Preload file at: file:///usr/share/nvim/runtime/lua/vim/_meta/spell.lua , size = 0.929 KB
[10:15:36.765][info] [#0:script/workspace/loading.lua:112]: ++++As library of:	file:///usr/share/nvim/runtime/lua
[10:15:36.765][info] [#0:script/workspace/loading.lua:100]: Preload file at: file:///usr/share/nvim/runtime/lua/vim/_meta/lpeg.lua , size = 15.348 KB
[10:15:36.771][info] [#0:script/workspace/loading.lua:112]: ++++As library of:	file:///usr/share/nvim/runtime/lua
[10:15:36.771][info] [#0:script/workspace/loading.lua:100]: Preload file at: file:///usr/share/nvim/runtime/lua/vim/_meta/api.lua , size = 106.050 KB
[10:15:36.814][info] [#0:script/workspace/loading.lua:112]: ++++As library of:	file:///usr/share/nvim/runtime/lua
[10:15:36.814][info] [#0:script/workspace/loading.lua:100]: Preload file at: file:///usr/share/nvim/runtime/lua/vim/_meta/vvars.lua , size = 26.214 KB
[10:15:36.835][info] [#0:script/workspace/loading.lua:112]: ++++As library of:	file:///usr/share/nvim/runtime/lua
[10:15:36.835][info] [#0:script/workspace/loading.lua:100]: Preload file at: file:///usr/share/nvim/runtime/lua/vim/_meta/base64.lua , size = 0.307 KB
[10:15:36.836][info] [#0:script/workspace/loading.lua:112]: ++++As library of:	file:///usr/share/nvim/runtime/lua
[10:15:36.836][info] [#0:script/workspace/loading.lua:100]: Preload file at: file:///usr/share/nvim/runtime/lua/vim/_meta/re.lua , size = 2.217 KB
[10:15:36.837][info] [#0:script/workspace/loading.lua:112]: ++++As library of:	file:///usr/share/nvim/runtime/lua
[10:15:36.837][info] [#0:script/workspace/loading.lua:100]: Preload file at: file:///usr/share/nvim/runtime/lua/vim/_meta/regex.lua , size = 1.580 KB
[10:15:36.838][info] [#0:script/workspace/loading.lua:112]: ++++As library of:	file:///usr/share/nvim/runtime/lua
[10:15:36.894][info] [#0:script/workspace/loading.lua:100]: Preload file at: file:///usr/share/nvim/runtime/lua/vim/_meta/builtin.lua , size = 10.381 KB
[10:15:36.896][info] [#0:script/workspace/loading.lua:112]: ++++As library of:	file:///usr/share/nvim/runtime/lua
[10:15:36.896][info] [#0:script/workspace/loading.lua:100]: Preload file at: file:///usr/share/nvim/runtime/lua/vim/_meta/misc.lua , size = 0.291 KB
[10:15:36.897][info] [#0:script/workspace/loading.lua:112]: ++++As library of:	file:///usr/share/nvim/runtime/lua
[10:15:36.897][info] [#0:script/workspace/loading.lua:100]: Preload file at: file:///usr/share/nvim/runtime/lua/vim/_meta/api_keysets_extra.lua , size = 6.957 KB
[10:15:36.901][info] [#0:script/workspace/loading.lua:112]: ++++As library of:	file:///usr/share/nvim/runtime/lua
[10:15:36.901][info] [#0:script/workspace/loading.lua:100]: Preload file at: file:///usr/share/nvim/runtime/lua/vim/_meta/vvars_extra.lua , size = 4.056 KB
[10:15:36.902][info] [#0:script/workspace/loading.lua:112]: ++++As library of:	file:///usr/share/nvim/runtime/lua
[10:15:36.902][info] [#0:script/workspace/loading.lua:100]: Preload file at: file:///usr/share/nvim/runtime/lua/vim/_meta/vimfn.lua , size = 408.934 KB
[10:15:36.992][info] [#0:script/workspace/loading.lua:112]: ++++As library of:	file:///usr/share/nvim/runtime/lua
[10:15:36.992][info] [#0:script/workspace/loading.lua:100]: Preload file at: file:///usr/share/nvim/runtime/lua/vim/ui.lua , size = 7.683 KB
[10:15:36.996][info] [#0:script/workspace/loading.lua:112]: ++++As library of:	file:///usr/share/nvim/runtime/lua
[10:15:36.996][info] [#0:script/workspace/loading.lua:100]: Preload file at: file:///usr/share/nvim/runtime/lua/vim/_options.lua , size = 25.508 KB
[10:15:37.006][info] [#0:script/workspace/loading.lua:112]: ++++As library of:	file:///usr/share/nvim/runtime/lua
[10:15:37.006][info] [#0:script/workspace/loading.lua:100]: Preload file at: file:///usr/share/nvim/runtime/lua/vim/provider.lua , size = 0.197 KB
[10:15:37.006][info] [#0:script/workspace/loading.lua:112]: ++++As library of:	file:///usr/share/nvim/runtime/lua
[10:15:37.006][info] [#0:script/workspace/loading.lua:100]: Preload file at: file:///usr/share/nvim/runtime/lua/vim/deprecated/health.lua , size = 1.260 KB
[10:15:37.007][info] [#0:script/workspace/loading.lua:112]: ++++As library of:	file:///usr/share/nvim/runtime/lua
[10:15:37.007][info] [#0:script/workspace/loading.lua:100]: Preload file at: file:///usr/share/nvim/runtime/lua/vim/_watch.lua , size = 9.736 KB
[10:15:37.012][info] [#0:script/workspace/loading.lua:112]: ++++As library of:	file:///usr/share/nvim/runtime/lua
[10:15:37.012][info] [#0:script/workspace/loading.lua:100]: Preload file at: file:///usr/share/nvim/runtime/lua/vim/secure.lua , size = 6.484 KB
[10:15:37.015][info] [#0:script/workspace/loading.lua:112]: ++++As library of:	file:///usr/share/nvim/runtime/lua
[10:15:37.015][info] [#0:script/workspace/loading.lua:100]: Preload file at: file:///usr/share/nvim/runtime/lua/vim/_editor.lua , size = 44.544 KB
[10:15:37.035][info] [#0:script/workspace/loading.lua:112]: ++++As library of:	file:///usr/share/nvim/runtime/lua
[10:15:37.035][info] [#0:script/workspace/loading.lua:100]: Preload file at: file:///usr/share/nvim/runtime/lua/vim/lsp.lua , size = 53.484 KB
[10:15:37.056][info] [#0:script/workspace/loading.lua:112]: ++++As library of:	file:///usr/share/nvim/runtime/lua
[10:15:37.056][info] [#0:script/workspace/loading.lua:100]: Preload file at: file:///usr/share/nvim/runtime/lua/vim/text.lua , size = 4.512 KB
[10:15:37.059][info] [#0:script/workspace/loading.lua:112]: ++++As library of:	file:///usr/share/nvim/runtime/lua
[10:15:37.059][info] [#0:script/workspace/loading.lua:100]: Preload file at: file:///usr/share/nvim/runtime/lua/vim/func/_memoize.lua , size = 1.979 KB
[10:15:37.061][info] [#0:script/workspace/loading.lua:112]: ++++As library of:	file:///usr/share/nvim/runtime/lua
[10:15:37.061][info] [#0:script/workspace/loading.lua:100]: Preload file at: file:///usr/share/nvim/runtime/lua/vim/version.lua , size = 13.624 KB
[10:15:37.068][info] [#0:script/workspace/loading.lua:112]: ++++As library of:	file:///usr/share/nvim/runtime/lua
[10:15:37.068][info] [#0:script/workspace/loading.lua:100]: Preload file at: file:///usr/share/nvim/runtime/lua/vim/_comment.lua , size = 8.967 KB
[10:15:37.072][info] [#0:script/workspace/loading.lua:112]: ++++As library of:	file:///usr/share/nvim/runtime/lua
[10:15:37.072][info] [#0:script/workspace/loading.lua:100]: Preload file at: file:///usr/share/nvim/runtime/lua/vim/treesitter/_meta/tstree.lua , size = 1.252 KB
[10:15:37.073][info] [#0:script/workspace/loading.lua:112]: ++++As library of:	file:///usr/share/nvim/runtime/lua
[10:15:37.073][info] [#0:script/workspace/loading.lua:100]: Preload file at: file:///usr/share/nvim/runtime/lua/vim/treesitter/_meta/tsquery.lua , size = 1.860 KB
[10:15:37.074][info] [#0:script/workspace/loading.lua:112]: ++++As library of:	file:///usr/share/nvim/runtime/lua
[10:15:37.074][info] [#0:script/workspace/loading.lua:100]: Preload file at: file:///usr/share/nvim/runtime/lua/vim/treesitter/_meta/tsnode.lua , size = 5.839 KB
[10:15:37.077][info] [#0:script/workspace/loading.lua:112]: ++++As library of:	file:///usr/share/nvim/runtime/lua
[10:15:37.077][info] [#0:script/workspace/loading.lua:100]: Preload file at: file:///usr/share/nvim/runtime/lua/vim/treesitter/_meta/misc.lua , size = 2.809 KB
[10:15:37.079][info] [#0:script/workspace/loading.lua:112]: ++++As library of:	file:///usr/share/nvim/runtime/lua
[10:15:37.079][info] [#0:script/workspace/loading.lua:100]: Preload file at: file:///usr/share/nvim/runtime/lua/vim/treesitter/query.lua , size = 37.730 KB
[10:15:37.097][info] [#0:script/workspace/loading.lua:112]: ++++As library of:	file:///usr/share/nvim/runtime/lua
[10:15:37.097][info] [#0:script/workspace/loading.lua:100]: Preload file at: file:///usr/share/nvim/runtime/lua/vim/treesitter/languagetree.lua , size = 40.306 KB
[10:15:37.117][info] [#0:script/workspace/loading.lua:112]: ++++As library of:	file:///usr/share/nvim/runtime/lua
[10:15:37.117][info] [#0:script/workspace/loading.lua:100]: Preload file at: file:///usr/share/nvim/runtime/lua/vim/treesitter/_query_linter.lua , size = 7.818 KB
[10:15:37.122][info] [#0:script/workspace/loading.lua:112]: ++++As library of:	file:///usr/share/nvim/runtime/lua
[10:15:37.122][info] [#0:script/workspace/loading.lua:100]: Preload file at: file:///usr/share/nvim/runtime/lua/vim/treesitter/_fold.lua , size = 14.803 KB
[10:15:37.128][info] [#0:script/workspace/loading.lua:112]: ++++As library of:	file:///usr/share/nvim/runtime/lua
[10:15:37.128][info] [#0:script/workspace/loading.lua:100]: Preload file at: file:///usr/share/nvim/runtime/lua/vim/treesitter/_headings.lua , size = 3.985 KB
[10:15:37.130][info] [#0:script/workspace/loading.lua:112]: ++++As library of:	file:///usr/share/nvim/runtime/lua
[10:15:37.130][info] [#0:script/workspace/loading.lua:100]: Preload file at: file:///usr/share/nvim/runtime/lua/vim/treesitter/highlighter.lua , size = 16.760 KB
[10:15:37.139][info] [#0:script/workspace/loading.lua:112]: ++++As library of:	file:///usr/share/nvim/runtime/lua
[10:15:37.139][info] [#0:script/workspace/loading.lua:100]: Preload file at: file:///usr/share/nvim/runtime/lua/vim/treesitter/dev.lua , size = 21.149 KB
[10:15:37.149][info] [#0:script/workspace/loading.lua:112]: ++++As library of:	file:///usr/share/nvim/runtime/lua
[10:15:37.149][info] [#0:script/workspace/loading.lua:100]: Preload file at: file:///usr/share/nvim/runtime/lua/vim/treesitter/language.lua , size = 5.382 KB
[10:15:37.152][info] [#0:script/workspace/loading.lua:112]: ++++As library of:	file:///usr/share/nvim/runtime/lua
[10:15:37.152][info] [#0:script/workspace/loading.lua:100]: Preload file at: file:///usr/share/nvim/runtime/lua/vim/treesitter/health.lua , size = 2.054 KB
[10:15:37.153][info] [#0:script/workspace/loading.lua:112]: ++++As library of:	file:///usr/share/nvim/runtime/lua
[10:15:37.153][info] [#0:script/workspace/loading.lua:100]: Preload file at: file:///usr/share/nvim/runtime/lua/vim/treesitter/_range.lua , size = 3.923 KB
[10:15:37.156][info] [#0:script/workspace/loading.lua:112]: ++++As library of:	file:///usr/share/nvim/runtime/lua
[10:15:37.156][info] [#0:script/workspace/loading.lua:100]: Preload file at: file:///usr/share/nvim/runtime/lua/vim/_buf.lua , size = 0.764 KB
[10:15:37.157][info] [#0:script/workspace/loading.lua:112]: ++++As library of:	file:///usr/share/nvim/runtime/lua
[10:15:37.157][info] [#0:script/workspace/loading.lua:100]: Preload file at: file:///usr/share/nvim/runtime/lua/vim/F.lua , size = 1.076 KB
[10:15:37.158][info] [#0:script/workspace/loading.lua:112]: ++++As library of:	file:///usr/share/nvim/runtime/lua
[10:15:37.158][info] [#0:script/workspace/loading.lua:100]: Preload file at: file:///usr/share/nvim/runtime/lua/vim/lsp/_meta/protocol.lua , size = 188.964 KB
[10:15:37.224][info] [#0:script/workspace/loading.lua:112]: ++++As library of:	file:///usr/share/nvim/runtime/lua
[10:15:37.224][info] [#0:script/workspace/loading.lua:100]: Preload file at: file:///usr/share/nvim/runtime/lua/vim/lsp/protocol.lua , size = 45.016 KB
[10:15:37.236][info] [#0:script/workspace/loading.lua:112]: ++++As library of:	file:///usr/share/nvim/runtime/lua
[10:15:37.236][info] [#0:script/workspace/loading.lua:100]: Preload file at: file:///usr/share/nvim/runtime/lua/vim/lsp/util.lua , size = 75.079 KB
[10:15:37.282][info] [#0:script/workspace/loading.lua:112]: ++++As library of:	file:///usr/share/nvim/runtime/lua
[10:15:37.283][info] [#0:script/workspace/loading.lua:100]: Preload file at: file:///usr/share/nvim/runtime/lua/vim/lsp/inlay_hint.lua , size = 11.941 KB
[10:15:37.291][info] [#0:script/workspace/loading.lua:112]: ++++As library of:	file:///usr/share/nvim/runtime/lua
[10:15:37.291][info] [#0:script/workspace/loading.lua:100]: Preload file at: file:///usr/share/nvim/runtime/lua/vim/lsp/rpc.lua , size = 22.153 KB
[10:15:37.305][info] [#0:script/workspace/loading.lua:112]: ++++As library of:	file:///usr/share/nvim/runtime/lua
[10:15:37.306][info] [#0:script/workspace/loading.lua:100]: Preload file at: file:///usr/share/nvim/runtime/lua/vim/lsp/semantic_tokens.lua , size = 27.239 KB
[10:15:37.320][info] [#0:script/workspace/loading.lua:112]: ++++As library of:	file:///usr/share/nvim/runtime/lua
[10:15:37.321][info] [#0:script/workspace/loading.lua:100]: Preload file at: file:///usr/share/nvim/runtime/lua/vim/lsp/sync.lua , size = 15.728 KB
[10:15:37.328][info] [#0:script/workspace/loading.lua:112]: ++++As library of:	file:///usr/share/nvim/runtime/lua
[10:15:37.328][info] [#0:script/workspace/loading.lua:100]: Preload file at: file:///usr/share/nvim/runtime/lua/vim/lsp/client.lua , size = 40.721 KB
[10:15:37.352][info] [#0:script/workspace/loading.lua:112]: ++++As library of:	file:///usr/share/nvim/runtime/lua
[10:15:37.353][info] [#0:script/workspace/loading.lua:100]: Preload file at: file:///usr/share/nvim/runtime/lua/vim/lsp/_snippet_grammar.lua , size = 6.228 KB
[10:15:37.357][info] [#0:script/workspace/loading.lua:112]: ++++As library of:	file:///usr/share/nvim/runtime/lua
[10:15:37.358][info] [#0:script/workspace/loading.lua:100]: Preload file at: file:///usr/share/nvim/runtime/lua/vim/lsp/completion.lua , size = 27.321 KB
[10:15:37.374][info] [#0:script/workspace/loading.lua:112]: ++++As library of:	file:///usr/share/nvim/runtime/lua
[10:15:37.376][info] [#0:script/workspace/loading.lua:100]: Preload file at: file:///usr/share/nvim/runtime/lua/vim/lsp/_folding_range.lua , size = 11.456 KB
[10:15:37.383][info] [#0:script/workspace/loading.lua:112]: ++++As library of:	file:///usr/share/nvim/runtime/lua
[10:15:37.384][info] [#0:script/workspace/loading.lua:100]: Preload file at: file:///usr/share/nvim/runtime/lua/vim/lsp/diagnostic.lua , size = 11.849 KB
[10:15:37.391][info] [#0:script/workspace/loading.lua:112]: ++++As library of:	file:///usr/share/nvim/runtime/lua
[10:15:37.391][info] [#0:script/workspace/loading.lua:100]: Preload file at: file:///usr/share/nvim/runtime/lua/vim/lsp/_tagfunc.lua , size = 3.236 KB
[10:15:37.394][info] [#0:script/workspace/loading.lua:112]: ++++As library of:	file:///usr/share/nvim/runtime/lua
[10:15:37.394][info] [#0:script/workspace/loading.lua:100]: Preload file at: file:///usr/share/nvim/runtime/lua/vim/lsp/log.lua , size = 5.593 KB
[10:15:37.397][info] [#0:script/workspace/loading.lua:112]: ++++As library of:	file:///usr/share/nvim/runtime/lua
[10:15:37.398][info] [#0:script/workspace/loading.lua:100]: Preload file at: file:///usr/share/nvim/runtime/lua/vim/lsp/buf.lua , size = 43.300 KB
[10:15:37.464][info] [#0:script/workspace/loading.lua:112]: ++++As library of:	file:///usr/share/nvim/runtime/lua
[10:15:37.464][info] [#0:script/workspace/loading.lua:100]: Preload file at: file:///usr/share/nvim/runtime/lua/vim/lsp/health.lua , size = 7.345 KB
[10:15:37.468][info] [#0:script/workspace/loading.lua:112]: ++++As library of:	file:///usr/share/nvim/runtime/lua
[10:15:37.468][info] [#0:script/workspace/loading.lua:100]: Preload file at: file:///usr/share/nvim/runtime/lua/vim/lsp/_changetracking.lua , size = 11.493 KB
[10:15:37.474][info] [#0:script/workspace/loading.lua:112]: ++++As library of:	file:///usr/share/nvim/runtime/lua
[10:15:37.474][info] [#0:script/workspace/loading.lua:100]: Preload file at: file:///usr/share/nvim/runtime/lua/vim/lsp/_watchfiles.lua , size = 6.813 KB
[10:15:37.478][info] [#0:script/workspace/loading.lua:112]: ++++As library of:	file:///usr/share/nvim/runtime/lua
[10:15:37.481][info] [#0:script/workspace/loading.lua:100]: Preload file at: file:///usr/share/nvim/runtime/lua/vim/lsp/codelens.lua , size = 9.245 KB
[10:15:37.486][info] [#0:script/workspace/loading.lua:112]: ++++As library of:	file:///usr/share/nvim/runtime/lua
[10:15:37.487][info] [#0:script/workspace/loading.lua:100]: Preload file at: file:///usr/share/nvim/runtime/lua/vim/lsp/_transport.lua , size = 5.152 KB
[10:15:37.490][info] [#0:script/workspace/loading.lua:112]: ++++As library of:	file:///usr/share/nvim/runtime/lua
[10:15:37.491][info] [#0:script/workspace/loading.lua:100]: Preload file at: file:///usr/share/nvim/runtime/lua/vim/lsp/handlers.lua , size = 24.316 KB
[10:15:37.502][info] [#0:script/workspace/loading.lua:112]: ++++As library of:	file:///usr/share/nvim/runtime/lua
[10:15:37.503][info] [#0:script/workspace/loading.lua:100]: Preload file at: file:///usr/share/nvim/runtime/lua/vim/lsp/_meta.lua , size = 0.585 KB
[10:15:37.504][info] [#0:script/workspace/loading.lua:112]: ++++As library of:	file:///usr/share/nvim/runtime/lua
[10:15:37.504][info] [#0:script/workspace/loading.lua:100]: Preload file at: file:///usr/share/nvim/runtime/lua/vim/glob.lua , size = 3.312 KB
[10:15:37.506][info] [#0:script/workspace/loading.lua:112]: ++++As library of:	file:///usr/share/nvim/runtime/lua
[10:15:37.506][info] [#0:script/workspace/loading.lua:100]: Preload file at: file:///usr/share/nvim/runtime/lua/vim/loader.lua , size = 14.564 KB
[10:15:37.519][info] [#0:script/workspace/loading.lua:112]: ++++As library of:	file:///usr/share/nvim/runtime/lua
[10:15:37.519][info] [#0:script/workspace/loading.lua:100]: Preload file at: file:///usr/share/nvim/runtime/lua/vim/health/health.lua , size = 12.914 KB
[10:15:37.526][info] [#0:script/workspace/loading.lua:112]: ++++As library of:	file:///usr/share/nvim/runtime/lua
[10:15:37.526][info] [#0:script/workspace/loading.lua:100]: Preload file at: file:///usr/share/nvim/runtime/lua/vim/ui/clipboard/osc52.lua , size = 2.146 KB
[10:15:37.527][info] [#0:script/workspace/loading.lua:112]: ++++As library of:	file:///usr/share/nvim/runtime/lua
[10:15:37.527][info] [#0:script/workspace/loading.lua:100]: Preload file at: file:///usr/share/nvim/runtime/lua/vim/filetype/options.lua , size = 2.559 KB
[10:15:37.529][info] [#0:script/workspace/loading.lua:112]: ++++As library of:	file:///usr/share/nvim/runtime/lua
[10:15:37.531][info] [#0:script/workspace/loading.lua:100]: Preload file at: file:///usr/share/nvim/runtime/lua/vim/filetype/detect.lua , size = 61.322 KB
[10:15:37.559][info] [#0:script/workspace/loading.lua:112]: ++++As library of:	file:///usr/share/nvim/runtime/lua
[10:15:37.559][info] [#0:script/workspace/loading.lua:100]: Preload file at: file:///usr/share/nvim/runtime/lua/vim/termcap.lua , size = 2.952 KB
[10:15:37.561][info] [#0:script/workspace/loading.lua:112]: ++++As library of:	file:///usr/share/nvim/runtime/lua
[10:15:37.561][info] [#0:script/workspace/loading.lua:100]: Preload file at: file:///usr/share/nvim/runtime/lua/vim/func.lua , size = 1.950 KB
[10:15:37.561][info] [#0:script/workspace/loading.lua:112]: ++++As library of:	file:///usr/share/nvim/runtime/lua
[10:15:37.561][info] [#0:script/workspace/loading.lua:100]: Preload file at: file:///usr/share/nvim/runtime/lua/vim/_inspector.lua , size = 7.873 KB
[10:15:37.566][info] [#0:script/workspace/loading.lua:112]: ++++As library of:	file:///usr/share/nvim/runtime/lua
[10:15:37.566][info] [#0:script/workspace/loading.lua:100]: Preload file at: file:///usr/share/nvim/runtime/lua/vim/_init_packages.lua , size = 3.023 KB
[10:15:37.568][info] [#0:script/workspace/loading.lua:112]: ++++As library of:	file:///usr/share/nvim/runtime/lua
[10:15:37.568][info] [#0:script/workspace/loading.lua:100]: Preload file at: file:///usr/share/nvim/runtime/lua/vim/re.lua , size = 6.527 KB
[10:15:37.581][info] [#0:script/workspace/loading.lua:112]: ++++As library of:	file:///usr/share/nvim/runtime/lua
[10:15:37.581][info] [#0:script/workspace/loading.lua:100]: Preload file at: file:///usr/share/nvim/runtime/lua/vim/shared.lua , size = 40.562 KB
[10:15:37.600][info] [#0:script/workspace/loading.lua:112]: ++++As library of:	file:///usr/share/nvim/runtime/lua
[10:15:37.600][info] [#0:script/workspace/loading.lua:100]: Preload file at: file:///usr/share/nvim/runtime/lua/vim/treesitter.lua , size = 15.239 KB
[10:15:37.607][info] [#0:script/workspace/loading.lua:112]: ++++As library of:	file:///usr/share/nvim/runtime/lua
[10:15:37.608][info] [#0:script/workspace/loading.lua:100]: Preload file at: file:///usr/share/nvim/runtime/lua/vim/_defaults.lua , size = 32.541 KB
[10:15:37.622][info] [#0:script/workspace/loading.lua:112]: ++++As library of:	file:///usr/share/nvim/runtime/lua
[10:15:37.623][info] [#0:script/workspace/loading.lua:100]: Preload file at: file:///usr/share/nvim/runtime/lua/vim/diagnostic.lua , size = 85.210 KB
[10:15:37.671][info] [#0:script/workspace/loading.lua:112]: ++++As library of:	file:///usr/share/nvim/runtime/lua
[10:15:37.672][info] [#0:script/workspace/loading.lua:100]: Preload file at: file:///usr/share/nvim/runtime/lua/vim/iter.lua , size = 25.930 KB
[10:15:37.692][info] [#0:script/workspace/loading.lua:112]: ++++As library of:	file:///usr/share/nvim/runtime/lua
[10:15:37.692][info] [#0:script/workspace/loading.lua:100]: Preload file at: file:///usr/share/nvim/runtime/lua/vim/hl.lua , size = 6.054 KB
[10:15:37.695][info] [#0:script/workspace/loading.lua:112]: ++++As library of:	file:///usr/share/nvim/runtime/lua
[10:15:37.695][info] [#0:script/workspace/loading.lua:100]: Preload file at: file:///usr/share/nvim/runtime/lua/vim/filetype.lua , size = 78.989 KB
[10:15:37.722][info] [#0:script/workspace/loading.lua:112]: ++++As library of:	file:///usr/share/nvim/runtime/lua
[10:15:37.722][info] [#0:script/workspace/loading.lua:100]: Preload file at: file:///usr/share/nvim/runtime/lua/vim/fs.lua , size = 24.465 KB
[10:15:37.732][info] [#0:script/workspace/loading.lua:112]: ++++As library of:	file:///usr/share/nvim/runtime/lua
[10:15:37.732][info] [#0:script/workspace/loading.lua:100]: Preload file at: file:///usr/share/nvim/runtime/lua/vim/snippet.lua , size = 19.841 KB
[10:15:37.749][info] [#0:script/workspace/loading.lua:112]: ++++As library of:	file:///usr/share/nvim/runtime/lua
[10:15:37.749][info] [#0:script/workspace/loading.lua:100]: Preload file at: file:///usr/share/nvim/runtime/lua/vim/health.lua , size = 15.774 KB
[10:15:37.756][info] [#0:script/workspace/loading.lua:112]: ++++As library of:	file:///usr/share/nvim/runtime/lua
[10:15:37.756][info] [#0:script/workspace/loading.lua:100]: Preload file at: file:///usr/share/nvim/runtime/lua/vim/provider/python.lua , size = 4.292 KB
[10:15:37.758][info] [#0:script/workspace/loading.lua:112]: ++++As library of:	file:///usr/share/nvim/runtime/lua
[10:15:37.758][info] [#0:script/workspace/loading.lua:100]: Preload file at: file:///usr/share/nvim/runtime/lua/vim/provider/health.lua , size = 29.915 KB
[10:15:37.770][info] [#0:script/workspace/loading.lua:112]: ++++As library of:	file:///usr/share/nvim/runtime/lua
[10:15:37.770][info] [#0:script/workspace/loading.lua:100]: Preload file at: file:///usr/share/nvim/runtime/lua/vim/provider/ruby.lua , size = 1.563 KB
[10:15:37.772][info] [#0:script/workspace/loading.lua:112]: ++++As library of:	file:///usr/share/nvim/runtime/lua
[10:15:37.772][info] [#0:script/workspace/loading.lua:100]: Preload file at: file:///usr/share/nvim/runtime/lua/vim/provider/perl.lua , size = 1.998 KB
[10:15:37.773][info] [#0:script/workspace/loading.lua:112]: ++++As library of:	file:///usr/share/nvim/runtime/lua
[10:15:37.773][info] [#0:script/workspace/loading.lua:100]: Preload file at: file:///usr/share/nvim/runtime/lua/vim/keymap.lua , size = 3.683 KB
[10:15:37.775][info] [#0:script/workspace/loading.lua:112]: ++++As library of:	file:///usr/share/nvim/runtime/lua
[10:15:37.775][info] [#0:script/workspace/loading.lua:100]: Preload file at: file:///usr/share/nvim/runtime/lua/vim/uri.lua , size = 3.614 KB
[10:15:37.777][info] [#0:script/workspace/loading.lua:112]: ++++As library of:	file:///usr/share/nvim/runtime/lua
[10:15:37.777][info] [#0:script/workspace/loading.lua:100]: Preload file at: file:///usr/share/nvim/runtime/lua/vim/_system.lua , size = 9.857 KB
[10:15:37.783][info] [#0:script/workspace/loading.lua:112]: ++++As library of:	file:///usr/share/nvim/runtime/lua
[10:15:37.783][info] [#0:script/workspace/loading.lua:100]: Preload file at: file:///usr/share/nvim/runtime/lua/vim/_meta.lua , size = 1.002 KB
[10:15:37.784][info] [#0:script/workspace/loading.lua:112]: ++++As library of:	file:///usr/share/nvim/runtime/lua
[10:15:37.784][info] [#0:script/workspace/loading.lua:100]: Preload file at: file:///usr/share/nvim/runtime/lua/vim/_ftplugin/lua.lua , size = 0.540 KB
[10:15:37.785][info] [#0:script/workspace/loading.lua:112]: ++++As library of:	file:///usr/share/nvim/runtime/lua
[10:15:37.785][info] [#0:script/workspace/loading.lua:100]: Preload file at: file:///usr/share/nvim/runtime/lua/coxpcall.lua , size = 3.672 KB
[10:15:37.787][info] [#0:script/workspace/loading.lua:112]: ++++As library of:	file:///usr/share/nvim/runtime/lua
[10:15:37.787][info] [#0:script/workspace/loading.lua:100]: Preload file at: file:///usr/share/nvim/runtime/lua/tohtml.lua , size = 43.272 KB
[10:15:37.817][info] [#0:script/workspace/loading.lua:112]: ++++As library of:	file:///usr/share/nvim/runtime/lua
[10:15:37.817][info] [#0:script/workspace/loading.lua:100]: Preload file at: file:///usr/share/nvim/runtime/lua/man.lua , size = 23.335 KB
[10:15:37.828][info] [#0:script/workspace/loading.lua:112]: ++++As library of:	file:///usr/share/nvim/runtime/lua
[10:15:37.828][info] [#0:script/workspace/loading.lua:100]: Preload file at: file:///home/nattz/.local/share/nvim/mason/packages/lua-language-server/libexec/meta/LuaJIT%20en-us%20utf8/os.lua , size = 5.611 KB
[10:15:37.831][info] [#0:script/workspace/loading.lua:112]: ++++As library of:	file:///home/nattz/.local/share/nvim/mason/packages/lua-language-server/libexec/meta/LuaJIT%20en-us%20utf8/os.lua
[10:15:37.831][info] [#0:script/workspace/loading.lua:100]: Preload file at: file:///home/nattz/.local/share/nvim/mason/packages/lua-language-server/libexec/meta/LuaJIT%20en-us%20utf8/jit/util.lua , size = 1.984 KB
[10:15:37.832][info] [#0:script/workspace/loading.lua:112]: ++++As library of:	file:///home/nattz/.local/share/nvim/mason/packages/lua-language-server/libexec/meta/LuaJIT%20en-us%20utf8/jit/util.lua
[10:15:37.832][info] [#0:script/workspace/loading.lua:100]: Preload file at: file:///home/nattz/.config/nvim/lua/config/autocmds.lua , size = 0.414 KB
[10:15:37.833][info] [#0:script/workspace/loading.lua:112]: ++++As library of:	file:///home/nattz/.config/nvim/lua
[10:15:37.833][info] [#0:script/workspace/loading.lua:100]: Preload file at: file:///home/nattz/.config/nvim/lua/config/keymaps.lua , size = 0.204 KB
[10:15:37.833][info] [#0:script/workspace/loading.lua:112]: ++++As library of:	file:///home/nattz/.config/nvim/lua
[10:15:37.833][info] [#0:script/workspace/loading.lua:100]: Preload file at: file:///home/nattz/.config/nvim/lua/config/options.lua , size = 0.207 KB
[10:15:37.833][info] [#0:script/workspace/loading.lua:112]: ++++As library of:	file:///home/nattz/.config/nvim/lua
[10:15:37.833][info] [#0:script/workspace/loading.lua:100]: Preload file at: file:///home/nattz/.config/nvim/lua/config/lazy.lua , size = 1.812 KB
[10:15:37.834][info] [#0:script/workspace/loading.lua:112]: ++++As library of:	file:///home/nattz/.config/nvim/lua
[10:15:37.834][info] [#0:script/workspace/loading.lua:100]: Preload file at: file:///home/nattz/.config/nvim/lua/plugins/example.lua , size = 5.171 KB
[10:15:37.835][info] [#0:script/workspace/loading.lua:112]: ++++As library of:	file:///home/nattz/.config/nvim/lua
[10:15:37.835][info] [#0:script/workspace/loading.lua:100]: Preload file at: file:///home/nattz/.local/share/nvim/mason/packages/lua-language-server/libexec/meta/LuaJIT%20en-us%20utf8/coroutine.lua , size = 2.541 KB
[10:15:37.837][info] [#0:script/workspace/loading.lua:112]: ++++As library of:	file:///home/nattz/.local/share/nvim/mason/packages/lua-language-server/libexec/meta/LuaJIT%20en-us%20utf8/coroutine.lua
[10:15:37.837][info] [#0:script/workspace/loading.lua:100]: Preload file at: file:///home/nattz/.local/share/nvim/mason/packages/lua-language-server/libexec/meta/LuaJIT%20en-us%20utf8/ffi.lua , size = 2.529 KB
[10:15:37.839][info] [#0:script/workspace/loading.lua:112]: ++++As library of:	file:///home/nattz/.local/share/nvim/mason/packages/lua-language-server/libexec/meta/LuaJIT%20en-us%20utf8/ffi.lua
[10:15:37.839][info] [#0:script/workspace/loading.lua:100]: Preload file at: file:///home/nattz/.local/share/nvim/mason/packages/lua-language-server/libexec/meta/LuaJIT%20en-us%20utf8/math.lua , size = 8.035 KB
[10:15:37.843][info] [#0:script/workspace/loading.lua:112]: ++++As library of:	file:///home/nattz/.local/share/nvim/mason/packages/lua-language-server/libexec/meta/LuaJIT%20en-us%20utf8/math.lua
[10:15:37.843][info] [#0:script/workspace/loading.lua:100]: Preload file at: file:///home/nattz/.local/share/nvim/mason/packages/lua-language-server/libexec/meta/LuaJIT%20en-us%20utf8/string.lua , size = 6.371 KB
[10:15:37.854][info] [#0:script/workspace/loading.lua:112]: ++++As library of:	file:///home/nattz/.local/share/nvim/mason/packages/lua-language-server/libexec/meta/LuaJIT%20en-us%20utf8/string.lua
[10:15:37.854][info] [#0:script/workspace/loading.lua:100]: Preload file at: file:///home/nattz/.local/share/nvim/mason/packages/lua-language-server/libexec/meta/LuaJIT%20en-us%20utf8/jit/profile.lua , size = 0.348 KB
[10:15:37.854][info] [#0:script/workspace/loading.lua:112]: ++++As library of:	file:///home/nattz/.local/share/nvim/mason/packages/lua-language-server/libexec/meta/LuaJIT%20en-us%20utf8/jit/profile.lua
[10:15:37.854][info] [#0:script/workspace/loading.lua:100]: Preload file at: file:///home/nattz/.local/share/nvim/mason/packages/lua-language-server/libexec/meta/LuaJIT%20en-us%20utf8/table/new.lua , size = 0.642 KB
[10:15:37.855][info] [#0:script/workspace/loading.lua:112]: ++++As library of:	file:///home/nattz/.local/share/nvim/mason/packages/lua-language-server/libexec/meta/LuaJIT%20en-us%20utf8/table/new.lua
[10:15:37.855][info] [#0:script/workspace/loading.lua:100]: Preload file at: file:///home/nattz/.local/share/nvim/mason/packages/lua-language-server/libexec/meta/LuaJIT%20en-us%20utf8/debug.lua , size = 7.310 KB
[10:15:37.858][info] [#0:script/workspace/loading.lua:112]: ++++As library of:	file:///home/nattz/.local/share/nvim/mason/packages/lua-language-server/libexec/meta/LuaJIT%20en-us%20utf8/debug.lua
[10:15:37.858][info] [#0:script/workspace/loading.lua:100]: Preload file at: file:///home/nattz/.local/share/nvim/mason/packages/lua-language-server/libexec/meta/LuaJIT%20en-us%20utf8/table.lua , size = 5.020 KB
[10:15:37.861][info] [#0:script/workspace/loading.lua:112]: ++++As library of:	file:///home/nattz/.local/share/nvim/mason/packages/lua-language-server/libexec/meta/LuaJIT%20en-us%20utf8/table.lua
[10:15:37.861][info] [#0:script/workspace/loading.lua:100]: Preload file at: file:///home/nattz/.local/share/nvim/mason/packages/lua-language-server/libexec/meta/LuaJIT%20en-us%20utf8/basic.lua , size = 16.126 KB
[10:15:37.867][info] [#0:script/workspace/loading.lua:112]: ++++As library of:	file:///home/nattz/.local/share/nvim/mason/packages/lua-language-server/libexec/meta/LuaJIT%20en-us%20utf8/basic.lua
[10:15:37.867][info] [#0:script/workspace/loading.lua:100]: Preload file at: file:///home/nattz/.local/share/nvim/mason/packages/lua-language-server/libexec/meta/LuaJIT%20en-us%20utf8/package.lua , size = 2.699 KB
[10:15:37.868][info] [#0:script/workspace/loading.lua:112]: ++++As library of:	file:///home/nattz/.local/share/nvim/mason/packages/lua-language-server/libexec/meta/LuaJIT%20en-us%20utf8/package.lua
[10:15:37.868][info] [#0:script/workspace/loading.lua:100]: Preload file at: file:///home/nattz/.local/share/nvim/mason/packages/lua-language-server/libexec/meta/LuaJIT%20en-us%20utf8/table/clear.lua , size = 0.797 KB
[10:15:37.869][info] [#0:script/workspace/loading.lua:112]: ++++As library of:	file:///home/nattz/.local/share/nvim/mason/packages/lua-language-server/libexec/meta/LuaJIT%20en-us%20utf8/table/clear.lua
[10:15:37.869][info] [#0:script/workspace/loading.lua:100]: Preload file at: file:///home/nattz/.local/share/nvim/mason/packages/lua-language-server/libexec/meta/LuaJIT%20en-us%20utf8/jit.lua , size = 0.884 KB
[10:15:37.869][info] [#0:script/workspace/loading.lua:112]: ++++As library of:	file:///home/nattz/.local/share/nvim/mason/packages/lua-language-server/libexec/meta/LuaJIT%20en-us%20utf8/jit.lua
[10:15:37.870][info] [#0:script/workspace/loading.lua:100]: Preload file at: file:///home/nattz/.local/share/nvim/mason/packages/lua-language-server/libexec/meta/LuaJIT%20en-us%20utf8/bit.lua , size = 1.243 KB
[10:15:37.871][info] [#0:script/workspace/loading.lua:112]: ++++As library of:	file:///home/nattz/.local/share/nvim/mason/packages/lua-language-server/libexec/meta/LuaJIT%20en-us%20utf8/bit.lua
[10:15:37.871][info] [#0:script/workspace/loading.lua:100]: Preload file at: file:///home/nattz/.local/share/nvim/mason/packages/lua-language-server/libexec/meta/LuaJIT%20en-us%20utf8/string/buffer.lua , size = 18.057 KB
[10:15:37.874][info] [#0:script/workspace/loading.lua:112]: ++++As library of:	file:///home/nattz/.local/share/nvim/mason/packages/lua-language-server/libexec/meta/LuaJIT%20en-us%20utf8/string/buffer.lua
[10:15:37.874][info] [#0:script/workspace/loading.lua:100]: Preload file at: file:///home/nattz/.local/share/nvim/lazy/lazy.nvim/lua/lazy/status.lua , size = 0.353 KB
[10:15:37.875][info] [#0:script/workspace/loading.lua:112]: ++++As library of:	file:///home/nattz/.local/share/nvim/lazy/lazy.nvim/lua
[10:15:37.875][info] [#0:script/workspace/loading.lua:100]: Preload file at: file:///home/nattz/.local/share/nvim/lazy/lazy.nvim/lua/lazy/init.lua , size = 3.749 KB
[10:15:37.877][info] [#0:script/workspace/loading.lua:112]: ++++As library of:	file:///home/nattz/.local/share/nvim/lazy/lazy.nvim/lua
[10:15:37.877][info] [#0:script/workspace/loading.lua:100]: Preload file at: file:///home/nattz/.local/share/nvim/lazy/lazy.nvim/lua/lazy/terminal.lua , size = 2.394 KB
[10:15:37.878][info] [#0:script/workspace/loading.lua:112]: ++++As library of:	file:///home/nattz/.local/share/nvim/lazy/lazy.nvim/lua
[10:15:37.879][info] [#0:script/workspace/loading.lua:100]: Preload file at: file:///home/nattz/.local/share/nvim/lazy/lazy.nvim/lua/lazy/types.lua , size = 3.755 KB
[10:15:37.881][info] [#0:script/workspace/loading.lua:112]: ++++As library of:	file:///home/nattz/.local/share/nvim/lazy/lazy.nvim/lua
[10:15:37.881][info] [#0:script/workspace/loading.lua:100]: Preload file at: file:///home/nattz/.local/share/nvim/lazy/lazy.nvim/lua/lazy/core/handler/event.lua , size = 4.956 KB
[10:15:37.884][info] [#0:script/workspace/loading.lua:112]: ++++As library of:	file:///home/nattz/.local/share/nvim/lazy/lazy.nvim/lua
[10:15:37.884][info] [#0:script/workspace/loading.lua:100]: Preload file at: file:///home/nattz/.local/share/nvim/lazy/lazy.nvim/lua/lazy/core/handler/init.lua , size = 3.170 KB
[10:15:37.886][info] [#0:script/workspace/loading.lua:112]: ++++As library of:	file:///home/nattz/.local/share/nvim/lazy/lazy.nvim/lua
[10:15:37.886][info] [#0:script/workspace/loading.lua:100]: Preload file at: file:///home/nattz/.local/share/nvim/lazy/lazy.nvim/lua/lazy/core/handler/ft.lua , size = 0.442 KB
[10:15:37.887][info] [#0:script/workspace/loading.lua:112]: ++++As library of:	file:///home/nattz/.local/share/nvim/lazy/lazy.nvim/lua
[10:15:37.887][info] [#0:script/workspace/loading.lua:100]: Preload file at: file:///home/nattz/.local/share/nvim/lazy/lazy.nvim/lua/lazy/core/handler/cmd.lua , size = 1.638 KB
[10:15:37.888][info] [#0:script/workspace/loading.lua:112]: ++++As library of:	file:///home/nattz/.local/share/nvim/lazy/lazy.nvim/lua
[10:15:37.888][info] [#0:script/workspace/loading.lua:100]: Preload file at: file:///home/nattz/.local/share/nvim/lazy/lazy.nvim/lua/lazy/core/handler/keys.lua , size = 5.302 KB
[10:15:37.899][info] [#0:script/workspace/loading.lua:112]: ++++As library of:	file:///home/nattz/.local/share/nvim/lazy/lazy.nvim/lua
[10:15:37.899][info] [#0:script/workspace/loading.lua:100]: Preload file at: file:///home/nattz/.local/share/nvim/lazy/lazy.nvim/lua/lazy/core/meta.lua , size = 9.738 KB
[10:15:37.905][info] [#0:script/workspace/loading.lua:112]: ++++As library of:	file:///home/nattz/.local/share/nvim/lazy/lazy.nvim/lua
[10:15:37.905][info] [#0:script/workspace/loading.lua:100]: Preload file at: file:///home/nattz/.local/share/nvim/lazy/lazy.nvim/lua/lazy/core/config.lua , size = 12.009 KB
[10:15:37.910][info] [#0:script/workspace/loading.lua:112]: ++++As library of:	file:///home/nattz/.local/share/nvim/lazy/lazy.nvim/lua
[10:15:37.910][info] [#0:script/workspace/loading.lua:100]: Preload file at: file:///home/nattz/.local/share/nvim/lazy/lazy.nvim/lua/lazy/core/plugin.lua , size = 12.541 KB
[10:15:37.917][info] [#0:script/workspace/loading.lua:112]: ++++As library of:	file:///home/nattz/.local/share/nvim/lazy/lazy.nvim/lua
[10:15:37.918][info] [#0:script/workspace/loading.lua:100]: Preload file at: file:///home/nattz/.local/share/nvim/lazy/lazy.nvim/lua/lazy/core/cache.lua , size = 16.584 KB
[10:15:37.927][info] [#0:script/workspace/loading.lua:112]: ++++As library of:	file:///home/nattz/.local/share/nvim/lazy/lazy.nvim/lua
[10:15:37.927][info] [#0:script/workspace/loading.lua:100]: Preload file at: file:///home/nattz/.local/share/nvim/lazy/lazy.nvim/lua/lazy/core/util.lua , size = 12.348 KB
[10:15:37.936][info] [#0:script/workspace/loading.lua:112]: ++++As library of:	file:///home/nattz/.local/share/nvim/lazy/lazy.nvim/lua
[10:15:37.936][info] [#0:script/workspace/loading.lua:100]: Preload file at: file:///home/nattz/.local/share/nvim/lazy/lazy.nvim/lua/lazy/core/loader.lua , size = 14.966 KB
[10:15:37.944][info] [#0:script/workspace/loading.lua:112]: ++++As library of:	file:///home/nattz/.local/share/nvim/lazy/lazy.nvim/lua
[10:15:37.944][info] [#0:script/workspace/loading.lua:100]: Preload file at: file:///home/nattz/.local/share/nvim/lazy/lazy.nvim/lua/lazy/core/fragments.lua , size = 4.215 KB
[10:15:37.947][info] [#0:script/workspace/loading.lua:112]: ++++As library of:	file:///home/nattz/.local/share/nvim/lazy/lazy.nvim/lua
[10:15:37.947][info] [#0:script/workspace/loading.lua:100]: Preload file at: file:///home/nattz/.local/share/nvim/lazy/lazy.nvim/lua/lazy/state.lua , size = 0.859 KB
[10:15:37.948][info] [#0:script/workspace/loading.lua:112]: ++++As library of:	file:///home/nattz/.local/share/nvim/lazy/lazy.nvim/lua
[10:15:37.948][info] [#0:script/workspace/loading.lua:100]: Preload file at: file:///home/nattz/.local/share/nvim/lazy/lazy.nvim/lua/lazy/pkg/init.lua , size = 3.186 KB
[10:15:37.957][info] [#0:script/workspace/loading.lua:112]: ++++As library of:	file:///home/nattz/.local/share/nvim/lazy/lazy.nvim/lua
[10:15:37.957][info] [#0:script/workspace/loading.lua:100]: Preload file at: file:///home/nattz/.local/share/nvim/lazy/lazy.nvim/lua/lazy/pkg/packspec.lua , size = 1.137 KB
[10:15:37.958][info] [#0:script/workspace/loading.lua:112]: ++++As library of:	file:///home/nattz/.local/share/nvim/lazy/lazy.nvim/lua
[10:15:37.958][info] [#0:script/workspace/loading.lua:100]: Preload file at: file:///home/nattz/.local/share/nvim/lazy/lazy.nvim/lua/lazy/pkg/rockspec.lua , size = 8.061 KB
[10:15:37.962][info] [#0:script/workspace/loading.lua:112]: ++++As library of:	file:///home/nattz/.local/share/nvim/lazy/lazy.nvim/lua
[10:15:37.962][info] [#0:script/workspace/loading.lua:100]: Preload file at: file:///home/nattz/.local/share/nvim/lazy/lazy.nvim/lua/lazy/pkg/lazy.lua , size = 0.720 KB
[10:15:37.963][info] [#0:script/workspace/loading.lua:112]: ++++As library of:	file:///home/nattz/.local/share/nvim/lazy/lazy.nvim/lua
[10:15:37.963][info] [#0:script/workspace/loading.lua:100]: Preload file at: file:///home/nattz/.local/share/nvim/lazy/lazy.nvim/lua/lazy/view/render.lua , size = 23.064 KB
[10:15:37.978][info] [#0:script/workspace/loading.lua:112]: ++++As library of:	file:///home/nattz/.local/share/nvim/lazy/lazy.nvim/lua
[10:15:37.978][info] [#0:script/workspace/loading.lua:100]: Preload file at: file:///home/nattz/.local/share/nvim/lazy/lazy.nvim/lua/lazy/view/init.lua , size = 9.394 KB
[10:15:37.984][info] [#0:script/workspace/loading.lua:112]: ++++As library of:	file:///home/nattz/.local/share/nvim/lazy/lazy.nvim/lua
[10:15:37.984][info] [#0:script/workspace/loading.lua:100]: Preload file at: file:///home/nattz/.local/share/nvim/lazy/lazy.nvim/lua/lazy/view/commands.lua , size = 3.899 KB
[10:15:37.990][info] [#0:script/workspace/loading.lua:112]: ++++As library of:	file:///home/nattz/.local/share/nvim/lazy/lazy.nvim/lua
[10:15:37.990][info] [#0:script/workspace/loading.lua:100]: Preload file at: file:///home/nattz/.local/share/nvim/lazy/lazy.nvim/lua/lazy/view/sections.lua , size = 2.430 KB
[10:15:37.997][info] [#0:script/workspace/loading.lua:112]: ++++As library of:	file:///home/nattz/.local/share/nvim/lazy/lazy.nvim/lua
[10:15:37.997][info] [#0:script/workspace/loading.lua:100]: Preload file at: file:///home/nattz/.local/share/nvim/lazy/lazy.nvim/lua/lazy/view/colors.lua , size = 1.820 KB
[10:15:38.002][info] [#0:script/workspace/loading.lua:112]: ++++As library of:	file:///home/nattz/.local/share/nvim/lazy/lazy.nvim/lua
[10:15:38.002][info] [#0:script/workspace/loading.lua:100]: Preload file at: file:///home/nattz/.local/share/nvim/lazy/lazy.nvim/lua/lazy/view/config.lua , size = 3.507 KB
[10:15:38.009][info] [#0:script/workspace/loading.lua:112]: ++++As library of:	file:///home/nattz/.local/share/nvim/lazy/lazy.nvim/lua
[10:15:38.009][info] [#0:script/workspace/loading.lua:100]: Preload file at: file:///home/nattz/.local/share/nvim/lazy/lazy.nvim/lua/lazy/view/diff.lua , size = 1.585 KB
[10:15:38.013][info] [#0:script/workspace/loading.lua:112]: ++++As library of:	file:///home/nattz/.local/share/nvim/lazy/lazy.nvim/lua
[10:15:38.013][info] [#0:script/workspace/loading.lua:100]: Preload file at: file:///home/nattz/.local/share/nvim/lazy/lazy.nvim/lua/lazy/view/text.lua , size = 3.813 KB
[10:15:38.023][info] [#0:script/workspace/loading.lua:112]: ++++As library of:	file:///home/nattz/.local/share/nvim/lazy/lazy.nvim/lua
[10:15:38.025][info] [#0:script/workspace/loading.lua:100]: Preload file at: file:///home/nattz/.local/share/nvim/lazy/lazy.nvim/lua/lazy/view/float.lua , size = 9.536 KB
[10:15:38.050][info] [#0:script/workspace/loading.lua:112]: ++++As library of:	file:///home/nattz/.local/share/nvim/lazy/lazy.nvim/lua
[10:15:38.050][info] [#0:script/workspace/loading.lua:100]: Preload file at: file:///home/nattz/.local/share/nvim/lazy/lazy.nvim/lua/lazy/manage/task/init.lua , size = 5.805 KB
[10:15:38.057][info] [#0:script/workspace/loading.lua:112]: ++++As library of:	file:///home/nattz/.local/share/nvim/lazy/lazy.nvim/lua
[10:15:38.057][info] [#0:script/workspace/loading.lua:100]: Preload file at: file:///home/nattz/.local/share/nvim/lazy/lazy.nvim/lua/lazy/manage/task/git.lua , size = 10.135 KB
[10:15:38.064][info] [#0:script/workspace/loading.lua:112]: ++++As library of:	file:///home/nattz/.local/share/nvim/lazy/lazy.nvim/lua
[10:15:38.065][info] [#0:script/workspace/loading.lua:100]: Preload file at: file:///home/nattz/.local/share/nvim/lazy/lazy.nvim/lua/lazy/manage/task/plugin.lua , size = 2.765 KB
[10:15:38.067][info] [#0:script/workspace/loading.lua:112]: ++++As library of:	file:///home/nattz/.local/share/nvim/lazy/lazy.nvim/lua
[10:15:38.067][info] [#0:script/workspace/loading.lua:100]: Preload file at: file:///home/nattz/.local/share/nvim/lazy/lazy.nvim/lua/lazy/manage/task/fs.lua , size = 1.009 KB
[10:15:38.069][info] [#0:script/workspace/loading.lua:112]: ++++As library of:	file:///home/nattz/.local/share/nvim/lazy/lazy.nvim/lua
[10:15:38.069][info] [#0:script/workspace/loading.lua:100]: Preload file at: file:///home/nattz/.local/share/nvim/lazy/lazy.nvim/lua/lazy/manage/init.lua , size = 5.940 KB
[10:15:38.074][info] [#0:script/workspace/loading.lua:112]: ++++As library of:	file:///home/nattz/.local/share/nvim/lazy/lazy.nvim/lua
[10:15:38.074][info] [#0:script/workspace/loading.lua:100]: Preload file at: file:///home/nattz/.local/share/nvim/lazy/lazy.nvim/lua/lazy/manage/runner.lua , size = 4.847 KB
[10:15:38.079][info] [#0:script/workspace/loading.lua:112]: ++++As library of:	file:///home/nattz/.local/share/nvim/lazy/lazy.nvim/lua
[10:15:38.079][info] [#0:script/workspace/loading.lua:100]: Preload file at: file:///home/nattz/.local/share/nvim/lazy/lazy.nvim/lua/lazy/manage/lock.lua , size = 1.668 KB
[10:15:38.081][info] [#0:script/workspace/loading.lua:112]: ++++As library of:	file:///home/nattz/.local/share/nvim/lazy/lazy.nvim/lua
[10:15:38.081][info] [#0:script/workspace/loading.lua:100]: Preload file at: file:///home/nattz/.local/share/nvim/lazy/lazy.nvim/lua/lazy/manage/semver.lua , size = 4.455 KB
[10:15:38.085][info] [#0:script/workspace/loading.lua:112]: ++++As library of:	file:///home/nattz/.local/share/nvim/lazy/lazy.nvim/lua
[10:15:38.086][info] [#0:script/workspace/loading.lua:100]: Preload file at: file:///home/nattz/.local/share/nvim/lazy/lazy.nvim/lua/lazy/manage/reloader.lua , size = 2.817 KB
[10:15:38.088][info] [#0:script/workspace/loading.lua:112]: ++++As library of:	file:///home/nattz/.local/share/nvim/lazy/lazy.nvim/lua
[10:15:38.088][info] [#0:script/workspace/loading.lua:100]: Preload file at: file:///home/nattz/.local/share/nvim/lazy/lazy.nvim/lua/lazy/manage/process.lua , size = 5.447 KB
[10:15:38.094][info] [#0:script/workspace/loading.lua:112]: ++++As library of:	file:///home/nattz/.local/share/nvim/lazy/lazy.nvim/lua
[10:15:38.094][info] [#0:script/workspace/loading.lua:100]: Preload file at: file:///home/nattz/.local/share/nvim/lazy/lazy.nvim/lua/lazy/manage/git.lua , size = 6.279 KB
[10:15:38.099][info] [#0:script/workspace/loading.lua:112]: ++++As library of:	file:///home/nattz/.local/share/nvim/lazy/lazy.nvim/lua
[10:15:38.100][info] [#0:script/workspace/loading.lua:100]: Preload file at: file:///home/nattz/.local/share/nvim/lazy/lazy.nvim/lua/lazy/manage/checker.lua , size = 2.479 KB
[10:15:38.102][info] [#0:script/workspace/loading.lua:112]: ++++As library of:	file:///home/nattz/.local/share/nvim/lazy/lazy.nvim/lua
[10:15:38.103][info] [#0:script/workspace/loading.lua:100]: Preload file at: file:///home/nattz/.local/share/nvim/lazy/lazy.nvim/lua/lazy/async.lua , size = 4.302 KB
[10:15:38.108][info] [#0:script/workspace/loading.lua:112]: ++++As library of:	file:///home/nattz/.local/share/nvim/lazy/lazy.nvim/lua
[10:15:38.108][info] [#0:script/workspace/loading.lua:100]: Preload file at: file:///home/nattz/.local/share/nvim/lazy/lazy.nvim/lua/lazy/health.lua , size = 5.792 KB
[10:15:38.113][info] [#0:script/workspace/loading.lua:112]: ++++As library of:	file:///home/nattz/.local/share/nvim/lazy/lazy.nvim/lua
[10:15:38.113][info] [#0:script/workspace/loading.lua:100]: Preload file at: file:///home/nattz/.local/share/nvim/lazy/lazy.nvim/lua/lazy/minit.lua , size = 5.172 KB
[10:15:38.118][info] [#0:script/workspace/loading.lua:112]: ++++As library of:	file:///home/nattz/.local/share/nvim/lazy/lazy.nvim/lua
[10:15:38.118][info] [#0:script/workspace/loading.lua:100]: Preload file at: file:///home/nattz/.local/share/nvim/lazy/lazy.nvim/lua/lazy/build.lua , size = 4.072 KB
[10:15:38.121][info] [#0:script/workspace/loading.lua:112]: ++++As library of:	file:///home/nattz/.local/share/nvim/lazy/lazy.nvim/lua
[10:15:38.121][info] [#0:script/workspace/loading.lua:100]: Preload file at: file:///home/nattz/.local/share/nvim/lazy/lazy.nvim/lua/lazy/util.lua , size = 6.888 KB
[10:15:38.128][info] [#0:script/workspace/loading.lua:112]: ++++As library of:	file:///home/nattz/.local/share/nvim/lazy/lazy.nvim/lua
[10:15:38.128][info] [#0:script/workspace/loading.lua:100]: Preload file at: file:///home/nattz/.local/share/nvim/lazy/lazy.nvim/lua/lazy/example.lua , size = 2.644 KB
[10:15:38.129][info] [#0:script/workspace/loading.lua:112]: ++++As library of:	file:///home/nattz/.local/share/nvim/lazy/lazy.nvim/lua
[10:15:38.130][info] [#0:script/workspace/loading.lua:100]: Preload file at: file:///home/nattz/.local/share/nvim/lazy/lazy.nvim/lua/lazy/docs.lua , size = 4.920 KB
[10:15:38.134][info] [#0:script/workspace/loading.lua:112]: ++++As library of:	file:///home/nattz/.local/share/nvim/lazy/lazy.nvim/lua
[10:15:38.134][info] [#0:script/workspace/loading.lua:100]: Preload file at: file:///home/nattz/.local/share/nvim/lazy/lazy.nvim/lua/lazy/help.lua , size = 2.216 KB
[10:15:38.136][info] [#0:script/workspace/loading.lua:112]: ++++As library of:	file:///home/nattz/.local/share/nvim/lazy/lazy.nvim/lua
[10:15:38.136][info] [#0:script/workspace/loading.lua:100]: Preload file at: file:///home/nattz/.local/share/nvim/lazy/lazy.nvim/lua/lazy/stats.lua , size = 2.215 KB
[10:15:38.138][info] [#0:script/workspace/loading.lua:112]: ++++As library of:	file:///home/nattz/.local/share/nvim/lazy/lazy.nvim/lua
[10:15:38.138][info] [#0:script/workspace/loading.lua:100]: Preload file at: file:///home/nattz/.local/share/nvim/lazy/lazy.nvim/lua/lazy/community/init.lua , size = 0.511 KB
[10:15:38.139][info] [#0:script/workspace/loading.lua:112]: ++++As library of:	file:///home/nattz/.local/share/nvim/lazy/lazy.nvim/lua
[10:15:38.139][info] [#0:script/workspace/loading.lua:100]: Preload file at: file:///home/nattz/.local/share/nvim/lazy/lazy.nvim/lua/lazy/community/specs.lua , size = 0.115 KB
[10:15:38.140][info] [#0:script/workspace/loading.lua:112]: ++++As library of:	file:///home/nattz/.local/share/nvim/lazy/lazy.nvim/lua
[10:15:38.140][info] [#0:script/workspace/loading.lua:100]: Preload file at: file:///home/nattz/.local/share/nvim/lazy/lazy.nvim/lua/lazy/community/_generated.lua , size = 65.702 KB
[10:15:38.161][info] [#0:script/workspace/loading.lua:112]: ++++As library of:	file:///home/nattz/.local/share/nvim/lazy/lazy.nvim/lua
[10:15:38.161][info] [#0:script/workspace/loading.lua:100]: Preload file at: file:///home/nattz/.local/share/nvim/mason/packages/lua-language-server/libexec/meta/LuaJIT%20en-us%20utf8/io.lua , size = 6.364 KB
[10:15:38.165][info] [#0:script/workspace/loading.lua:112]: ++++As library of:	file:///home/nattz/.local/share/nvim/mason/packages/lua-language-server/libexec/meta/LuaJIT%20en-us%20utf8/io.lua
[10:15:38.165][info] [#0:script/workspace/loading.lua:100]: Preload file at: file:///home/nattz/.local/share/nvim/mason/packages/lua-language-server/libexec/meta/LuaJIT%20en-us%20utf8/builtin.lua , size = 0.302 KB
[10:15:38.166][info] [#0:script/workspace/loading.lua:112]: ++++As library of:	file:///home/nattz/.local/share/nvim/mason/packages/lua-language-server/libexec/meta/LuaJIT%20en-us%20utf8/builtin.lua
[10:15:38.166][info] [#0:script/workspace/loading.lua:100]: Preload file at: file:///home/nattz/.config/nvim/init.lua , size = 0.070 KB
[10:15:38.166][info] [#0:script/workspace/loading.lua:100]: Preload file at: file:///home/nattz/.config/nvim/pack/nvim/start/nvim-lspconfig/test/lspconfig_spec.lua , size = 4.557 KB
[10:15:38.169][info] [#0:script/workspace/loading.lua:100]: Preload file at: file:///home/nattz/.config/nvim/pack/nvim/start/nvim-lspconfig/lsp/hie.lua , size = 0.737 KB
[10:15:38.170][info] [#0:script/workspace/loading.lua:100]: Preload file at: file:///home/nattz/.config/nvim/pack/nvim/start/nvim-lspconfig/lsp/bacon_ls.lua , size = 1.990 KB
[10:15:38.171][info] [#0:script/workspace/loading.lua:100]: Preload file at: file:///home/nattz/.config/nvim/pack/nvim/start/nvim-lspconfig/lsp/tabby_ml.lua , size = 0.396 KB
[10:15:38.171][info] [#0:script/workspace/loading.lua:100]: Preload file at: file:///home/nattz/.config/nvim/pack/nvim/start/nvim-lspconfig/lsp/somesass_ls.lua , size = 0.888 KB
[10:15:38.172][info] [#0:script/workspace/loading.lua:100]: Preload file at: file:///home/nattz/.config/nvim/pack/nvim/start/nvim-lspconfig/lsp/sorbet.lua , size = 0.432 KB
[10:15:38.172][info] [#0:script/workspace/loading.lua:100]: Preload file at: file:///home/nattz/.config/nvim/pack/nvim/start/nvim-lspconfig/lsp/purescriptls.lua , size = 0.522 KB
[10:15:38.173][info] [#0:script/workspace/loading.lua:100]: Preload file at: file:///home/nattz/.config/nvim/pack/nvim/start/nvim-lspconfig/lsp/volar.lua , size = 0.318 KB
[10:15:38.174][info] [#0:script/workspace/loading.lua:100]: Preload file at: file:///home/nattz/.config/nvim/pack/nvim/start/nvim-lspconfig/lsp/buddy_ls.lua , size = 0.428 KB
[10:15:38.174][info] [#0:script/workspace/loading.lua:100]: Preload file at: file:///home/nattz/.config/nvim/pack/nvim/start/nvim-lspconfig/lsp/solidity_ls_nomicfoundation.lua , size = 0.717 KB
[10:15:38.175][info] [#0:script/workspace/loading.lua:100]: Preload file at: file:///home/nattz/.config/nvim/pack/nvim/start/nvim-lspconfig/lsp/custom_elements_ls.lua , size = 0.975 KB
[10:15:38.175][info] [#0:script/workspace/loading.lua:100]: Preload file at: file:///home/nattz/.config/nvim/pack/nvim/start/nvim-lspconfig/lsp/kotlin_language_server.lua , size = 1.470 KB
[10:15:38.176][info] [#0:script/workspace/loading.lua:100]: Preload file at: file:///home/nattz/.config/nvim/pack/nvim/start/nvim-lspconfig/lsp/nil_ls.lua , size = 0.474 KB
[10:15:38.177][info] [#0:script/workspace/loading.lua:100]: Preload file at: file:///home/nattz/.config/nvim/pack/nvim/start/nvim-lspconfig/lsp/lsp_ai.lua , size = 0.796 KB
[10:15:38.177][info] [#0:script/workspace/loading.lua:100]: Preload file at: file:///home/nattz/.config/nvim/pack/nvim/start/nvim-lspconfig/lsp/ccls.lua , size = 1.881 KB
[10:15:38.179][info] [#0:script/workspace/loading.lua:100]: Preload file at: file:///home/nattz/.config/nvim/pack/nvim/start/nvim-lspconfig/lsp/dockerls.lua , size = 0.649 KB
[10:15:38.179][info] [#0:script/workspace/loading.lua:100]: Preload file at: file:///home/nattz/.config/nvim/pack/nvim/start/nvim-lspconfig/lsp/guile_ls.lua , size = 0.690 KB
[10:15:38.180][info] [#0:script/workspace/loading.lua:100]: Preload file at: file:///home/nattz/.config/nvim/pack/nvim/start/nvim-lspconfig/lsp/hydra_lsp.lua , size = 0.218 KB
[10:15:38.180][info] [#0:script/workspace/loading.lua:100]: Preload file at: file:///home/nattz/.config/nvim/pack/nvim/start/nvim-lspconfig/lsp/vectorcode_server.lua , size = 0.286 KB
[10:15:38.181][info] [#0:script/workspace/loading.lua:100]: Preload file at: file:///home/nattz/.config/nvim/pack/nvim/start/nvim-lspconfig/lsp/just.lua , size = 0.245 KB
[10:15:38.181][info] [#0:script/workspace/loading.lua:100]: Preload file at: file:///home/nattz/.config/nvim/pack/nvim/start/nvim-lspconfig/lsp/mlir_pdll_lsp_server.lua , size = 0.426 KB
[10:15:38.182][info] [#0:script/workspace/loading.lua:100]: Preload file at: file:///home/nattz/.config/nvim/pack/nvim/start/nvim-lspconfig/lsp/kulala_ls.lua , size = 0.232 KB
[10:15:38.182][info] [#0:script/workspace/loading.lua:100]: Preload file at: file:///home/nattz/.config/nvim/pack/nvim/start/nvim-lspconfig/lsp/koka.lua , size = 0.282 KB
[10:15:38.183][info] [#0:script/workspace/loading.lua:100]: Preload file at: file:///home/nattz/.config/nvim/pack/nvim/start/nvim-lspconfig/lsp/gdshader_lsp.lua , size = 0.271 KB
[10:15:38.183][info] [#0:script/workspace/loading.lua:100]: Preload file at: file:///home/nattz/.config/nvim/pack/nvim/start/nvim-lspconfig/lsp/digestif.lua , size = 0.436 KB
[10:15:38.184][info] [#0:script/workspace/loading.lua:100]: Preload file at: file:///home/nattz/.config/nvim/pack/nvim/start/nvim-lspconfig/lsp/daedalus_ls.lua , size = 0.508 KB
[10:15:38.184][info] [#0:script/workspace/loading.lua:100]: Preload file at: file:///home/nattz/.config/nvim/pack/nvim/start/nvim-lspconfig/lsp/unocss.lua , size = 0.851 KB
[10:15:38.185][info] [#0:script/workspace/loading.lua:100]: Preload file at: file:///home/nattz/.config/nvim/pack/nvim/start/nvim-lspconfig/lsp/zls.lua , size = 0.264 KB
[10:15:38.185][info] [#0:script/workspace/loading.lua:100]: Preload file at: file:///home/nattz/.config/nvim/pack/nvim/start/nvim-lspconfig/lsp/nushell.lua , size = 0.313 KB
[10:15:38.186][info] [#0:script/workspace/loading.lua:100]: Preload file at: file:///home/nattz/.config/nvim/pack/nvim/start/nvim-lspconfig/lsp/buf_ls.lua , size = 0.483 KB
[10:15:38.187][info] [#0:script/workspace/loading.lua:100]: Preload file at: file:///home/nattz/.config/nvim/pack/nvim/start/nvim-lspconfig/lsp/typos_lsp.lua , size = 0.484 KB
[10:15:38.187][info] [#0:script/workspace/loading.lua:100]: Preload file at: file:///home/nattz/.config/nvim/pack/nvim/start/nvim-lspconfig/lsp/gitlab_duo.lua , size = 12.444 KB
[10:15:38.194][info] [#0:script/workspace/loading.lua:100]: Preload file at: file:///home/nattz/.config/nvim/pack/nvim/start/nvim-lspconfig/lsp/hoon_ls.lua , size = 0.438 KB
[10:15:38.195][info] [#0:script/workspace/loading.lua:100]: Preload file at: file:///home/nattz/.config/nvim/pack/nvim/start/nvim-lspconfig/lsp/ntt.lua , size = 0.443 KB
[10:15:38.195][info] [#0:script/workspace/loading.lua:100]: Preload file at: file:///home/nattz/.config/nvim/pack/nvim/start/nvim-lspconfig/lsp/groovyls.lua , size = 0.719 KB
[10:15:38.196][info] [#0:script/workspace/loading.lua:100]: Preload file at: file:///home/nattz/.config/nvim/pack/nvim/start/nvim-lspconfig/lsp/gopls.lua , size = 2.478 KB
[10:15:38.198][info] [#0:script/workspace/loading.lua:100]: Preload file at: file:///home/nattz/.config/nvim/pack/nvim/start/nvim-lspconfig/lsp/clojure_lsp.lua , size = 0.284 KB
[10:15:38.198][info] [#0:script/workspace/loading.lua:100]: Preload file at: file:///home/nattz/.config/nvim/pack/nvim/start/nvim-lspconfig/lsp/anakin_language_server.lua , size = 1.885 KB
[10:15:38.199][info] [#0:script/workspace/loading.lua:100]: Preload file at: file:///home/nattz/.config/nvim/pack/nvim/start/nvim-lspconfig/lsp/janet_lsp.lua , size = 0.267 KB
[10:15:38.200][info] [#0:script/workspace/loading.lua:100]: Preload file at: file:///home/nattz/.config/nvim/pack/nvim/start/nvim-lspconfig/lsp/remark_ls.lua , size = 1.085 KB
[10:15:38.200][info] [#0:script/workspace/loading.lua:100]: Preload file at: file:///home/nattz/.config/nvim/pack/nvim/start/nvim-lspconfig/lsp/pyrefly.lua , size = 0.597 KB
[10:15:38.201][info] [#0:script/workspace/loading.lua:100]: Preload file at: file:///home/nattz/.config/nvim/pack/nvim/start/nvim-lspconfig/lsp/cobol_ls.lua , size = 0.167 KB
[10:15:38.201][info] [#0:script/workspace/loading.lua:100]: Preload file at: file:///home/nattz/.config/nvim/pack/nvim/start/nvim-lspconfig/lsp/stylua3p_ls.lua , size = 0.276 KB
[10:15:38.202][info] [#0:script/workspace/loading.lua:100]: Preload file at: file:///home/nattz/.config/nvim/pack/nvim/start/nvim-lspconfig/lsp/nickel_ls.lua , size = 0.661 KB
[10:15:38.202][info] [#0:script/workspace/loading.lua:100]: Preload file at: file:///home/nattz/.config/nvim/pack/nvim/start/nvim-lspconfig/lsp/golangci_lint_ls.lua , size = 1.697 KB
[10:15:38.204][info] [#0:script/workspace/loading.lua:100]: Preload file at: file:///home/nattz/.config/nvim/pack/nvim/start/nvim-lspconfig/lsp/psalm.lua , size = 0.295 KB
[10:15:38.204][info] [#0:script/workspace/loading.lua:100]: Preload file at: file:///home/nattz/.config/nvim/pack/nvim/start/nvim-lspconfig/lsp/dagger.lua , size = 0.210 KB
[10:15:38.205][info] [#0:script/workspace/loading.lua:100]: Preload file at: file:///home/nattz/.config/nvim/pack/nvim/start/nvim-lspconfig/lsp/muon.lua , size = 0.615 KB
[10:15:38.205][info] [#0:script/workspace/loading.lua:100]: Preload file at: file:///home/nattz/.config/nvim/pack/nvim/start/nvim-lspconfig/lsp/m68k.lua , size = 0.484 KB
[10:15:38.206][info] [#0:script/workspace/loading.lua:100]: Preload file at: file:///home/nattz/.config/nvim/pack/nvim/start/nvim-lspconfig/lsp/csharp_ls.lua , size = 1.023 KB
[10:15:38.207][info] [#0:script/workspace/loading.lua:100]: Preload file at: file:///home/nattz/.config/nvim/pack/nvim/start/nvim-lspconfig/lsp/svelte.lua , size = 2.216 KB
[10:15:38.208][info] [#0:script/workspace/loading.lua:100]: Preload file at: file:///home/nattz/.config/nvim/pack/nvim/start/nvim-lspconfig/lsp/oso.lua , size = 0.767 KB
[10:15:38.209][info] [#0:script/workspace/loading.lua:100]: Preload file at: file:///home/nattz/.config/nvim/pack/nvim/start/nvim-lspconfig/lsp/fennel_ls.lua , size = 0.853 KB
[10:15:38.209][info] [#0:script/workspace/loading.lua:100]: Preload file at: file:///home/nattz/.config/nvim/pack/nvim/start/nvim-lspconfig/lsp/hls.lua , size = 0.792 KB
[10:15:38.210][info] [#0:script/workspace/loading.lua:100]: Preload file at: file:///home/nattz/.config/nvim/pack/nvim/start/nvim-lspconfig/lsp/docker_compose_language_service.lua , size = 0.699 KB
[10:15:38.211][info] [#0:script/workspace/loading.lua:100]: Preload file at: file:///home/nattz/.config/nvim/pack/nvim/start/nvim-lspconfig/lsp/lemminx.lua , size = 0.629 KB
[10:15:38.212][info] [#0:script/workspace/loading.lua:100]: Preload file at: file:///home/nattz/.config/nvim/pack/nvim/start/nvim-lspconfig/lsp/termux_language_server.lua , size = 0.753 KB
[10:15:38.212][info] [#0:script/workspace/loading.lua:100]: Preload file at: file:///home/nattz/.config/nvim/pack/nvim/start/nvim-lspconfig/lsp/ungrammar_languageserver.lua , size = 0.509 KB
[10:15:38.213][info] [#0:script/workspace/loading.lua:100]: Preload file at: file:///home/nattz/.config/nvim/pack/nvim/start/nvim-lspconfig/lsp/swift_mesonls.lua , size = 0.286 KB
[10:15:38.214][info] [#0:script/workspace/loading.lua:100]: Preload file at: file:///home/nattz/.config/nvim/pack/nvim/start/nvim-lspconfig/lsp/basics_ls.lua , size = 0.442 KB
[10:15:38.214][info] [#0:script/workspace/loading.lua:100]: Preload file at: file:///home/nattz/.config/nvim/pack/nvim/start/nvim-lspconfig/lsp/nextflow_ls.lua , size = 0.948 KB
[10:15:38.215][info] [#0:script/workspace/loading.lua:100]: Preload file at: file:///home/nattz/.config/nvim/pack/nvim/start/nvim-lspconfig/lsp/prolog_ls.lua , size = 0.355 KB
[10:15:38.215][info] [#0:script/workspace/loading.lua:100]: Preload file at: file:///home/nattz/.config/nvim/pack/nvim/start/nvim-lspconfig/lsp/rust_analyzer.lua , size = 4.970 KB
[10:15:38.218][info] [#0:script/workspace/loading.lua:100]: Preload file at: file:///home/nattz/.config/nvim/pack/nvim/start/nvim-lspconfig/lsp/bqls.lua , size = 0.312 KB
[10:15:38.219][info] [#0:script/workspace/loading.lua:100]: Preload file at: file:///home/nattz/.config/nvim/pack/nvim/start/nvim-lspconfig/lsp/vls.lua , size = 0.321 KB
[10:15:38.219][info] [#0:script/workspace/loading.lua:100]: Preload file at: file:///home/nattz/.config/nvim/pack/nvim/start/nvim-lspconfig/lsp/vale_ls.lua , size = 0.315 KB
[10:15:38.220][info] [#0:script/workspace/loading.lua:100]: Preload file at: file:///home/nattz/.config/nvim/pack/nvim/start/nvim-lspconfig/lsp/tombi.lua , size = 0.254 KB
[10:15:38.220][info] [#0:script/workspace/loading.lua:100]: Preload file at: file:///home/nattz/.config/nvim/pack/nvim/start/nvim-lspconfig/lsp/herb_ls.lua , size = 0.742 KB
[10:15:38.221][info] [#0:script/workspace/loading.lua:100]: Preload file at: file:///home/nattz/.config/nvim/pack/nvim/start/nvim-lspconfig/lsp/brioche.lua , size = 0.218 KB
[10:15:38.222][info] [#0:script/workspace/loading.lua:100]: Preload file at: file:///home/nattz/.config/nvim/pack/nvim/start/nvim-lspconfig/lsp/rescriptls.lua , size = 1.626 KB
[10:15:38.222][info] [#0:script/workspace/loading.lua:100]: Preload file at: file:///home/nattz/.config/nvim/pack/nvim/start/nvim-lspconfig/lsp/vtsls.lua , size = 3.772 KB
[10:15:38.224][info] [#0:script/workspace/loading.lua:100]: Preload file at: file:///home/nattz/.config/nvim/pack/nvim/start/nvim-lspconfig/lsp/ansiblels.lua , size = 0.785 KB
[10:15:38.225][info] [#0:script/workspace/loading.lua:100]: Preload file at: file:///home/nattz/.config/nvim/pack/nvim/start/nvim-lspconfig/lsp/raku_navigator.lua , size = 1.200 KB
[10:15:38.225][info] [#0:script/workspace/loading.lua:100]: Preload file at: file:///home/nattz/.config/nvim/pack/nvim/start/nvim-lspconfig/lsp/hylo_ls.lua , size = 0.277 KB
[10:15:38.226][info] [#0:script/workspace/loading.lua:100]: Preload file at: file:///home/nattz/.config/nvim/pack/nvim/start/nvim-lspconfig/lsp/scry.lua , size = 0.216 KB
[10:15:38.226][info] [#0:script/workspace/loading.lua:100]: Preload file at: file:///home/nattz/.config/nvim/pack/nvim/start/nvim-lspconfig/lsp/millet.lua , size = 0.442 KB
[10:15:38.227][info] [#0:script/workspace/loading.lua:100]: Preload file at: file:///home/nattz/.config/nvim/pack/nvim/start/nvim-lspconfig/lsp/ltex.lua , size = 1.702 KB
[10:15:38.228][info] [#0:script/workspace/loading.lua:100]: Preload file at: file:///home/nattz/.config/nvim/pack/nvim/start/nvim-lspconfig/lsp/vespa_ls.lua , size = 1.094 KB
[10:15:38.229][info] [#0:script/workspace/loading.lua:100]: Preload file at: file:///home/nattz/.config/nvim/pack/nvim/start/nvim-lspconfig/lsp/yls.lua , size = 0.391 KB
[10:15:38.229][info] [#0:script/workspace/loading.lua:100]: Preload file at: file:///home/nattz/.config/nvim/pack/nvim/start/nvim-lspconfig/lsp/ghdl_ls.lua , size = 0.397 KB
[10:15:38.230][info] [#0:script/workspace/loading.lua:100]: Preload file at: file:///home/nattz/.config/nvim/pack/nvim/start/nvim-lspconfig/lsp/dcmls.lua , size = 0.225 KB
[10:15:38.230][info] [#0:script/workspace/loading.lua:100]: Preload file at: file:///home/nattz/.config/nvim/pack/nvim/start/nvim-lspconfig/lsp/ruff.lua , size = 1.057 KB
[10:15:38.231][info] [#0:script/workspace/loading.lua:100]: Preload file at: file:///home/nattz/.config/nvim/pack/nvim/start/nvim-lspconfig/lsp/awk_ls.lua , size = 0.273 KB
[10:15:38.231][info] [#0:script/workspace/loading.lua:100]: Preload file at: file:///home/nattz/.config/nvim/pack/nvim/start/nvim-lspconfig/lsp/ast_grep.lua , size = 0.991 KB
[10:15:38.232][info] [#0:script/workspace/loading.lua:100]: Preload file at: file:///home/nattz/.config/nvim/pack/nvim/start/nvim-lspconfig/lsp/metals.lua , size = 1.021 KB
[10:15:38.233][info] [#0:script/workspace/loading.lua:100]: Preload file at: file:///home/nattz/.config/nvim/pack/nvim/start/nvim-lspconfig/lsp/selene3p_ls.lua , size = 0.258 KB
[10:15:38.233][info] [#0:script/workspace/loading.lua:100]: Preload file at: file:///home/nattz/.config/nvim/pack/nvim/start/nvim-lspconfig/lsp/veryl_ls.lua , size = 0.294 KB
[10:15:38.234][info] [#0:script/workspace/loading.lua:100]: Preload file at: file:///home/nattz/.config/nvim/pack/nvim/start/nvim-lspconfig/lsp/mlir_lsp_server.lua , size = 0.384 KB
[10:15:38.234][info] [#0:script/workspace/loading.lua:100]: Preload file at: file:///home/nattz/.config/nvim/pack/nvim/start/nvim-lspconfig/lsp/vsrocq.lua , size = 0.197 KB
[10:15:38.234][info] [#0:script/workspace/loading.lua:100]: Preload file at: file:///home/nattz/.config/nvim/pack/nvim/start/nvim-lspconfig/lsp/sixtyfps.lua , size = 0.598 KB
[10:15:38.235][info] [#0:script/workspace/loading.lua:100]: Preload file at: file:///home/nattz/.config/nvim/pack/nvim/start/nvim-lspconfig/lsp/snyk_ls.lua , size = 2.864 KB
[10:15:38.236][info] [#0:script/workspace/loading.lua:100]: Preload file at: file:///home/nattz/.config/nvim/pack/nvim/start/nvim-lspconfig/lsp/blueprint_ls.lua , size = 0.671 KB
[10:15:38.237][info] [#0:script/workspace/loading.lua:100]: Preload file at: file:///home/nattz/.config/nvim/pack/nvim/start/nvim-lspconfig/lsp/erg_language_server.lua , size = 0.445 KB
[10:15:38.237][info] [#0:script/workspace/loading.lua:100]: Preload file at: file:///home/nattz/.config/nvim/pack/nvim/start/nvim-lspconfig/lsp/pasls.lua , size = 1.113 KB
[10:15:38.238][info] [#0:script/workspace/loading.lua:100]: Preload file at: file:///home/nattz/.config/nvim/pack/nvim/start/nvim-lspconfig/lsp/intelephense.lua , size = 1.131 KB
[10:15:38.239][info] [#0:script/workspace/loading.lua:100]: Preload file at: file:///home/nattz/.config/nvim/pack/nvim/start/nvim-lspconfig/lsp/phptools.lua , size = 0.870 KB
[10:15:38.240][info] [#0:script/workspace/loading.lua:100]: Preload file at: file:///home/nattz/.config/nvim/pack/nvim/start/nvim-lspconfig/lsp/bicep.lua , size = 1.603 KB
[10:15:38.240][info] [#0:script/workspace/loading.lua:100]: Preload file at: file:///home/nattz/.config/nvim/pack/nvim/start/nvim-lspconfig/lsp/stylelint_lsp.lua , size = 1.031 KB
[10:15:38.241][info] [#0:script/workspace/loading.lua:100]: Preload file at: file:///home/nattz/.config/nvim/pack/nvim/start/nvim-lspconfig/lsp/svlangserver.lua , size = 1.159 KB
[10:15:38.242][info] [#0:script/workspace/loading.lua:100]: Preload file at: file:///home/nattz/.config/nvim/pack/nvim/start/nvim-lspconfig/lsp/taplo.lua , size = 0.394 KB
[10:15:38.243][info] [#0:script/workspace/loading.lua:100]: Preload file at: file:///home/nattz/.config/nvim/pack/nvim/start/nvim-lspconfig/lsp/slangd.lua , size = 1.018 KB
[10:15:38.243][info] [#0:script/workspace/loading.lua:100]: Preload file at: file:///home/nattz/.config/nvim/pack/nvim/start/nvim-lspconfig/lsp/systemd_lsp.lua , size = 0.501 KB
[10:15:38.244][info] [#0:script/workspace/loading.lua:100]: Preload file at: file:///home/nattz/.config/nvim/pack/nvim/start/nvim-lspconfig/lsp/jdtls.lua , size = 3.346 KB
[10:15:38.245][info] [#0:script/workspace/loading.lua:100]: Preload file at: file:///home/nattz/.config/nvim/pack/nvim/start/nvim-lspconfig/lsp/gleam.lua , size = 0.367 KB
[10:15:38.246][info] [#0:script/workspace/loading.lua:100]: Preload file at: file:///home/nattz/.config/nvim/pack/nvim/start/nvim-lspconfig/lsp/perlpls.lua , size = 0.464 KB
[10:15:38.246][info] [#0:script/workspace/loading.lua:100]: Preload file at: file:///home/nattz/.config/nvim/pack/nvim/start/nvim-lspconfig/lsp/ttags.lua , size = 0.199 KB
[10:15:38.247][info] [#0:script/workspace/loading.lua:100]: Preload file at: file:///home/nattz/.config/nvim/pack/nvim/start/nvim-lspconfig/lsp/wc_language_server.lua , size = 2.525 KB
[10:15:38.248][info] [#0:script/workspace/loading.lua:100]: Preload file at: file:///home/nattz/.config/nvim/pack/nvim/start/nvim-lspconfig/lsp/ghcide.lua , size = 0.392 KB
[10:15:38.248][info] [#0:script/workspace/loading.lua:100]: Preload file at: file:///home/nattz/.config/nvim/pack/nvim/start/nvim-lspconfig/lsp/tilt_ls.lua , size = 0.329 KB
[10:15:38.249][info] [#0:script/workspace/loading.lua:100]: Preload file at: file:///home/nattz/.config/nvim/pack/nvim/start/nvim-lspconfig/lsp/harper_ls.lua , size = 0.953 KB
[10:15:38.250][info] [#0:script/workspace/loading.lua:100]: Preload file at: file:///home/nattz/.config/nvim/pack/nvim/start/nvim-lspconfig/lsp/gnls.lua , size = 0.433 KB
[10:15:38.250][info] [#0:script/workspace/loading.lua:100]: Preload file at: file:///home/nattz/.config/nvim/pack/nvim/start/nvim-lspconfig/lsp/roc_ls.lua , size = 0.386 KB
[10:15:38.251][info] [#0:script/workspace/loading.lua:100]: Preload file at: file:///home/nattz/.config/nvim/pack/nvim/start/nvim-lspconfig/lsp/nxls.lua , size = 0.338 KB
[10:15:38.251][info] [#0:script/workspace/loading.lua:100]: Preload file at: file:///home/nattz/.config/nvim/pack/nvim/start/nvim-lspconfig/lsp/copilot.lua , size = 4.100 KB
[10:15:38.253][info] [#0:script/workspace/loading.lua:100]: Preload file at: file:///home/nattz/.config/nvim/pack/nvim/start/nvim-lspconfig/lsp/roslyn_ls.lua , size = 8.346 KB
[10:15:38.258][info] [#0:script/workspace/loading.lua:100]: Preload file at: file:///home/nattz/.config/nvim/pack/nvim/start/nvim-lspconfig/lsp/facility_language_server.lua , size = 0.253 KB
[10:15:38.258][info] [#0:script/workspace/loading.lua:100]: Preload file at: file:///home/nattz/.config/nvim/pack/nvim/start/nvim-lspconfig/lsp/rome.lua , size = 0.484 KB
[10:15:38.259][info] [#0:script/workspace/loading.lua:100]: Preload file at: file:///home/nattz/.config/nvim/pack/nvim/start/nvim-lspconfig/lsp/puppet.lua , size = 0.632 KB
[10:15:38.259][info] [#0:script/workspace/loading.lua:100]: Preload file at: file:///home/nattz/.config/nvim/pack/nvim/start/nvim-lspconfig/lsp/coffeesense.lua , size = 0.366 KB
[10:15:38.260][info] [#0:script/workspace/loading.lua:100]: Preload file at: file:///home/nattz/.config/nvim/pack/nvim/start/nvim-lspconfig/lsp/jsonls.lua , size = 1.041 KB
[10:15:38.261][info] [#0:script/workspace/loading.lua:100]: Preload file at: file:///home/nattz/.config/nvim/pack/nvim/start/nvim-lspconfig/lsp/air.lua , size = 0.362 KB
[10:15:38.262][info] [#0:script/workspace/loading.lua:100]: Preload file at: file:///home/nattz/.config/nvim/pack/nvim/start/nvim-lspconfig/lsp/elmls.lua , size = 1.076 KB
[10:15:38.262][info] [#0:script/workspace/loading.lua:100]: Preload file at: file:///home/nattz/.config/nvim/pack/nvim/start/nvim-lspconfig/lsp/yamlls.lua , size = 2.948 KB
[10:15:38.264][info] [#0:script/workspace/loading.lua:100]: Preload file at: file:///home/nattz/.config/nvim/pack/nvim/start/nvim-lspconfig/lsp/bzl.lua , size = 0.369 KB
[10:15:38.264][info] [#0:script/workspace/loading.lua:100]: Preload file at: file:///home/nattz/.config/nvim/pack/nvim/start/nvim-lspconfig/lsp/openscad_ls.lua , size = 0.693 KB
[10:15:38.265][info] [#0:script/workspace/loading.lua:100]: Preload file at: file:///home/nattz/.config/nvim/pack/nvim/start/nvim-lspconfig/lsp/flux_lsp.lua , size = 0.291 KB
[10:15:38.266][info] [#0:script/workspace/loading.lua:100]: Preload file at: file:///home/nattz/.config/nvim/pack/nvim/start/nvim-lspconfig/lsp/tflint.lua , size = 0.385 KB
[10:15:38.266][info] [#0:script/workspace/loading.lua:100]: Preload file at: file:///home/nattz/.config/nvim/pack/nvim/start/nvim-lspconfig/lsp/thriftls.lua , size = 0.283 KB
[10:15:38.267][info] [#0:script/workspace/loading.lua:100]: Preload file at: file:///home/nattz/.config/nvim/pack/nvim/start/nvim-lspconfig/lsp/fish_lsp.lua , size = 0.514 KB
[10:15:38.267][info] [#0:script/workspace/loading.lua:100]: Preload file at: file:///home/nattz/.config/nvim/pack/nvim/start/nvim-lspconfig/lsp/nomad_lsp.lua , size = 1.077 KB
[10:15:38.268][info] [#0:script/workspace/loading.lua:100]: Preload file at: file:///home/nattz/.config/nvim/pack/nvim/start/nvim-lspconfig/lsp/bazelrc_lsp.lua , size = 0.534 KB
[10:15:38.269][info] [#0:script/workspace/loading.lua:100]: Preload file at: file:///home/nattz/.config/nvim/pack/nvim/start/nvim-lspconfig/lsp/perlls.lua , size = 0.654 KB
[10:15:38.270][info] [#0:script/workspace/loading.lua:100]: Preload file at: file:///home/nattz/.config/nvim/pack/nvim/start/nvim-lspconfig/lsp/djlsp.lua , size = 0.262 KB
[10:15:38.270][info] [#0:script/workspace/loading.lua:100]: Preload file at: file:///home/nattz/.config/nvim/pack/nvim/start/nvim-lspconfig/lsp/glsl_analyzer.lua , size = 0.276 KB
[10:15:38.271][info] [#0:script/workspace/loading.lua:100]: Preload file at: file:///home/nattz/.config/nvim/pack/nvim/start/nvim-lspconfig/lsp/contextive.lua , size = 0.702 KB
[10:15:38.271][info] [#0:script/workspace/loading.lua:100]: Preload file at: file:///home/nattz/.config/nvim/pack/nvim/start/nvim-lspconfig/lsp/veridian.lua , size = 0.599 KB
[10:15:38.272][info] [#0:script/workspace/loading.lua:100]: Preload file at: file:///home/nattz/.config/nvim/pack/nvim/start/nvim-lspconfig/lsp/phpactor.lua , size = 0.366 KB
[10:15:38.272][info] [#0:script/workspace/loading.lua:100]: Preload file at: file:///home/nattz/.config/nvim/pack/nvim/start/nvim-lspconfig/lsp/msbuild_project_tools_server.lua , size = 1.292 KB
[10:15:38.273][info] [#0:script/workspace/loading.lua:100]: Preload file at: file:///home/nattz/.config/nvim/pack/nvim/start/nvim-lspconfig/lsp/jedi_language_server.lua , size = 0.371 KB
[10:15:38.274][info] [#0:script/workspace/loading.lua:100]: Preload file at: file:///home/nattz/.config/nvim/pack/nvim/start/nvim-lspconfig/lsp/ltex_plus.lua , size = 1.750 KB
[10:15:38.275][info] [#0:script/workspace/loading.lua:100]: Preload file at: file:///home/nattz/.config/nvim/pack/nvim/start/nvim-lspconfig/lsp/poryscript_pls.lua , size = 0.292 KB
[10:15:38.275][info] [#0:script/workspace/loading.lua:100]: Preload file at: file:///home/nattz/.config/nvim/pack/nvim/start/nvim-lspconfig/lsp/gn_language_server.lua , size = 0.314 KB
[10:15:38.276][info] [#0:script/workspace/loading.lua:100]: Preload file at: file:///home/nattz/.config/nvim/pack/nvim/start/nvim-lspconfig/lsp/vacuum.lua , size = 0.662 KB
[10:15:38.277][info] [#0:script/workspace/loading.lua:100]: Preload file at: file:///home/nattz/.config/nvim/pack/nvim/start/nvim-lspconfig/lsp/solidity.lua , size = 1.359 KB
[10:15:38.277][info] [#0:script/workspace/loading.lua:100]: Preload file at: file:///home/nattz/.config/nvim/pack/nvim/start/nvim-lspconfig/lsp/ts_ls.lua , size = 5.905 KB
[10:15:38.281][info] [#0:script/workspace/loading.lua:100]: Preload file at: file:///home/nattz/.config/nvim/pack/nvim/start/nvim-lspconfig/lsp/dhall_lsp_server.lua , size = 0.443 KB
[10:15:38.281][info] [#0:script/workspace/loading.lua:100]: Preload file at: file:///home/nattz/.config/nvim/pack/nvim/start/nvim-lspconfig/lsp/rubocop.lua , size = 0.183 KB
[10:15:38.282][info] [#0:script/workspace/loading.lua:100]: Preload file at: file:///home/nattz/.config/nvim/pack/nvim/start/nvim-lspconfig/lsp/templ.lua , size = 0.250 KB
[10:15:38.282][info] [#0:script/workspace/loading.lua:100]: Preload file at: file:///home/nattz/.config/nvim/pack/nvim/start/nvim-lspconfig/lsp/snakeskin_ls.lua , size = 0.304 KB
[10:15:38.283][info] [#0:script/workspace/loading.lua:100]: Preload file at: file:///home/nattz/.config/nvim/pack/nvim/start/nvim-lspconfig/lsp/cue.lua , size = 0.276 KB
[10:15:38.283][info] [#0:script/workspace/loading.lua:100]: Preload file at: file:///home/nattz/.config/nvim/pack/nvim/start/nvim-lspconfig/lsp/ruby_lsp.lua , size = 0.649 KB
[10:15:38.284][info] [#0:script/workspace/loading.lua:100]: Preload file at: file:///home/nattz/.config/nvim/pack/nvim/start/nvim-lspconfig/lsp/cds_lsp.lua , size = 0.419 KB
[10:15:38.284][info] [#0:script/workspace/loading.lua:100]: Preload file at: file:///home/nattz/.config/nvim/pack/nvim/start/nvim-lspconfig/lsp/bright_script.lua , size = 0.314 KB
[10:15:38.285][info] [#0:script/workspace/loading.lua:100]: Preload file at: file:///home/nattz/.config/nvim/pack/nvim/start/nvim-lspconfig/lsp/mint.lua , size = 0.307 KB
[10:15:38.285][info] [#0:script/workspace/loading.lua:100]: Preload file at: file:///home/nattz/.config/nvim/pack/nvim/start/nvim-lspconfig/lsp/lwc_ls.lua , size = 0.773 KB
[10:15:38.286][info] [#0:script/workspace/loading.lua:100]: Preload file at: file:///home/nattz/.config/nvim/pack/nvim/start/nvim-lspconfig/lsp/omnisharp.lua , size = 3.555 KB
[10:15:38.288][info] [#0:script/workspace/loading.lua:100]: Preload file at: file:///home/nattz/.config/nvim/pack/nvim/start/nvim-lspconfig/lsp/v_analyzer.lua , size = 0.335 KB
[10:15:38.288][info] [#0:script/workspace/loading.lua:100]: Preload file at: file:///home/nattz/.config/nvim/pack/nvim/start/nvim-lspconfig/lsp/scheme_langserver.lua , size = 0.411 KB
[10:15:38.289][info] [#0:script/workspace/loading.lua:100]: Preload file at: file:///home/nattz/.config/nvim/pack/nvim/start/nvim-lspconfig/lsp/statix.lua , size = 0.258 KB
[10:15:38.289][info] [#0:script/workspace/loading.lua:100]: Preload file at: file:///home/nattz/.config/nvim/pack/nvim/start/nvim-lspconfig/lsp/regols.lua , size = 0.524 KB
[10:15:38.290][info] [#0:script/workspace/loading.lua:100]: Preload file at: file:///home/nattz/.config/nvim/pack/nvim/start/nvim-lspconfig/lsp/home_assistant.lua , size = 0.539 KB
[10:15:38.290][info] [#0:script/workspace/loading.lua:100]: Preload file at: file:///home/nattz/.config/nvim/pack/nvim/start/nvim-lspconfig/lsp/bitbake_language_server.lua , size = 0.352 KB
[10:15:38.291][info] [#0:script/workspace/loading.lua:100]: Preload file at: file:///home/nattz/.config/nvim/pack/nvim/start/nvim-lspconfig/lsp/djls.lua , size = 0.310 KB
[10:15:38.292][info] [#0:script/workspace/loading.lua:100]: Preload file at: file:///home/nattz/.config/nvim/pack/nvim/start/nvim-lspconfig/lsp/sqruff.lua , size = 0.320 KB
[10:15:38.292][info] [#0:script/workspace/loading.lua:100]: Preload file at: file:///home/nattz/.config/nvim/pack/nvim/start/nvim-lspconfig/lsp/svls.lua , size = 0.316 KB
[10:15:38.292][info] [#0:script/workspace/loading.lua:100]: Preload file at: file:///home/nattz/.config/nvim/pack/nvim/start/nvim-lspconfig/lsp/rnix.lua , size = 0.540 KB
[10:15:38.293][info] [#0:script/workspace/loading.lua:100]: Preload file at: file:///home/nattz/.config/nvim/pack/nvim/start/nvim-lspconfig/lsp/pug.lua , size = 0.423 KB
[10:15:38.294][info] [#0:script/workspace/loading.lua:100]: Preload file at: file:///home/nattz/.config/nvim/pack/nvim/start/nvim-lspconfig/lsp/verible.lua , size = 0.510 KB
[10:15:38.294][info] [#0:script/workspace/loading.lua:100]: Preload file at: file:///home/nattz/.config/nvim/pack/nvim/start/nvim-lspconfig/lsp/r_language_server.lua , size = 0.530 KB
[10:15:38.295][info] [#0:script/workspace/loading.lua:100]: Preload file at: file:///home/nattz/.config/nvim/pack/nvim/start/nvim-lspconfig/lsp/pylsp.lua , size = 1.115 KB
[10:15:38.296][info] [#0:script/workspace/loading.lua:100]: Preload file at: file:///home/nattz/.config/nvim/pack/nvim/start/nvim-lspconfig/lsp/move_analyzer.lua , size = 0.581 KB
[10:15:38.296][info] [#0:script/workspace/loading.lua:100]: Preload file at: file:///home/nattz/.config/nvim/pack/nvim/start/nvim-lspconfig/lsp/tblgen_lsp_server.lua , size = 0.800 KB
[10:15:38.297][info] [#0:script/workspace/loading.lua:100]: Preload file at: file:///home/nattz/.config/nvim/pack/nvim/start/nvim-lspconfig/lsp/opencl_ls.lua , size = 0.451 KB
[10:15:38.298][info] [#0:script/workspace/loading.lua:100]: Preload file at: file:///home/nattz/.config/nvim/pack/nvim/start/nvim-lspconfig/lsp/antlersls.lua , size = 0.320 KB
[10:15:38.298][info] [#0:script/workspace/loading.lua:100]: Preload file at: file:///home/nattz/.config/nvim/pack/nvim/start/nvim-lspconfig/lsp/smarty_ls.lua , size = 0.794 KB
[10:15:38.299][info] [#0:script/workspace/loading.lua:100]: Preload file at: file:///home/nattz/.config/nvim/pack/nvim/start/nvim-lspconfig/lsp/clangd.lua , size = 3.525 KB
[10:15:38.301][info] [#0:script/workspace/loading.lua:100]: Preload file at: file:///home/nattz/.config/nvim/pack/nvim/start/nvim-lspconfig/lsp/postgres_lsp.lua , size = 0.408 KB
[10:15:38.302][info] [#0:script/workspace/loading.lua:100]: Preload file at: file:///home/nattz/.config/nvim/pack/nvim/start/nvim-lspconfig/lsp/tailwindcss.lua , size = 3.266 KB
[10:15:38.304][info] [#0:script/workspace/loading.lua:100]: Preload file at: file:///home/nattz/.config/nvim/pack/nvim/start/nvim-lspconfig/lsp/vscoqtop.lua , size = 0.321 KB
[10:15:38.304][info] [#0:script/workspace/loading.lua:100]: Preload file at: file:///home/nattz/.config/nvim/pack/nvim/start/nvim-lspconfig/lsp/hhvm.lua , size = 0.362 KB
[10:15:38.305][info] [#0:script/workspace/loading.lua:100]: Preload file at: file:///home/nattz/.config/nvim/pack/nvim/start/nvim-lspconfig/lsp/julials.lua , size = 5.055 KB
[10:15:38.307][info] [#0:script/workspace/loading.lua:100]: Preload file at: file:///home/nattz/.config/nvim/pack/nvim/start/nvim-lspconfig/lsp/ziggy_schema.lua , size = 0.277 KB
[10:15:38.308][info] [#0:script/workspace/loading.lua:100]: Preload file at: file:///home/nattz/.config/nvim/pack/nvim/start/nvim-lspconfig/lsp/lexical.lua , size = 0.545 KB
[10:15:38.308][info] [#0:script/workspace/loading.lua:100]: Preload file at: file:///home/nattz/.config/nvim/pack/nvim/start/nvim-lspconfig/lsp/reason_ls.lua , size = 0.321 KB
[10:15:38.309][info] [#0:script/workspace/loading.lua:100]: Preload file at: file:///home/nattz/.config/nvim/pack/nvim/start/nvim-lspconfig/lsp/mesonlsp.lua , size = 0.937 KB
[10:15:38.310][info] [#0:script/workspace/loading.lua:100]: Preload file at: file:///home/nattz/.config/nvim/pack/nvim/start/nvim-lspconfig/lsp/rune_languageserver.lua , size = 0.316 KB
[10:15:38.310][info] [#0:script/workspace/loading.lua:100]: Preload file at: file:///home/nattz/.config/nvim/pack/nvim/start/nvim-lspconfig/lsp/cir_lsp_server.lua , size = 0.331 KB
[10:15:38.311][info] [#0:script/workspace/loading.lua:100]: Preload file at: file:///home/nattz/.config/nvim/pack/nvim/start/nvim-lspconfig/lsp/pylyzer.lua , size = 0.943 KB
[10:15:38.312][info] [#0:script/workspace/loading.lua:100]: Preload file at: file:///home/nattz/.config/nvim/pack/nvim/start/nvim-lspconfig/lsp/rumdl.lua , size = 0.225 KB
[10:15:38.312][info] [#0:script/workspace/loading.lua:100]: Preload file at: file:///home/nattz/.config/nvim/pack/nvim/start/nvim-lspconfig/lsp/slint_lsp.lua , size = 0.518 KB
[10:15:38.313][info] [#0:script/workspace/loading.lua:100]: Preload file at: file:///home/nattz/.config/nvim/pack/nvim/start/nvim-lspconfig/lsp/htmx.lua , size = 1.080 KB
[10:15:38.313][info] [#0:script/workspace/loading.lua:100]: Preload file at: file:///home/nattz/.config/nvim/pack/nvim/start/nvim-lspconfig/lsp/mutt_ls.lua , size = 0.354 KB
[10:15:38.314][info] [#0:script/workspace/loading.lua:100]: Preload file at: file:///home/nattz/.config/nvim/pack/nvim/start/nvim-lspconfig/lsp/bashls.lua , size = 0.857 KB
[10:15:38.315][info] [#0:script/workspace/loading.lua:100]: Preload file at: file:///home/nattz/.config/nvim/pack/nvim/start/nvim-lspconfig/lsp/nginx_language_server.lua , size = 0.322 KB
[10:15:38.315][info] [#0:script/workspace/loading.lua:100]: Preload file at: file:///home/nattz/.config/nvim/pack/nvim/start/nvim-lspconfig/lsp/twiggy_language_server.lua , size = 0.322 KB
[10:15:38.316][info] [#0:script/workspace/loading.lua:100]: Preload file at: file:///home/nattz/.config/nvim/pack/nvim/start/nvim-lspconfig/lsp/codebook.lua , size = 0.771 KB
[10:15:38.316][info] [#0:script/workspace/loading.lua:100]: Preload file at: file:///home/nattz/.config/nvim/pack/nvim/start/nvim-lspconfig/lsp/fortls.lua , size = 0.668 KB
[10:15:38.317][info] [#0:script/workspace/loading.lua:100]: Preload file at: file:///home/nattz/.config/nvim/pack/nvim/start/nvim-lspconfig/lsp/teal_ls.lua , size = 0.654 KB
[10:15:38.317][info] [#0:script/workspace/loading.lua:100]: Preload file at: file:///home/nattz/.config/nvim/pack/nvim/start/nvim-lspconfig/lsp/autohotkey_lsp.lua , size = 1.396 KB
[10:15:38.318][info] [#0:script/workspace/loading.lua:100]: Preload file at: file:///home/nattz/.config/nvim/pack/nvim/start/nvim-lspconfig/lsp/lean3ls.lua , size = 1.257 KB
[10:15:38.320][info] [#0:script/workspace/loading.lua:100]: Preload file at: file:///home/nattz/.config/nvim/pack/nvim/start/nvim-lspconfig/lsp/quick_lint_js.lua , size = 0.358 KB
[10:15:38.320][info] [#0:script/workspace/loading.lua:100]: Preload file at: file:///home/nattz/.config/nvim/pack/nvim/start/nvim-lspconfig/lsp/alloy_ls.lua , size = 0.650 KB
[10:15:38.321][info] [#0:script/workspace/loading.lua:100]: Preload file at: file:///home/nattz/.config/nvim/pack/nvim/start/nvim-lspconfig/lsp/emmet_language_server.lua , size = 0.514 KB
[10:15:38.321][info] [#0:script/workspace/loading.lua:100]: Preload file at: file:///home/nattz/.config/nvim/pack/nvim/start/nvim-lspconfig/lsp/gdscript.lua , size = 0.361 KB
[10:15:38.322][info] [#0:script/workspace/loading.lua:100]: Preload file at: file:///home/nattz/.config/nvim/pack/nvim/start/nvim-lspconfig/lsp/vala_ls.lua , size = 0.867 KB
[10:15:38.323][info] [#0:script/workspace/loading.lua:100]: Preload file at: file:///home/nattz/.config/nvim/pack/nvim/start/nvim-lspconfig/lsp/debputy.lua , size = 0.298 KB
[10:15:38.324][info] [#0:script/workspace/loading.lua:100]: Preload file at: file:///home/nattz/.config/nvim/pack/nvim/start/nvim-lspconfig/lsp/ginko_ls.lua , size = 0.454 KB
[10:15:38.324][info] [#0:script/workspace/loading.lua:100]: Preload file at: file:///home/nattz/.config/nvim/pack/nvim/start/nvim-lspconfig/lsp/ecsact.lua , size = 0.359 KB
[10:15:38.325][info] [#0:script/workspace/loading.lua:100]: Preload file at: file:///home/nattz/.config/nvim/pack/nvim/start/nvim-lspconfig/lsp/solc.lua , size = 0.437 KB
[10:15:38.325][info] [#0:script/workspace/loading.lua:100]: Preload file at: file:///home/nattz/.config/nvim/pack/nvim/start/nvim-lspconfig/lsp/graphql.lua , size = 0.793 KB
[10:15:38.326][info] [#0:script/workspace/loading.lua:100]: Preload file at: file:///home/nattz/.config/nvim/pack/nvim/start/nvim-lspconfig/lsp/mojo.lua , size = 0.452 KB
[10:15:38.327][info] [#0:script/workspace/loading.lua:100]: Preload file at: file:///home/nattz/.config/nvim/pack/nvim/start/nvim-lspconfig/lsp/grammarly.lua , size = 0.689 KB
[10:15:38.327][info] [#0:script/workspace/loading.lua:100]: Preload file at: file:///home/nattz/.config/nvim/pack/nvim/start/nvim-lspconfig/lsp/pyright.lua , size = 2.074 KB
[10:15:38.329][info] [#0:script/workspace/loading.lua:100]: Preload file at: file:///home/nattz/.config/nvim/pack/nvim/start/nvim-lspconfig/lsp/css_variables.lua , size = 1.701 KB
[10:15:38.329][info] [#0:script/workspace/loading.lua:100]: Preload file at: file:///home/nattz/.config/nvim/pack/nvim/start/nvim-lspconfig/lsp/syntax_tree.lua , size = 0.592 KB
[10:15:38.330][info] [#0:script/workspace/loading.lua:100]: Preload file at: file:///home/nattz/.config/nvim/pack/nvim/start/nvim-lspconfig/lsp/crystalline.lua , size = 0.219 KB
[10:15:38.331][info] [#0:script/workspace/loading.lua:100]: Preload file at: file:///home/nattz/.config/nvim/pack/nvim/start/nvim-lspconfig/lsp/ty.lua , size = 0.515 KB
[10:15:38.331][info] [#0:script/workspace/loading.lua:100]: Preload file at: file:///home/nattz/.config/nvim/pack/nvim/start/nvim-lspconfig/lsp/esbonio.lua , size = 1.507 KB
[10:15:38.332][info] [#0:script/workspace/loading.lua:100]: Preload file at: file:///home/nattz/.config/nvim/pack/nvim/start/nvim-lspconfig/lsp/autotools_ls.lua , size = 0.655 KB
[10:15:38.333][info] [#0:script/workspace/loading.lua:100]: Preload file at: file:///home/nattz/.config/nvim/pack/nvim/start/nvim-lspconfig/lsp/dolmenls.lua , size = 0.308 KB
[10:15:38.333][info] [#0:script/workspace/loading.lua:100]: Preload file at: file:///home/nattz/.config/nvim/pack/nvim/start/nvim-lspconfig/lsp/perlnavigator.lua , size = 0.829 KB
[10:15:38.334][info] [#0:script/workspace/loading.lua:100]: Preload file at: file:///home/nattz/.config/nvim/pack/nvim/start/nvim-lspconfig/lsp/emmet_ls.lua , size = 0.467 KB
[10:15:38.334][info] [#0:script/workspace/loading.lua:100]: Preload file at: file:///home/nattz/.config/nvim/pack/nvim/start/nvim-lspconfig/lsp/markdown_oxide.lua , size = 1.010 KB
[10:15:38.335][info] [#0:script/workspace/loading.lua:100]: Preload file at: file:///home/nattz/.config/nvim/pack/nvim/start/nvim-lspconfig/lsp/foam_ls.lua , size = 0.679 KB
[10:15:38.336][info] [#0:script/workspace/loading.lua:100]: Preload file at: file:///home/nattz/.config/nvim/pack/nvim/start/nvim-lspconfig/lsp/ocamllsp.lua , size = 2.890 KB
[10:15:38.338][info] [#0:script/workspace/loading.lua:100]: Preload file at: file:///home/nattz/.config/nvim/pack/nvim/start/nvim-lspconfig/lsp/java_language_server.lua , size = 0.404 KB
[10:15:38.339][info] [#0:script/workspace/loading.lua:100]: Preload file at: file:///home/nattz/.config/nvim/pack/nvim/start/nvim-lspconfig/lsp/sqlls.lua , size = 0.442 KB
[10:15:38.339][info] [#0:script/workspace/loading.lua:100]: Preload file at: file:///home/nattz/.config/nvim/pack/nvim/start/nvim-lspconfig/lsp/unison.lua , size = 0.414 KB
[10:15:38.340][info] [#0:script/workspace/loading.lua:100]: Preload file at: file:///home/nattz/.config/nvim/pack/nvim/start/nvim-lspconfig/lsp/fsautocomplete.lua , size = 2.041 KB
[10:15:38.341][info] [#0:script/workspace/loading.lua:100]: Preload file at: file:///home/nattz/.config/nvim/pack/nvim/start/nvim-lspconfig/lsp/textlsp.lua , size = 1.301 KB
[10:15:38.342][info] [#0:script/workspace/loading.lua:100]: Preload file at: file:///home/nattz/.config/nvim/pack/nvim/start/nvim-lspconfig/lsp/vimls.lua , size = 0.687 KB
[10:15:38.342][info] [#0:script/workspace/loading.lua:100]: Preload file at: file:///home/nattz/.config/nvim/pack/nvim/start/nvim-lspconfig/lsp/eslint.lua , size = 7.694 KB
[10:15:38.346][info] [#0:script/workspace/loading.lua:100]: Preload file at: file:///home/nattz/.config/nvim/pack/nvim/start/nvim-lspconfig/lsp/ols.lua , size = 0.358 KB
[10:15:38.346][info] [#0:script/workspace/loading.lua:100]: Preload file at: file:///home/nattz/.config/nvim/pack/nvim/start/nvim-lspconfig/lsp/cairo_ls.lua , size = 0.678 KB
[10:15:38.347][info] [#0:script/workspace/loading.lua:100]: Preload file at: file:///home/nattz/.config/nvim/pack/nvim/start/nvim-lspconfig/lsp/superhtml.lua , size = 0.586 KB
[10:15:38.347][info] [#0:script/workspace/loading.lua:100]: Preload file at: file:///home/nattz/.config/nvim/pack/nvim/start/nvim-lspconfig/lsp/denols.lua , size = 3.634 KB
[10:15:38.350][info] [#0:script/workspace/loading.lua:100]: Preload file at: file:///home/nattz/.config/nvim/pack/nvim/start/nvim-lspconfig/lsp/solidity_ls.lua , size = 0.632 KB
[10:15:38.350][info] [#0:script/workspace/loading.lua:100]: Preload file at: file:///home/nattz/.config/nvim/pack/nvim/start/nvim-lspconfig/lsp/efm.lua , size = 0.964 KB
[10:15:38.351][info] [#0:script/workspace/loading.lua:100]: Preload file at: file:///home/nattz/.config/nvim/pack/nvim/start/nvim-lspconfig/lsp/marko-js.lua , size = 0.363 KB
[10:15:38.351][info] [#0:script/workspace/loading.lua:100]: Preload file at: file:///home/nattz/.config/nvim/pack/nvim/start/nvim-lspconfig/lsp/starlark_rust.lua , size = 0.503 KB
[10:15:38.352][info] [#0:script/workspace/loading.lua:100]: Preload file at: file:///home/nattz/.config/nvim/pack/nvim/start/nvim-lspconfig/lsp/glasgow.lua , size = 0.773 KB
[10:15:38.353][info] [#0:script/workspace/loading.lua:100]: Preload file at: file:///home/nattz/.config/nvim/pack/nvim/start/nvim-lspconfig/lsp/nim_langserver.lua , size = 0.534 KB
[10:15:38.353][info] [#0:script/workspace/loading.lua:100]: Preload file at: file:///home/nattz/.config/nvim/pack/nvim/start/nvim-lspconfig/lsp/biome.lua , size = 2.555 KB
[10:15:38.355][info] [#0:script/workspace/loading.lua:100]: Preload file at: file:///home/nattz/.config/nvim/pack/nvim/start/nvim-lspconfig/lsp/dprint.lua , size = 0.494 KB
[10:15:38.355][info] [#0:script/workspace/loading.lua:100]: Preload file at: file:///home/nattz/.config/nvim/pack/nvim/start/nvim-lspconfig/lsp/beancount.lua , size = 0.363 KB
[10:15:38.356][info] [#0:script/workspace/loading.lua:100]: Preload file at: file:///home/nattz/.config/nvim/pack/nvim/start/nvim-lspconfig/lsp/arduino_language_server.lua , size = 2.864 KB
[10:15:38.357][info] [#0:script/workspace/loading.lua:100]: Preload file at: file:///home/nattz/.config/nvim/pack/nvim/start/nvim-lspconfig/lsp/steep.lua , size = 0.319 KB
[10:15:38.358][info] [#0:script/workspace/loading.lua:100]: Preload file at: file:///home/nattz/.config/nvim/pack/nvim/start/nvim-lspconfig/lsp/cmake.lua , size = 0.336 KB
[10:15:38.358][info] [#0:script/workspace/loading.lua:100]: Preload file at: file:///home/nattz/.config/nvim/pack/nvim/start/nvim-lspconfig/lsp/prismals.lua , size = 0.418 KB
[10:15:38.359][info] [#0:script/workspace/loading.lua:100]: Preload file at: file:///home/nattz/.config/nvim/pack/nvim/start/nvim-lspconfig/lsp/kotlin_lsp.lua , size = 0.770 KB
[10:15:38.360][info] [#0:script/workspace/loading.lua:100]: Preload file at: file:///home/nattz/.config/nvim/pack/nvim/start/nvim-lspconfig/lsp/typst_lsp.lua , size = 0.202 KB
[10:15:38.360][info] [#0:script/workspace/loading.lua:100]: Preload file at: file:///home/nattz/.config/nvim/pack/nvim/start/nvim-lspconfig/lsp/fsharp_language_server.lua , size = 1.057 KB
[10:15:38.361][info] [#0:script/workspace/loading.lua:100]: Preload file at: file:///home/nattz/.config/nvim/pack/nvim/start/nvim-lspconfig/lsp/tclsp.lua , size = 0.411 KB
[10:15:38.361][info] [#0:script/workspace/loading.lua:100]: Preload file at: file:///home/nattz/.config/nvim/pack/nvim/start/nvim-lspconfig/lsp/nixd.lua , size = 0.391 KB
[10:15:38.362][info] [#0:script/workspace/loading.lua:100]: Preload file at: file:///home/nattz/.config/nvim/pack/nvim/start/nvim-lspconfig/lsp/elixirls.lua , size = 1.934 KB
[10:15:38.363][info] [#0:script/workspace/loading.lua:100]: Preload file at: file:///home/nattz/.config/nvim/pack/nvim/start/nvim-lspconfig/lsp/gradle_ls.lua , size = 0.722 KB
[10:15:38.364][info] [#0:script/workspace/loading.lua:100]: Preload file at: file:///home/nattz/.config/nvim/pack/nvim/start/nvim-lspconfig/lsp/yang_lsp.lua , size = 0.238 KB
[10:15:38.364][info] [#0:script/workspace/loading.lua:100]: Preload file at: file:///home/nattz/.config/nvim/pack/nvim/start/nvim-lspconfig/lsp/dafny.lua , size = 0.488 KB
[10:15:38.365][info] [#0:script/workspace/loading.lua:100]: Preload file at: file:///home/nattz/.config/nvim/pack/nvim/start/nvim-lspconfig/lsp/ada_ls.lua , size = 0.984 KB
[10:15:38.366][info] [#0:script/workspace/loading.lua:100]: Preload file at: file:///home/nattz/.config/nvim/pack/nvim/start/nvim-lspconfig/lsp/jsonnet_ls.lua , size = 0.437 KB
[10:15:38.366][info] [#0:script/workspace/loading.lua:100]: Preload file at: file:///home/nattz/.config/nvim/pack/nvim/start/nvim-lspconfig/lsp/stylua.lua , size = 0.312 KB
[10:15:38.367][info] [#0:script/workspace/loading.lua:100]: Preload file at: file:///home/nattz/.config/nvim/pack/nvim/start/nvim-lspconfig/lsp/elp.lua , size = 0.332 KB
[10:15:38.367][info] [#0:script/workspace/loading.lua:100]: Preload file at: file:///home/nattz/.config/nvim/pack/nvim/start/nvim-lspconfig/lsp/pyre.lua , size = 0.429 KB
[10:15:38.371][info] [#0:script/workspace/loading.lua:100]: Preload file at: file:///home/nattz/.config/nvim/pack/nvim/start/nvim-lspconfig/lsp/robotframework_ls.lua , size = 0.314 KB
[10:15:38.373][info] [#0:script/workspace/loading.lua:100]: Preload file at: file:///home/nattz/.config/nvim/pack/nvim/start/nvim-lspconfig/lsp/standardrb.lua , size = 0.250 KB
[10:15:38.374][info] [#0:script/workspace/loading.lua:100]: Preload file at: file:///home/nattz/.config/nvim/pack/nvim/start/nvim-lspconfig/lsp/prosemd_lsp.lua , size = 0.338 KB
[10:15:38.376][info] [#0:script/workspace/loading.lua:100]: Preload file at: file:///home/nattz/.config/nvim/pack/nvim/start/nvim-lspconfig/lsp/please.lua , size = 0.352 KB
[10:15:38.378][info] [#0:script/workspace/loading.lua:100]: Preload file at: file:///home/nattz/.config/nvim/pack/nvim/start/nvim-lspconfig/lsp/c3_lsp.lua , size = 0.232 KB
[10:15:38.379][info] [#0:script/workspace/loading.lua:100]: Preload file at: file:///home/nattz/.config/nvim/pack/nvim/start/nvim-lspconfig/lsp/fennel_language_server.lua , size = 0.265 KB
[10:15:38.381][info] [#0:script/workspace/loading.lua:100]: Preload file at: file:///home/nattz/.config/nvim/pack/nvim/start/nvim-lspconfig/lsp/ziggy.lua , size = 0.243 KB
[10:15:38.382][info] [#0:script/workspace/loading.lua:100]: Preload file at: file:///home/nattz/.config/nvim/pack/nvim/start/nvim-lspconfig/lsp/laravel_ls.lua , size = 0.317 KB
[10:15:38.383][info] [#0:script/workspace/loading.lua:100]: Preload file at: file:///home/nattz/.config/nvim/pack/nvim/start/nvim-lspconfig/lsp/visualforce_ls.lua , size = 0.824 KB
[10:15:38.385][info] [#0:script/workspace/loading.lua:100]: Preload file at: file:///home/nattz/.config/nvim/pack/nvim/start/nvim-lspconfig/lsp/nelua_lsp.lua , size = 1.065 KB
[10:15:38.387][info] [#0:script/workspace/loading.lua:100]: Preload file at: file:///home/nattz/.config/nvim/pack/nvim/start/nvim-lspconfig/lsp/texlab.lua , size = 6.073 KB
[10:15:38.398][info] [#0:script/workspace/loading.lua:100]: Preload file at: file:///home/nattz/.config/nvim/pack/nvim/start/nvim-lspconfig/lsp/lelwel_ls.lua , size = 0.312 KB
[10:15:38.400][info] [#0:script/workspace/loading.lua:100]: Preload file at: file:///home/nattz/.config/nvim/pack/nvim/start/nvim-lspconfig/lsp/sourcekit.lua , size = 1.174 KB
[10:15:38.404][info] [#0:script/workspace/loading.lua:100]: Preload file at: file:///home/nattz/.config/nvim/pack/nvim/start/nvim-lspconfig/lsp/emmylua_ls.lua , size = 0.657 KB
[10:15:38.406][info] [#0:script/workspace/loading.lua:100]: Preload file at: file:///home/nattz/.config/nvim/pack/nvim/start/nvim-lspconfig/lsp/nextls.lua , size = 0.369 KB
[10:15:38.408][info] [#0:script/workspace/loading.lua:100]: Preload file at: file:///home/nattz/.config/nvim/pack/nvim/start/nvim-lspconfig/lsp/aiken.lua , size = 0.327 KB
[10:15:38.410][info] [#0:script/workspace/loading.lua:100]: Preload file at: file:///home/nattz/.config/nvim/pack/nvim/start/nvim-lspconfig/lsp/mm0_ls.lua , size = 0.360 KB
[10:15:38.413][info] [#0:script/workspace/loading.lua:100]: Preload file at: file:///home/nattz/.config/nvim/pack/nvim/start/nvim-lspconfig/lsp/atopile.lua , size = 0.369 KB
[10:15:38.415][info] [#0:script/workspace/loading.lua:100]: Preload file at: file:///home/nattz/.config/nvim/pack/nvim/start/nvim-lspconfig/lsp/dartls.lua , size = 0.559 KB
[10:15:38.416][info] [#0:script/workspace/loading.lua:100]: Preload file at: file:///home/nattz/.config/nvim/pack/nvim/start/nvim-lspconfig/lsp/clarinet.lua , size = 0.294 KB
[10:15:38.418][info] [#0:script/workspace/loading.lua:100]: Preload file at: file:///home/nattz/.config/nvim/pack/nvim/start/nvim-lspconfig/lsp/marksman.lua , size = 0.525 KB
[10:15:38.420][info] [#0:script/workspace/loading.lua:100]: Preload file at: file:///home/nattz/.config/nvim/pack/nvim/start/nvim-lspconfig/lsp/vhdl_ls.lua , size = 1.053 KB
[10:15:38.421][info] [#0:script/workspace/loading.lua:100]: Preload file at: file:///home/nattz/.config/nvim/pack/nvim/start/nvim-lspconfig/lsp/protols.lua , size = 0.348 KB
[10:15:38.423][info] [#0:script/workspace/loading.lua:100]: Preload file at: file:///home/nattz/.config/nvim/pack/nvim/start/nvim-lspconfig/lsp/uiua.lua , size = 0.318 KB
[10:15:38.424][info] [#0:script/workspace/loading.lua:100]: Preload file at: file:///home/nattz/.config/nvim/pack/nvim/start/nvim-lspconfig/lsp/jqls.lua , size = 0.586 KB
[10:15:38.427][info] [#0:script/workspace/loading.lua:100]: Preload file at: file:///home/nattz/.config/nvim/pack/nvim/start/nvim-lspconfig/lsp/dotls.lua , size = 0.308 KB
[10:15:38.428][info] [#0:script/workspace/loading.lua:100]: Preload file at: file:///home/nattz/.config/nvim/pack/nvim/start/nvim-lspconfig/lsp/glslls.lua , size = 0.584 KB
[10:15:38.430][info] [#0:script/workspace/loading.lua:100]: Preload file at: file:///home/nattz/.config/nvim/pack/nvim/start/nvim-lspconfig/lsp/powershell_es.lua , size = 2.108 KB
[10:15:38.433][info] [#0:script/workspace/loading.lua:100]: Preload file at: file:///home/nattz/.config/nvim/pack/nvim/start/nvim-lspconfig/lsp/astro.lua , size = 0.705 KB
[10:15:38.435][info] [#0:script/workspace/loading.lua:100]: Preload file at: file:///home/nattz/.config/nvim/pack/nvim/start/nvim-lspconfig/lsp/bsl_ls.lua , size = 0.261 KB
[10:15:38.437][info] [#0:script/workspace/loading.lua:100]: Preload file at: file:///home/nattz/.config/nvim/pack/nvim/start/nvim-lspconfig/lsp/salt_ls.lua , size = 0.317 KB
[10:15:38.438][info] [#0:script/workspace/loading.lua:100]: Preload file at: file:///home/nattz/.config/nvim/pack/nvim/start/nvim-lspconfig/lsp/spectral.lua , size = 0.738 KB
[10:15:38.441][info] [#0:script/workspace/loading.lua:100]: Preload file at: file:///home/nattz/.config/nvim/pack/nvim/start/nvim-lspconfig/lsp/rpmspec.lua , size = 0.403 KB
[10:15:38.443][info] [#0:script/workspace/loading.lua:100]: Preload file at: file:///home/nattz/.config/nvim/pack/nvim/start/nvim-lspconfig/lsp/starpls.lua , size = 0.326 KB
[10:15:38.445][info] [#0:script/workspace/loading.lua:100]: Preload file at: file:///home/nattz/.config/nvim/pack/nvim/start/nvim-lspconfig/lsp/jinja_lsp.lua , size = 0.619 KB
[10:15:38.447][info] [#0:script/workspace/loading.lua:100]: Preload file at: file:///home/nattz/.config/nvim/pack/nvim/start/nvim-lspconfig/lsp/ds_pinyin_lsp.lua , size = 2.264 KB
[10:15:38.452][info] [#0:script/workspace/loading.lua:100]: Preload file at: file:///home/nattz/.config/nvim/pack/nvim/start/nvim-lspconfig/lsp/robotcode.lua , size = 0.372 KB
[10:15:38.454][info] [#0:script/workspace/loading.lua:100]: Preload file at: file:///home/nattz/.config/nvim/pack/nvim/start/nvim-lspconfig/lsp/tsgo.lua , size = 2.177 KB
[10:15:38.455][info] [#0:script/workspace/loading.lua:100]: Preload file at: file:///home/nattz/.config/nvim/pack/nvim/start/nvim-lspconfig/lsp/openscad_lsp.lua , size = 0.358 KB
[10:15:38.456][info] [#0:script/workspace/loading.lua:100]: Preload file at: file:///home/nattz/.config/nvim/pack/nvim/start/nvim-lspconfig/lsp/docker_language_server.lua , size = 0.798 KB
[10:15:38.456][info] [#0:script/workspace/loading.lua:100]: Preload file at: file:///home/nattz/.config/nvim/pack/nvim/start/nvim-lspconfig/lsp/angularls.lua , size = 3.771 KB
[10:15:38.458][info] [#0:script/workspace/loading.lua:100]: Preload file at: file:///home/nattz/.config/nvim/pack/nvim/start/nvim-lspconfig/lsp/ts_query_ls.lua , size = 1.096 KB
[10:15:38.459][info] [#0:script/workspace/loading.lua:100]: Preload file at: file:///home/nattz/.config/nvim/pack/nvim/start/nvim-lspconfig/lsp/phan.lua , size = 0.637 KB
[10:15:38.459][info] [#0:script/workspace/loading.lua:100]: Preload file at: file:///home/nattz/.config/nvim/pack/nvim/start/nvim-lspconfig/lsp/solargraph.lua , size = 0.443 KB
[10:15:38.459][info] [#0:script/workspace/loading.lua:100]: Preload file at: file:///home/nattz/.config/nvim/pack/nvim/start/nvim-lspconfig/lsp/theme_check.lua , size = 0.586 KB
[10:15:38.460][info] [#0:script/workspace/loading.lua:100]: Preload file at: file:///home/nattz/.config/nvim/pack/nvim/start/nvim-lspconfig/lsp/vue_ls.lua , size = 2.688 KB
[10:15:38.461][info] [#0:script/workspace/loading.lua:100]: Preload file at: file:///home/nattz/.config/nvim/pack/nvim/start/nvim-lspconfig/lsp/stimulus_ls.lua , size = 0.455 KB
[10:15:38.462][info] [#0:script/workspace/loading.lua:100]: Preload file at: file:///home/nattz/.config/nvim/pack/nvim/start/nvim-lspconfig/lsp/tsp_server.lua , size = 0.434 KB
[10:15:38.462][info] [#0:script/workspace/loading.lua:100]: Preload file at: file:///home/nattz/.config/nvim/pack/nvim/start/nvim-lspconfig/lsp/qmlls.lua , size = 0.396 KB
[10:15:38.462][info] [#0:script/workspace/loading.lua:100]: Preload file at: file:///home/nattz/.config/nvim/pack/nvim/start/nvim-lspconfig/lsp/dts_lsp.lua , size = 0.624 KB
[10:15:38.463][info] [#0:script/workspace/loading.lua:100]: Preload file at: file:///home/nattz/.config/nvim/pack/nvim/start/nvim-lspconfig/lsp/typeprof.lua , size = 0.271 KB
[10:15:38.463][info] [#0:script/workspace/loading.lua:100]: Preload file at: file:///home/nattz/.config/nvim/pack/nvim/start/nvim-lspconfig/lsp/kcl.lua , size = 0.249 KB
[10:15:38.463][info] [#0:script/workspace/loading.lua:100]: Preload file at: file:///home/nattz/.config/nvim/pack/nvim/start/nvim-lspconfig/lsp/sqls.lua , size = 0.519 KB
[10:15:38.464][info] [#0:script/workspace/loading.lua:100]: Preload file at: file:///home/nattz/.config/nvim/pack/nvim/start/nvim-lspconfig/lsp/cypher_ls.lua , size = 0.537 KB
[10:15:38.464][info] [#0:script/workspace/loading.lua:100]: Preload file at: file:///home/nattz/.config/nvim/pack/nvim/start/nvim-lspconfig/lsp/gh_actions_ls.lua , size = 1.736 KB
[10:15:38.465][info] [#0:script/workspace/loading.lua:100]: Preload file at: file:///home/nattz/.config/nvim/pack/nvim/start/nvim-lspconfig/lsp/hyprls.lua , size = 0.315 KB
[10:15:38.465][info] [#0:script/workspace/loading.lua:100]: Preload file at: file:///home/nattz/.config/nvim/pack/nvim/start/nvim-lspconfig/lsp/spyglassmc_language_server.lua , size = 0.696 KB
[10:15:38.466][info] [#0:script/workspace/loading.lua:100]: Preload file at: file:///home/nattz/.config/nvim/pack/nvim/start/nvim-lspconfig/lsp/buck2.lua , size = 0.383 KB
[10:15:38.466][info] [#0:script/workspace/loading.lua:100]: Preload file at: file:///home/nattz/.config/nvim/pack/nvim/start/nvim-lspconfig/lsp/coq_lsp.lua , size = 0.180 KB
[10:15:38.466][info] [#0:script/workspace/loading.lua:100]: Preload file at: file:///home/nattz/.config/nvim/pack/nvim/start/nvim-lspconfig/lsp/motoko_lsp.lua , size = 0.303 KB
[10:15:38.466][info] [#0:script/workspace/loading.lua:100]: Preload file at: file:///home/nattz/.config/nvim/pack/nvim/start/nvim-lspconfig/lsp/systemd_ls.lua , size = 0.353 KB
[10:15:38.467][info] [#0:script/workspace/loading.lua:100]: Preload file at: file:///home/nattz/.config/nvim/pack/nvim/start/nvim-lspconfig/lsp/mdx_analyzer.lua , size = 0.589 KB
[10:15:38.467][info] [#0:script/workspace/loading.lua:100]: Preload file at: file:///home/nattz/.config/nvim/pack/nvim/start/nvim-lspconfig/lsp/hlasm.lua , size = 0.427 KB
[10:15:38.468][info] [#0:script/workspace/loading.lua:100]: Preload file at: file:///home/nattz/.config/nvim/pack/nvim/start/nvim-lspconfig/lsp/turtle_ls.lua , size = 1.188 KB
[10:15:38.468][info] [#0:script/workspace/loading.lua:100]: Preload file at: file:///home/nattz/.config/nvim/pack/nvim/start/nvim-lspconfig/lsp/smithy_ls.lua , size = 1.315 KB
[10:15:38.469][info] [#0:script/workspace/loading.lua:100]: Preload file at: file:///home/nattz/.config/nvim/pack/nvim/start/nvim-lspconfig/lsp/ember.lua , size = 0.439 KB
[10:15:38.469][info] [#0:script/workspace/loading.lua:100]: Preload file at: file:///home/nattz/.config/nvim/pack/nvim/start/nvim-lspconfig/lsp/apex_ls.lua , size = 2.060 KB
[10:15:38.470][info] [#0:script/workspace/loading.lua:100]: Preload file at: file:///home/nattz/.config/nvim/pack/nvim/start/nvim-lspconfig/lsp/basedpyright.lua , size = 2.156 KB
[10:15:38.471][info] [#0:script/workspace/loading.lua:100]: Preload file at: file:///home/nattz/.config/nvim/pack/nvim/start/nvim-lspconfig/lsp/pest_ls.lua , size = 0.229 KB
[10:15:38.472][info] [#0:script/workspace/loading.lua:100]: Preload file at: file:///home/nattz/.config/nvim/pack/nvim/start/nvim-lspconfig/lsp/azure_pipelines_ls.lua , size = 1.218 KB
[10:15:38.472][info] [#0:script/workspace/loading.lua:100]: Preload file at: file:///home/nattz/.config/nvim/pack/nvim/start/nvim-lspconfig/lsp/hdl_checker.lua , size = 0.295 KB
[10:15:38.472][info] [#0:script/workspace/loading.lua:100]: Preload file at: file:///home/nattz/.config/nvim/pack/nvim/start/nvim-lspconfig/lsp/expert.lua , size = 1.132 KB
[10:15:38.473][info] [#0:script/workspace/loading.lua:100]: Preload file at: file:///home/nattz/.config/nvim/pack/nvim/start/nvim-lspconfig/lsp/serve_d.lua , size = 0.356 KB
[10:15:38.473][info] [#0:script/workspace/loading.lua:100]: Preload file at: file:///home/nattz/.config/nvim/pack/nvim/start/nvim-lspconfig/lsp/racket_langserver.lua , size = 0.541 KB
[10:15:38.474][info] [#0:script/workspace/loading.lua:100]: Preload file at: file:///home/nattz/.config/nvim/pack/nvim/start/nvim-lspconfig/lsp/pact_ls.lua , size = 0.199 KB
[10:15:38.474][info] [#0:script/workspace/loading.lua:100]: Preload file at: file:///home/nattz/.config/nvim/pack/nvim/start/nvim-lspconfig/lsp/terraform_lsp.lua , size = 1.348 KB
[10:15:38.474][info] [#0:script/workspace/loading.lua:100]: Preload file at: file:///home/nattz/.config/nvim/pack/nvim/start/nvim-lspconfig/lsp/pony_language_server.lua , size = 0.249 KB
[10:15:38.475][info] [#0:script/workspace/loading.lua:100]: Preload file at: file:///home/nattz/.config/nvim/pack/nvim/start/nvim-lspconfig/lsp/neocmake.lua , size = 0.795 KB
[10:15:38.475][info] [#0:script/workspace/loading.lua:100]: Preload file at: file:///home/nattz/.config/nvim/pack/nvim/start/nvim-lspconfig/lsp/cssls.lua , size = 1.134 KB
[10:15:38.475][info] [#0:script/workspace/loading.lua:100]: Preload file at: file:///home/nattz/.config/nvim/pack/nvim/start/nvim-lspconfig/lsp/diagnosticls.lua , size = 0.397 KB
[10:15:38.476][info] [#0:script/workspace/loading.lua:100]: Preload file at: file:///home/nattz/.config/nvim/pack/nvim/start/nvim-lspconfig/lsp/idris2_lsp.lua , size = 1.759 KB
[10:15:38.476][info] [#0:script/workspace/loading.lua:100]: Preload file at: file:///home/nattz/.config/nvim/pack/nvim/start/nvim-lspconfig/lsp/flow.lua , size = 0.617 KB
[10:15:38.477][info] [#0:script/workspace/loading.lua:100]: Preload file at: file:///home/nattz/.config/nvim/pack/nvim/start/nvim-lspconfig/lsp/oxlint.lua , size = 0.800 KB
[10:15:38.477][info] [#0:script/workspace/loading.lua:100]: Preload file at: file:///home/nattz/.config/nvim/pack/nvim/start/nvim-lspconfig/lsp/zuban.lua , size = 0.366 KB
[10:15:38.478][info] [#0:script/workspace/loading.lua:100]: Preload file at: file:///home/nattz/.config/nvim/pack/nvim/start/nvim-lspconfig/lsp/earthlyls.lua , size = 0.221 KB
[10:15:38.478][info] [#0:script/workspace/loading.lua:100]: Preload file at: file:///home/nattz/.config/nvim/pack/nvim/start/nvim-lspconfig/lsp/turbo_ls.lua , size = 0.452 KB
[10:15:38.479][info] [#0:script/workspace/loading.lua:100]: Preload file at: file:///home/nattz/.config/nvim/pack/nvim/start/nvim-lspconfig/lsp/regal.lua , size = 0.576 KB
[10:15:38.479][info] [#0:script/workspace/loading.lua:100]: Preload file at: file:///home/nattz/.config/nvim/pack/nvim/start/nvim-lspconfig/lsp/tofu_ls.lua , size = 0.251 KB
[10:15:38.479][info] [#0:script/workspace/loading.lua:100]: Preload file at: file:///home/nattz/.config/nvim/pack/nvim/start/nvim-lspconfig/lsp/solang.lua , size = 0.543 KB
[10:15:38.480][info] [#0:script/workspace/loading.lua:100]: Preload file at: file:///home/nattz/.config/nvim/pack/nvim/start/nvim-lspconfig/lsp/pbls.lua , size = 0.388 KB
[10:15:38.480][info] [#0:script/workspace/loading.lua:100]: Preload file at: file:///home/nattz/.config/nvim/pack/nvim/start/nvim-lspconfig/lsp/rls.lua , size = 0.830 KB
[10:15:38.480][info] [#0:script/workspace/loading.lua:100]: Preload file at: file:///home/nattz/.config/nvim/pack/nvim/start/nvim-lspconfig/lsp/tinymist.lua , size = 2.729 KB
[10:15:38.482][info] [#0:script/workspace/loading.lua:100]: Preload file at: file:///home/nattz/.config/nvim/pack/nvim/start/nvim-lspconfig/lsp/wgsl_analyzer.lua , size = 0.351 KB
[10:15:38.482][info] [#0:script/workspace/loading.lua:100]: Preload file at: file:///home/nattz/.config/nvim/pack/nvim/start/nvim-lspconfig/lsp/cspell_ls.lua , size = 0.442 KB
[10:15:38.482][info] [#0:script/workspace/loading.lua:100]: Preload file at: file:///home/nattz/.config/nvim/pack/nvim/start/nvim-lspconfig/lsp/circom-lsp.lua , size = 0.263 KB
[10:15:38.483][info] [#0:script/workspace/loading.lua:100]: Preload file at: file:///home/nattz/.config/nvim/pack/nvim/start/nvim-lspconfig/lsp/lua_ls.lua , size = 3.031 KB
[10:15:38.484][info] [#0:script/workspace/loading.lua:100]: Preload file at: file:///home/nattz/.config/nvim/pack/nvim/start/nvim-lspconfig/lsp/glint.lua , size = 1.396 KB
[10:15:38.484][info] [#0:script/workspace/loading.lua:100]: Preload file at: file:///home/nattz/.config/nvim/pack/nvim/start/nvim-lspconfig/lsp/html.lua , size = 1.221 KB
[10:15:38.485][info] [#0:script/workspace/loading.lua:100]: Preload file at: file:///home/nattz/.config/nvim/pack/nvim/start/nvim-lspconfig/lsp/ruff_lsp.lua , size = 0.682 KB
[10:15:38.485][info] [#0:script/workspace/loading.lua:100]: Preload file at: file:///home/nattz/.config/nvim/pack/nvim/start/nvim-lspconfig/lsp/pico8_ls.lua , size = 0.396 KB
[10:15:38.485][info] [#0:script/workspace/loading.lua:100]: Preload file at: file:///home/nattz/.config/nvim/pack/nvim/start/nvim-lspconfig/lsp/gitlab_ci_ls.lua , size = 0.625 KB
[10:15:38.486][info] [#0:script/workspace/loading.lua:100]: Preload file at: file:///home/nattz/.config/nvim/pack/nvim/start/nvim-lspconfig/lsp/fstar.lua , size = 0.254 KB
[10:15:38.486][info] [#0:script/workspace/loading.lua:100]: Preload file at: file:///home/nattz/.config/nvim/pack/nvim/start/nvim-lspconfig/lsp/shopify_theme_ls.lua , size = 0.641 KB
[10:15:38.487][info] [#0:script/workspace/loading.lua:100]: Preload file at: file:///home/nattz/.config/nvim/pack/nvim/start/nvim-lspconfig/lsp/agda_ls.lua , size = 0.362 KB
[10:15:38.487][info] [#0:script/workspace/loading.lua:100]: Preload file at: file:///home/nattz/.config/nvim/pack/nvim/start/nvim-lspconfig/lsp/pli.lua , size = 0.395 KB
[10:15:38.487][info] [#0:script/workspace/loading.lua:100]: Preload file at: file:///home/nattz/.config/nvim/pack/nvim/start/nvim-lspconfig/lsp/terraformls.lua , size = 1.798 KB
[10:15:38.488][info] [#0:script/workspace/loading.lua:100]: Preload file at: file:///home/nattz/.config/nvim/pack/nvim/start/nvim-lspconfig/lsp/asm_lsp.lua , size = 0.311 KB
[10:15:38.488][info] [#0:script/workspace/loading.lua:100]: Preload file at: file:///home/nattz/.config/nvim/pack/nvim/start/nvim-lspconfig/lsp/luau_lsp.lua , size = 0.550 KB
[10:15:38.488][info] [#0:script/workspace/loading.lua:100]: Preload file at: file:///home/nattz/.config/nvim/pack/nvim/start/nvim-lspconfig/lsp/uvls.lua , size = 0.551 KB
[10:15:38.489][info] [#0:script/workspace/loading.lua:100]: Preload file at: file:///home/nattz/.config/nvim/pack/nvim/start/nvim-lspconfig/lsp/helm_ls.lua , size = 0.677 KB
[10:15:38.489][info] [#0:script/workspace/loading.lua:100]: Preload file at: file:///home/nattz/.config/nvim/pack/nvim/start/nvim-lspconfig/lsp/futhark_lsp.lua , size = 0.329 KB
[10:15:38.489][info] [#0:script/workspace/loading.lua:100]: Preload file at: file:///home/nattz/.config/nvim/pack/nvim/start/nvim-lspconfig/lsp/tvm_ffi_navigator.lua , size = 0.490 KB
[10:15:38.490][info] [#0:script/workspace/loading.lua:100]: Preload file at: file:///home/nattz/.config/nvim/pack/nvim/start/nvim-lspconfig/lsp/wasm_language_tools.lua , size = 0.359 KB
[10:15:38.490][info] [#0:script/workspace/loading.lua:100]: Preload file at: file:///home/nattz/.config/nvim/pack/nvim/start/nvim-lspconfig/lsp/atlas.lua , size = 2.365 KB
[10:15:38.491][info] [#0:script/workspace/loading.lua:100]: Preload file at: file:///home/nattz/.config/nvim/pack/nvim/start/nvim-lspconfig/lsp/cucumber_language_server.lua , size = 0.437 KB
[10:15:38.491][info] [#0:script/workspace/loading.lua:100]: Preload file at: file:///home/nattz/.config/nvim/pack/nvim/start/nvim-lspconfig/lsp/zk.lua , size = 3.366 KB
[10:15:38.493][info] [#0:script/workspace/loading.lua:100]: Preload file at: file:///home/nattz/.config/nvim/pack/nvim/start/nvim-lspconfig/lsp/cssmodules_ls.lua , size = 0.479 KB
[10:15:38.494][info] [#0:script/workspace/loading.lua:100]: Preload file at: file:///home/nattz/.config/nvim/pack/nvim/start/nvim-lspconfig/lsp/nimls.lua , size = 0.507 KB
[10:15:38.494][info] [#0:script/workspace/loading.lua:100]: Preload file at: file:///home/nattz/.config/nvim/pack/nvim/start/nvim-lspconfig/lsp/matlab_ls.lua , size = 0.834 KB
[10:15:38.495][info] [#0:script/workspace/loading.lua:100]: Preload file at: file:///home/nattz/.config/nvim/pack/nvim/start/nvim-lspconfig/lsp/ballerina.lua , size = 0.365 KB
[10:15:38.495][info] [#0:script/workspace/loading.lua:100]: Preload file at: file:///home/nattz/.config/nvim/pack/nvim/start/nvim-lspconfig/scripts/docgen.lua , size = 7.842 KB
[10:15:38.499][info] [#0:script/workspace/loading.lua:100]: Preload file at: file:///home/nattz/.config/nvim/pack/nvim/start/nvim-lspconfig/lua/lspconfig/ui/windows.lua , size = 0.168 KB
[10:15:38.499][info] [#0:script/workspace/loading.lua:100]: Preload file at: file:///home/nattz/.config/nvim/pack/nvim/start/nvim-lspconfig/lua/lspconfig/configs.lua , size = 9.303 KB
[10:15:38.503][info] [#0:script/workspace/loading.lua:100]: Preload file at: file:///home/nattz/.config/nvim/pack/nvim/start/nvim-lspconfig/lua/lspconfig/configs/hie.lua , size = 1.095 KB
[10:15:38.504][info] [#0:script/workspace/loading.lua:100]: Preload file at: file:///home/nattz/.config/nvim/pack/nvim/start/nvim-lspconfig/lua/lspconfig/configs/bacon_ls.lua , size = 2.298 KB
[10:15:38.505][info] [#0:script/workspace/loading.lua:100]: Preload file at: file:///home/nattz/.config/nvim/pack/nvim/start/nvim-lspconfig/lua/lspconfig/configs/vuels.lua , size = 1.569 KB
[10:15:38.506][info] [#0:script/workspace/loading.lua:100]: Preload file at: file:///home/nattz/.config/nvim/pack/nvim/start/nvim-lspconfig/lua/lspconfig/configs/tabby_ml.lua , size = 0.849 KB
[10:15:38.506][info] [#0:script/workspace/loading.lua:100]: Preload file at: file:///home/nattz/.config/nvim/pack/nvim/start/nvim-lspconfig/lua/lspconfig/configs/somesass_ls.lua , size = 1.288 KB
[10:15:38.506][info] [#0:script/workspace/loading.lua:100]: Preload file at: file:///home/nattz/.config/nvim/pack/nvim/start/nvim-lspconfig/lua/lspconfig/configs/sorbet.lua , size = 0.810 KB
[10:15:38.507][info] [#0:script/workspace/loading.lua:100]: Preload file at: file:///home/nattz/.config/nvim/pack/nvim/start/nvim-lspconfig/lua/lspconfig/configs/purescriptls.lua , size = 0.952 KB
[10:15:38.507][info] [#0:script/workspace/loading.lua:100]: Preload file at: file:///home/nattz/.config/nvim/pack/nvim/start/nvim-lspconfig/lua/lspconfig/configs/volar.lua , size = 3.182 KB
[10:15:38.508][info] [#0:script/workspace/loading.lua:100]: Preload file at: file:///home/nattz/.config/nvim/pack/nvim/start/nvim-lspconfig/lua/lspconfig/configs/buddy_ls.lua , size = 0.896 KB
[10:15:38.508][info] [#0:script/workspace/loading.lua:100]: Preload file at: file:///home/nattz/.config/nvim/pack/nvim/start/nvim-lspconfig/lua/lspconfig/configs/solidity_ls_nomicfoundation.lua , size = 1.165 KB
[10:15:38.509][info] [#0:script/workspace/loading.lua:100]: Preload file at: file:///home/nattz/.config/nvim/pack/nvim/start/nvim-lspconfig/lua/lspconfig/configs/custom_elements_ls.lua , size = 1.296 KB
[10:15:38.509][info] [#0:script/workspace/loading.lua:100]: Preload file at: file:///home/nattz/.config/nvim/pack/nvim/start/nvim-lspconfig/lua/lspconfig/configs/kotlin_language_server.lua , size = 1.943 KB
[10:15:38.510][info] [#0:script/workspace/loading.lua:100]: Preload file at: file:///home/nattz/.config/nvim/pack/nvim/start/nvim-lspconfig/lua/lspconfig/configs/nil_ls.lua , size = 0.891 KB
[10:15:38.510][info] [#0:script/workspace/loading.lua:100]: Preload file at: file:///home/nattz/.config/nvim/pack/nvim/start/nvim-lspconfig/lua/lspconfig/configs/lsp_ai.lua , size = 1.168 KB
[10:15:38.511][info] [#0:script/workspace/loading.lua:100]: Preload file at: file:///home/nattz/.config/nvim/pack/nvim/start/nvim-lspconfig/lua/lspconfig/configs/ccls.lua , size = 2.558 KB
[10:15:38.512][info] [#0:script/workspace/loading.lua:100]: Preload file at: file:///home/nattz/.config/nvim/pack/nvim/start/nvim-lspconfig/lua/lspconfig/configs/dockerls.lua , size = 1.021 KB
[10:15:38.512][info] [#0:script/workspace/loading.lua:100]: Preload file at: file:///home/nattz/.config/nvim/pack/nvim/start/nvim-lspconfig/lua/lspconfig/configs/guile_ls.lua , size = 1.218 KB
[10:15:38.513][info] [#0:script/workspace/loading.lua:100]: Preload file at: file:///home/nattz/.config/nvim/pack/nvim/start/nvim-lspconfig/lua/lspconfig/configs/hydra_lsp.lua , size = 0.647 KB
[10:15:38.513][info] [#0:script/workspace/loading.lua:100]: Preload file at: file:///home/nattz/.config/nvim/pack/nvim/start/nvim-lspconfig/lua/lspconfig/configs/vectorcode_server.lua , size = 0.677 KB
[10:15:38.513][info] [#0:script/workspace/loading.lua:100]: Preload file at: file:///home/nattz/.config/nvim/pack/nvim/start/nvim-lspconfig/lua/lspconfig/configs/just.lua , size = 0.719 KB
[10:15:38.514][info] [#0:script/workspace/loading.lua:100]: Preload file at: file:///home/nattz/.config/nvim/pack/nvim/start/nvim-lspconfig/lua/lspconfig/configs/mlir_pdll_lsp_server.lua , size = 0.934 KB
[10:15:38.514][info] [#0:script/workspace/loading.lua:100]: Preload file at: file:///home/nattz/.config/nvim/pack/nvim/start/nvim-lspconfig/lua/lspconfig/configs/kulala_ls.lua , size = 0.706 KB
[10:15:38.515][info] [#0:script/workspace/loading.lua:100]: Preload file at: file:///home/nattz/.config/nvim/pack/nvim/start/nvim-lspconfig/lua/lspconfig/configs/bqnlsp.lua , size = 1.790 KB
[10:15:38.515][info] [#0:script/workspace/loading.lua:100]: Preload file at: file:///home/nattz/.config/nvim/pack/nvim/start/nvim-lspconfig/lua/lspconfig/configs/koka.lua , size = 0.768 KB
[10:15:38.516][info] [#0:script/workspace/loading.lua:100]: Preload file at: file:///home/nattz/.config/nvim/pack/nvim/start/nvim-lspconfig/lua/lspconfig/configs/gdshader_lsp.lua , size = 0.670 KB
[10:15:38.516][info] [#0:script/workspace/loading.lua:100]: Preload file at: file:///home/nattz/.config/nvim/pack/nvim/start/nvim-lspconfig/lua/lspconfig/configs/digestif.lua , size = 0.896 KB
[10:15:38.517][info] [#0:script/workspace/loading.lua:100]: Preload file at: file:///home/nattz/.config/nvim/pack/nvim/start/nvim-lspconfig/lua/lspconfig/configs/daedalus_ls.lua , size = 0.895 KB
[10:15:38.517][info] [#0:script/workspace/loading.lua:100]: Preload file at: file:///home/nattz/.config/nvim/pack/nvim/start/nvim-lspconfig/lua/lspconfig/configs/unocss.lua , size = 1.302 KB
[10:15:38.518][info] [#0:script/workspace/loading.lua:100]: Preload file at: file:///home/nattz/.config/nvim/pack/nvim/start/nvim-lspconfig/lua/lspconfig/configs/zls.lua , size = 0.892 KB
[10:15:38.518][info] [#0:script/workspace/loading.lua:100]: Preload file at: file:///home/nattz/.config/nvim/pack/nvim/start/nvim-lspconfig/lua/lspconfig/configs/nushell.lua , size = 0.688 KB
[10:15:38.519][info] [#0:script/workspace/loading.lua:100]: Preload file at: file:///home/nattz/.config/nvim/pack/nvim/start/nvim-lspconfig/lua/lspconfig/configs/openedge_ls.lua , size = 1.670 KB
[10:15:38.519][info] [#0:script/workspace/loading.lua:100]: Preload file at: file:///home/nattz/.config/nvim/pack/nvim/start/nvim-lspconfig/lua/lspconfig/configs/buf_ls.lua , size = 0.732 KB
[10:15:38.520][info] [#0:script/workspace/loading.lua:100]: Preload file at: file:///home/nattz/.config/nvim/pack/nvim/start/nvim-lspconfig/lua/lspconfig/configs/typos_lsp.lua , size = 0.907 KB
[10:15:38.520][info] [#0:script/workspace/loading.lua:100]: Preload file at: file:///home/nattz/.config/nvim/pack/nvim/start/nvim-lspconfig/lua/lspconfig/configs/hoon_ls.lua , size = 0.895 KB
[10:15:38.520][info] [#0:script/workspace/loading.lua:100]: Preload file at: file:///home/nattz/.config/nvim/pack/nvim/start/nvim-lspconfig/lua/lspconfig/configs/ntt.lua , size = 0.834 KB
[10:15:38.521][info] [#0:script/workspace/loading.lua:100]: Preload file at: file:///home/nattz/.config/nvim/pack/nvim/start/nvim-lspconfig/lua/lspconfig/configs/groovyls.lua , size = 1.194 KB
[10:15:38.521][info] [#0:script/workspace/loading.lua:100]: Preload file at: file:///home/nattz/.config/nvim/pack/nvim/start/nvim-lspconfig/lua/lspconfig/configs/gopls.lua , size = 1.349 KB
[10:15:38.522][info] [#0:script/workspace/loading.lua:100]: Preload file at: file:///home/nattz/.config/nvim/pack/nvim/start/nvim-lspconfig/lua/lspconfig/configs/clojure_lsp.lua , size = 0.715 KB
[10:15:38.522][info] [#0:script/workspace/loading.lua:100]: Preload file at: file:///home/nattz/.config/nvim/pack/nvim/start/nvim-lspconfig/lua/lspconfig/configs/anakin_language_server.lua , size = 2.559 KB
[10:15:38.523][info] [#0:script/workspace/loading.lua:100]: Preload file at: file:///home/nattz/.config/nvim/pack/nvim/start/nvim-lspconfig/lua/lspconfig/configs/janet_lsp.lua , size = 0.876 KB
[10:15:38.523][info] [#0:script/workspace/loading.lua:100]: Preload file at: file:///home/nattz/.config/nvim/pack/nvim/start/nvim-lspconfig/lua/lspconfig/configs/remark_ls.lua , size = 1.443 KB
[10:15:38.524][info] [#0:script/workspace/loading.lua:100]: Preload file at: file:///home/nattz/.config/nvim/pack/nvim/start/nvim-lspconfig/lua/lspconfig/configs/sourcery.lua , size = 2.797 KB
[10:15:38.525][info] [#0:script/workspace/loading.lua:100]: Preload file at: file:///home/nattz/.config/nvim/pack/nvim/start/nvim-lspconfig/lua/lspconfig/configs/cobol_ls.lua , size = 0.620 KB
[10:15:38.525][info] [#0:script/workspace/loading.lua:100]: Preload file at: file:///home/nattz/.config/nvim/pack/nvim/start/nvim-lspconfig/lua/lspconfig/configs/stylua3p_ls.lua , size = 0.677 KB
[10:15:38.526][info] [#0:script/workspace/loading.lua:100]: Preload file at: file:///home/nattz/.config/nvim/pack/nvim/start/nvim-lspconfig/lua/lspconfig/configs/nickel_ls.lua , size = 1.038 KB
[10:15:38.526][info] [#0:script/workspace/loading.lua:100]: Preload file at: file:///home/nattz/.config/nvim/pack/nvim/start/nvim-lspconfig/lua/lspconfig/configs/golangci_lint_ls.lua , size = 2.186 KB
[10:15:38.527][info] [#0:script/workspace/loading.lua:100]: Preload file at: file:///home/nattz/.config/nvim/pack/nvim/start/nvim-lspconfig/lua/lspconfig/configs/psalm.lua , size = 0.683 KB
[10:15:38.527][info] [#0:script/workspace/loading.lua:100]: Preload file at: file:///home/nattz/.config/nvim/pack/nvim/start/nvim-lspconfig/lua/lspconfig/configs/dagger.lua , size = 0.684 KB
[10:15:38.528][info] [#0:script/workspace/loading.lua:100]: Preload file at: file:///home/nattz/.config/nvim/pack/nvim/start/nvim-lspconfig/lua/lspconfig/configs/muon.lua , size = 0.732 KB
[10:15:38.528][info] [#0:script/workspace/loading.lua:100]: Preload file at: file:///home/nattz/.config/nvim/pack/nvim/start/nvim-lspconfig/lua/lspconfig/configs/m68k.lua , size = 0.872 KB
[10:15:38.528][info] [#0:script/workspace/loading.lua:100]: Preload file at: file:///home/nattz/.config/nvim/pack/nvim/start/nvim-lspconfig/lua/lspconfig/configs/cadence.lua , size = 1.304 KB
[10:15:38.529][info] [#0:script/workspace/loading.lua:100]: Preload file at: file:///home/nattz/.config/nvim/pack/nvim/start/nvim-lspconfig/lua/lspconfig/configs/csharp_ls.lua , size = 0.938 KB
[10:15:38.529][info] [#0:script/workspace/loading.lua:100]: Preload file at: file:///home/nattz/.config/nvim/pack/nvim/start/nvim-lspconfig/lua/lspconfig/configs/svelte.lua , size = 1.487 KB
[10:15:38.530][info] [#0:script/workspace/loading.lua:100]: Preload file at: file:///home/nattz/.config/nvim/pack/nvim/start/nvim-lspconfig/lua/lspconfig/configs/fennel_ls.lua , size = 1.211 KB
[10:15:38.531][info] [#0:script/workspace/loading.lua:100]: Preload file at: file:///home/nattz/.config/nvim/pack/nvim/start/nvim-lspconfig/lua/lspconfig/configs/hls.lua , size = 1.072 KB
[10:15:38.531][info] [#0:script/workspace/loading.lua:100]: Preload file at: file:///home/nattz/.config/nvim/pack/nvim/start/nvim-lspconfig/lua/lspconfig/configs/docker_compose_language_service.lua , size = 1.104 KB
[10:15:38.531][info] [#0:script/workspace/loading.lua:100]: Preload file at: file:///home/nattz/.config/nvim/pack/nvim/start/nvim-lspconfig/lua/lspconfig/configs/lemminx.lua , size = 1.097 KB
[10:15:38.532][info] [#0:script/workspace/loading.lua:100]: Preload file at: file:///home/nattz/.config/nvim/pack/nvim/start/nvim-lspconfig/lua/lspconfig/configs/ungrammar_languageserver.lua , size = 0.990 KB
[10:15:38.532][info] [#0:script/workspace/loading.lua:100]: Preload file at: file:///home/nattz/.config/nvim/pack/nvim/start/nvim-lspconfig/lua/lspconfig/configs/swift_mesonls.lua , size = 0.686 KB
[10:15:38.533][info] [#0:script/workspace/loading.lua:100]: Preload file at: file:///home/nattz/.config/nvim/pack/nvim/start/nvim-lspconfig/lua/lspconfig/configs/basics_ls.lua , size = 0.831 KB
[10:15:38.533][info] [#0:script/workspace/loading.lua:100]: Preload file at: file:///home/nattz/.config/nvim/pack/nvim/start/nvim-lspconfig/lua/lspconfig/configs/nextflow_ls.lua , size = 1.354 KB
[10:15:38.533][info] [#0:script/workspace/loading.lua:100]: Preload file at: file:///home/nattz/.config/nvim/pack/nvim/start/nvim-lspconfig/lua/lspconfig/configs/prolog_ls.lua , size = 0.811 KB
[10:15:38.534][info] [#0:script/workspace/loading.lua:100]: Preload file at: file:///home/nattz/.config/nvim/pack/nvim/start/nvim-lspconfig/lua/lspconfig/configs/rust_analyzer.lua , size = 3.852 KB
[10:15:38.535][info] [#0:script/workspace/loading.lua:100]: Preload file at: file:///home/nattz/.config/nvim/pack/nvim/start/nvim-lspconfig/lua/lspconfig/configs/bqls.lua , size = 0.777 KB
[10:15:38.536][info] [#0:script/workspace/loading.lua:100]: Preload file at: file:///home/nattz/.config/nvim/pack/nvim/start/nvim-lspconfig/lua/lspconfig/configs/vls.lua , size = 0.714 KB
[10:15:38.536][info] [#0:script/workspace/loading.lua:100]: Preload file at: file:///home/nattz/.config/nvim/pack/nvim/start/nvim-lspconfig/lua/lspconfig/configs/vale_ls.lua , size = 0.719 KB
[10:15:38.536][info] [#0:script/workspace/loading.lua:100]: Preload file at: file:///home/nattz/.config/nvim/pack/nvim/start/nvim-lspconfig/lua/lspconfig/configs/rescriptls.lua , size = 1.731 KB
[10:15:38.537][info] [#0:script/workspace/loading.lua:100]: Preload file at: file:///home/nattz/.config/nvim/pack/nvim/start/nvim-lspconfig/lua/lspconfig/configs/vtsls.lua , size = 1.095 KB
[10:15:38.537][info] [#0:script/workspace/loading.lua:100]: Preload file at: file:///home/nattz/.config/nvim/pack/nvim/start/nvim-lspconfig/lua/lspconfig/configs/ansiblels.lua , size = 1.233 KB
[10:15:38.538][info] [#0:script/workspace/loading.lua:100]: Preload file at: file:///home/nattz/.config/nvim/pack/nvim/start/nvim-lspconfig/lua/lspconfig/configs/raku_navigator.lua , size = 1.610 KB
[10:15:38.538][info] [#0:script/workspace/loading.lua:100]: Preload file at: file:///home/nattz/.config/nvim/pack/nvim/start/nvim-lspconfig/lua/lspconfig/configs/scry.lua , size = 0.762 KB
[10:15:38.539][info] [#0:script/workspace/loading.lua:100]: Preload file at: file:///home/nattz/.config/nvim/pack/nvim/start/nvim-lspconfig/lua/lspconfig/configs/millet.lua , size = 0.851 KB
[10:15:38.539][info] [#0:script/workspace/loading.lua:100]: Preload file at: file:///home/nattz/.config/nvim/pack/nvim/start/nvim-lspconfig/lua/lspconfig/configs/ltex.lua , size = 2.124 KB
[10:15:38.540][info] [#0:script/workspace/loading.lua:100]: Preload file at: file:///home/nattz/.config/nvim/pack/nvim/start/nvim-lspconfig/lua/lspconfig/configs/yls.lua , size = 0.851 KB
[10:15:38.540][info] [#0:script/workspace/loading.lua:100]: Preload file at: file:///home/nattz/.config/nvim/pack/nvim/start/nvim-lspconfig/lua/lspconfig/configs/ghdl_ls.lua , size = 0.933 KB
[10:15:38.541][info] [#0:script/workspace/loading.lua:100]: Preload file at: file:///home/nattz/.config/nvim/pack/nvim/start/nvim-lspconfig/lua/lspconfig/configs/dcmls.lua , size = 0.623 KB
[10:15:38.541][info] [#0:script/workspace/loading.lua:100]: Preload file at: file:///home/nattz/.config/nvim/pack/nvim/start/nvim-lspconfig/lua/lspconfig/configs/ruff.lua , size = 1.537 KB
[10:15:38.542][info] [#0:script/workspace/loading.lua:100]: Preload file at: file:///home/nattz/.config/nvim/pack/nvim/start/nvim-lspconfig/lua/lspconfig/configs/awk_ls.lua , size = 0.796 KB
[10:15:38.542][info] [#0:script/workspace/loading.lua:100]: Preload file at: file:///home/nattz/.config/nvim/pack/nvim/start/nvim-lspconfig/lua/lspconfig/configs/ast_grep.lua , size = 1.060 KB
[10:15:38.542][info] [#0:script/workspace/loading.lua:100]: Preload file at: file:///home/nattz/.config/nvim/pack/nvim/start/nvim-lspconfig/lua/lspconfig/configs/metals.lua , size = 1.469 KB
[10:15:38.543][info] [#0:script/workspace/loading.lua:100]: Preload file at: file:///home/nattz/.config/nvim/pack/nvim/start/nvim-lspconfig/lua/lspconfig/configs/selene3p_ls.lua , size = 0.658 KB
[10:15:38.543][info] [#0:script/workspace/loading.lua:100]: Preload file at: file:///home/nattz/.config/nvim/pack/nvim/start/nvim-lspconfig/lua/lspconfig/configs/veryl_ls.lua , size = 0.722 KB
[10:15:38.544][info] [#0:script/workspace/loading.lua:100]: Preload file at: file:///home/nattz/.config/nvim/pack/nvim/start/nvim-lspconfig/lua/lspconfig/configs/mlir_lsp_server.lua , size = 0.851 KB
[10:15:38.544][info] [#0:script/workspace/loading.lua:100]: Preload file at: file:///home/nattz/.config/nvim/pack/nvim/start/nvim-lspconfig/lua/lspconfig/configs/sixtyfps.lua , size = 0.929 KB
[10:15:38.544][info] [#0:script/workspace/loading.lua:100]: Preload file at: file:///home/nattz/.config/nvim/pack/nvim/start/nvim-lspconfig/lua/lspconfig/configs/snyk_ls.lua , size = 1.009 KB
[10:15:38.545][info] [#0:script/workspace/loading.lua:100]: Preload file at: file:///home/nattz/.config/nvim/pack/nvim/start/nvim-lspconfig/lua/lspconfig/configs/blueprint_ls.lua , size = 1.147 KB
[10:15:38.545][info] [#0:script/workspace/loading.lua:100]: Preload file at: file:///home/nattz/.config/nvim/pack/nvim/start/nvim-lspconfig/lua/lspconfig/configs/erg_language_server.lua , size = 0.941 KB
[10:15:38.546][info] [#0:script/workspace/loading.lua:100]: Preload file at: file:///home/nattz/.config/nvim/pack/nvim/start/nvim-lspconfig/lua/lspconfig/configs/pasls.lua , size = 1.356 KB
[10:15:38.546][info] [#0:script/workspace/loading.lua:100]: Preload file at: file:///home/nattz/.config/nvim/pack/nvim/start/nvim-lspconfig/lua/lspconfig/configs/intelephense.lua , size = 1.539 KB
[10:15:38.547][info] [#0:script/workspace/loading.lua:100]: Preload file at: file:///home/nattz/.config/nvim/pack/nvim/start/nvim-lspconfig/lua/lspconfig/configs/bicep.lua , size = 1.948 KB
[10:15:38.547][info] [#0:script/workspace/loading.lua:100]: Preload file at: file:///home/nattz/.config/nvim/pack/nvim/start/nvim-lspconfig/lua/lspconfig/configs/stylelint_lsp.lua , size = 1.359 KB
[10:15:38.548][info] [#0:script/workspace/loading.lua:100]: Preload file at: file:///home/nattz/.config/nvim/pack/nvim/start/nvim-lspconfig/lua/lspconfig/configs/svlangserver.lua , size = 1.613 KB
[10:15:38.548][info] [#0:script/workspace/loading.lua:100]: Preload file at: file:///home/nattz/.config/nvim/pack/nvim/start/nvim-lspconfig/lua/lspconfig/configs/taplo.lua , size = 0.824 KB
[10:15:38.549][info] [#0:script/workspace/loading.lua:100]: Preload file at: file:///home/nattz/.config/nvim/pack/nvim/start/nvim-lspconfig/lua/lspconfig/configs/slangd.lua , size = 1.506 KB
[10:15:38.549][info] [#0:script/workspace/loading.lua:100]: Preload file at: file:///home/nattz/.config/nvim/pack/nvim/start/nvim-lspconfig/lua/lspconfig/configs/gleam.lua , size = 0.803 KB
[10:15:38.550][info] [#0:script/workspace/loading.lua:100]: Preload file at: file:///home/nattz/.config/nvim/pack/nvim/start/nvim-lspconfig/lua/lspconfig/configs/jdtls.lua , size = 5.515 KB
[10:15:38.551][info] [#0:script/workspace/loading.lua:100]: Preload file at: file:///home/nattz/.config/nvim/pack/nvim/start/nvim-lspconfig/lua/lspconfig/configs/perlpls.lua , size = 0.938 KB
[10:15:38.552][info] [#0:script/workspace/loading.lua:100]: Preload file at: file:///home/nattz/.config/nvim/pack/nvim/start/nvim-lspconfig/lua/lspconfig/configs/ttags.lua , size = 0.608 KB
[10:15:38.552][info] [#0:script/workspace/loading.lua:100]: Preload file at: file:///home/nattz/.config/nvim/pack/nvim/start/nvim-lspconfig/lua/lspconfig/configs/ghcide.lua , size = 0.788 KB
[10:15:38.553][info] [#0:script/workspace/loading.lua:100]: Preload file at: file:///home/nattz/.config/nvim/pack/nvim/start/nvim-lspconfig/lua/lspconfig/configs/tilt_ls.lua , size = 0.781 KB
[10:15:38.553][info] [#0:script/workspace/loading.lua:100]: Preload file at: file:///home/nattz/.config/nvim/pack/nvim/start/nvim-lspconfig/lua/lspconfig/configs/harper_ls.lua , size = 1.377 KB
[10:15:38.553][info] [#0:script/workspace/loading.lua:100]: Preload file at: file:///home/nattz/.config/nvim/pack/nvim/start/nvim-lspconfig/lua/lspconfig/configs/roc_ls.lua , size = 0.855 KB
[10:15:38.554][info] [#0:script/workspace/loading.lua:100]: Preload file at: file:///home/nattz/.config/nvim/pack/nvim/start/nvim-lspconfig/lua/lspconfig/configs/nxls.lua , size = 0.719 KB
[10:15:38.554][info] [#0:script/workspace/loading.lua:100]: Preload file at: file:///home/nattz/.config/nvim/pack/nvim/start/nvim-lspconfig/lua/lspconfig/configs/facility_language_server.lua , size = 0.727 KB
[10:15:38.555][info] [#0:script/workspace/loading.lua:100]: Preload file at: file:///home/nattz/.config/nvim/pack/nvim/start/nvim-lspconfig/lua/lspconfig/configs/rome.lua , size = 1.097 KB
[10:15:38.555][info] [#0:script/workspace/loading.lua:100]: Preload file at: file:///home/nattz/.config/nvim/pack/nvim/start/nvim-lspconfig/lua/lspconfig/configs/codeqlls.lua , size = 1.821 KB
[10:15:38.556][info] [#0:script/workspace/loading.lua:100]: Preload file at: file:///home/nattz/.config/nvim/pack/nvim/start/nvim-lspconfig/lua/lspconfig/configs/delphi_ls.lua , size = 1.839 KB
[10:15:38.556][info] [#0:script/workspace/loading.lua:100]: Preload file at: file:///home/nattz/.config/nvim/pack/nvim/start/nvim-lspconfig/lua/lspconfig/configs/puppet.lua , size = 1.057 KB
[10:15:38.557][info] [#0:script/workspace/loading.lua:100]: Preload file at: file:///home/nattz/.config/nvim/pack/nvim/start/nvim-lspconfig/lua/lspconfig/configs/coffeesense.lua , size = 0.780 KB
[10:15:38.557][info] [#0:script/workspace/loading.lua:100]: Preload file at: file:///home/nattz/.config/nvim/pack/nvim/start/nvim-lspconfig/lua/lspconfig/configs/jsonls.lua , size = 1.532 KB
[10:15:38.558][info] [#0:script/workspace/loading.lua:100]: Preload file at: file:///home/nattz/.config/nvim/pack/nvim/start/nvim-lspconfig/lua/lspconfig/configs/air.lua , size = 0.752 KB
[10:15:38.558][info] [#0:script/workspace/loading.lua:100]: Preload file at: file:///home/nattz/.config/nvim/pack/nvim/start/nvim-lspconfig/lua/lspconfig/configs/elmls.lua , size = 1.461 KB
[10:15:38.559][info] [#0:script/workspace/loading.lua:100]: Preload file at: file:///home/nattz/.config/nvim/pack/nvim/start/nvim-lspconfig/lua/lspconfig/configs/yamlls.lua , size = 2.889 KB
[10:15:38.559][info] [#0:script/workspace/loading.lua:100]: Preload file at: file:///home/nattz/.config/nvim/pack/nvim/start/nvim-lspconfig/lua/lspconfig/configs/bzl.lua , size = 0.764 KB
[10:15:38.560][info] [#0:script/workspace/loading.lua:100]: Preload file at: file:///home/nattz/.config/nvim/pack/nvim/start/nvim-lspconfig/lua/lspconfig/configs/openscad_ls.lua , size = 1.115 KB
[10:15:38.560][info] [#0:script/workspace/loading.lua:100]: Preload file at: file:///home/nattz/.config/nvim/pack/nvim/start/nvim-lspconfig/lua/lspconfig/configs/flux_lsp.lua , size = 0.756 KB
[10:15:38.561][info] [#0:script/workspace/loading.lua:100]: Preload file at: file:///home/nattz/.config/nvim/pack/nvim/start/nvim-lspconfig/lua/lspconfig/configs/tflint.lua , size = 0.780 KB
[10:15:38.561][info] [#0:script/workspace/loading.lua:100]: Preload file at: file:///home/nattz/.config/nvim/pack/nvim/start/nvim-lspconfig/lua/lspconfig/configs/thriftls.lua , size = 0.713 KB
[10:15:38.562][info] [#0:script/workspace/loading.lua:100]: Preload file at: file:///home/nattz/.config/nvim/pack/nvim/start/nvim-lspconfig/lua/lspconfig/configs/fish_lsp.lua , size = 1.042 KB
[10:15:38.562][info] [#0:script/workspace/loading.lua:100]: Preload file at: file:///home/nattz/.config/nvim/pack/nvim/start/nvim-lspconfig/lua/lspconfig/configs/drools_lsp.lua , size = 2.905 KB
[10:15:38.563][info] [#0:script/workspace/loading.lua:100]: Preload file at: file:///home/nattz/.config/nvim/pack/nvim/start/nvim-lspconfig/lua/lspconfig/configs/nomad_lsp.lua , size = 1.300 KB
[10:15:38.564][info] [#0:script/workspace/loading.lua:100]: Preload file at: file:///home/nattz/.config/nvim/pack/nvim/start/nvim-lspconfig/lua/lspconfig/configs/bazelrc_lsp.lua , size = 0.896 KB
[10:15:38.564][info] [#0:script/workspace/loading.lua:100]: Preload file at: file:///home/nattz/.config/nvim/pack/nvim/start/nvim-lspconfig/lua/lspconfig/configs/perlls.lua , size = 1.152 KB
[10:15:38.565][info] [#0:script/workspace/loading.lua:100]: Preload file at: file:///home/nattz/.config/nvim/pack/nvim/start/nvim-lspconfig/lua/lspconfig/configs/djlsp.lua , size = 0.722 KB
[10:15:38.565][info] [#0:script/workspace/loading.lua:100]: Preload file at: file:///home/nattz/.config/nvim/pack/nvim/start/nvim-lspconfig/lua/lspconfig/configs/glsl_analyzer.lua , size = 0.756 KB
[10:15:38.565][info] [#0:script/workspace/loading.lua:100]: Preload file at: file:///home/nattz/.config/nvim/pack/nvim/start/nvim-lspconfig/lua/lspconfig/configs/contextive.lua , size = 1.079 KB
[10:15:38.566][info] [#0:script/workspace/loading.lua:100]: Preload file at: file:///home/nattz/.config/nvim/pack/nvim/start/nvim-lspconfig/lua/lspconfig/configs/veridian.lua , size = 1.001 KB
[10:15:38.566][info] [#0:script/workspace/loading.lua:100]: Preload file at: file:///home/nattz/.config/nvim/pack/nvim/start/nvim-lspconfig/lua/lspconfig/configs/phpactor.lua , size = 0.927 KB
[10:15:38.567][info] [#0:script/workspace/loading.lua:100]: Preload file at: file:///home/nattz/.config/nvim/pack/nvim/start/nvim-lspconfig/lua/lspconfig/configs/msbuild_project_tools_server.lua , size = 1.441 KB
[10:15:38.567][info] [#0:script/workspace/loading.lua:100]: Preload file at: file:///home/nattz/.config/nvim/pack/nvim/start/nvim-lspconfig/lua/lspconfig/configs/jedi_language_server.lua , size = 0.834 KB
[10:15:38.568][info] [#0:script/workspace/loading.lua:100]: Preload file at: file:///home/nattz/.config/nvim/pack/nvim/start/nvim-lspconfig/lua/lspconfig/configs/ltex_plus.lua , size = 2.247 KB
[10:15:38.568][info] [#0:script/workspace/loading.lua:100]: Preload file at: file:///home/nattz/.config/nvim/pack/nvim/start/nvim-lspconfig/lua/lspconfig/configs/poryscript_pls.lua , size = 0.770 KB
[10:15:38.569][info] [#0:script/workspace/loading.lua:100]: Preload file at: file:///home/nattz/.config/nvim/pack/nvim/start/nvim-lspconfig/lua/lspconfig/configs/vacuum.lua , size = 1.096 KB
[10:15:38.569][info] [#0:script/workspace/loading.lua:100]: Preload file at: file:///home/nattz/.config/nvim/pack/nvim/start/nvim-lspconfig/lua/lspconfig/configs/solidity.lua , size = 1.655 KB
[10:15:38.570][info] [#0:script/workspace/loading.lua:100]: Preload file at: file:///home/nattz/.config/nvim/pack/nvim/start/nvim-lspconfig/lua/lspconfig/configs/ts_ls.lua , size = 2.566 KB
[10:15:38.570][info] [#0:script/workspace/loading.lua:100]: Preload file at: file:///home/nattz/.config/nvim/pack/nvim/start/nvim-lspconfig/lua/lspconfig/configs/dhall_lsp_server.lua , size = 0.895 KB
[10:15:38.571][info] [#0:script/workspace/loading.lua:100]: Preload file at: file:///home/nattz/.config/nvim/pack/nvim/start/nvim-lspconfig/lua/lspconfig/configs/rubocop.lua , size = 0.593 KB
[10:15:38.571][info] [#0:script/workspace/loading.lua:100]: Preload file at: file:///home/nattz/.config/nvim/pack/nvim/start/nvim-lspconfig/lua/lspconfig/configs/clarity_lsp.lua , size = 0.918 KB
[10:15:38.571][info] [#0:script/workspace/loading.lua:100]: Preload file at: file:///home/nattz/.config/nvim/pack/nvim/start/nvim-lspconfig/lua/lspconfig/configs/templ.lua , size = 0.692 KB
[10:15:38.572][info] [#0:script/workspace/loading.lua:100]: Preload file at: file:///home/nattz/.config/nvim/pack/nvim/start/nvim-lspconfig/lua/lspconfig/configs/snakeskin_ls.lua , size = 0.690 KB
[10:15:38.572][info] [#0:script/workspace/loading.lua:100]: Preload file at: file:///home/nattz/.config/nvim/pack/nvim/start/nvim-lspconfig/lua/lspconfig/configs/cue.lua , size = 0.762 KB
[10:15:38.572][info] [#0:script/workspace/loading.lua:100]: Preload file at: file:///home/nattz/.config/nvim/pack/nvim/start/nvim-lspconfig/lua/lspconfig/configs/ruby_lsp.lua , size = 0.927 KB
[10:15:38.573][info] [#0:script/workspace/loading.lua:100]: Preload file at: file:///home/nattz/.config/nvim/pack/nvim/start/nvim-lspconfig/lua/lspconfig/configs/cds_lsp.lua , size = 0.845 KB
[10:15:38.573][info] [#0:script/workspace/loading.lua:100]: Preload file at: file:///home/nattz/.config/nvim/pack/nvim/start/nvim-lspconfig/lua/lspconfig/configs/bright_script.lua , size = 0.733 KB
[10:15:38.573][info] [#0:script/workspace/loading.lua:100]: Preload file at: file:///home/nattz/.config/nvim/pack/nvim/start/nvim-lspconfig/lua/lspconfig/configs/mint.lua , size = 0.849 KB
[10:15:38.574][info] [#0:script/workspace/loading.lua:100]: Preload file at: file:///home/nattz/.config/nvim/pack/nvim/start/nvim-lspconfig/lua/lspconfig/configs/lwc_ls.lua , size = 1.139 KB
[10:15:38.574][info] [#0:script/workspace/loading.lua:100]: Preload file at: file:///home/nattz/.config/nvim/pack/nvim/start/nvim-lspconfig/lua/lspconfig/configs/omnisharp.lua , size = 6.583 KB
[10:15:38.576][info] [#0:script/workspace/loading.lua:100]: Preload file at: file:///home/nattz/.config/nvim/pack/nvim/start/nvim-lspconfig/lua/lspconfig/configs/v_analyzer.lua , size = 0.728 KB
[10:15:38.576][info] [#0:script/workspace/loading.lua:100]: Preload file at: file:///home/nattz/.config/nvim/pack/nvim/start/nvim-lspconfig/lua/lspconfig/configs/scheme_langserver.lua , size = 0.892 KB
[10:15:38.576][info] [#0:script/workspace/loading.lua:100]: Preload file at: file:///home/nattz/.config/nvim/pack/nvim/start/nvim-lspconfig/lua/lspconfig/configs/statix.lua , size = 0.692 KB
[10:15:38.577][info] [#0:script/workspace/loading.lua:100]: Preload file at: file:///home/nattz/.config/nvim/pack/nvim/start/nvim-lspconfig/lua/lspconfig/configs/regols.lua , size = 0.845 KB
[10:15:38.577][info] [#0:script/workspace/loading.lua:100]: Preload file at: file:///home/nattz/.config/nvim/pack/nvim/start/nvim-lspconfig/lua/lspconfig/configs/bitbake_language_server.lua , size = 0.628 KB
[10:15:38.578][info] [#0:script/workspace/loading.lua:100]: Preload file at: file:///home/nattz/.config/nvim/pack/nvim/start/nvim-lspconfig/lua/lspconfig/configs/svls.lua , size = 0.744 KB
[10:15:38.578][info] [#0:script/workspace/loading.lua:100]: Preload file at: file:///home/nattz/.config/nvim/pack/nvim/start/nvim-lspconfig/lua/lspconfig/configs/rnix.lua , size = 0.925 KB
[10:15:38.578][info] [#0:script/workspace/loading.lua:100]: Preload file at: file:///home/nattz/.config/nvim/pack/nvim/start/nvim-lspconfig/lua/lspconfig/configs/pug.lua , size = 0.862 KB
[10:15:38.579][info] [#0:script/workspace/loading.lua:100]: Preload file at: file:///home/nattz/.config/nvim/pack/nvim/start/nvim-lspconfig/lua/lspconfig/configs/verible.lua , size = 0.938 KB
[10:15:38.579][info] [#0:script/workspace/loading.lua:100]: Preload file at: file:///home/nattz/.config/nvim/pack/nvim/start/nvim-lspconfig/lua/lspconfig/configs/r_language_server.lua , size = 0.950 KB
[10:15:38.580][info] [#0:script/workspace/loading.lua:100]: Preload file at: file:///home/nattz/.config/nvim/pack/nvim/start/nvim-lspconfig/lua/lspconfig/configs/pylsp.lua , size = 1.643 KB
[10:15:38.580][info] [#0:script/workspace/loading.lua:100]: Preload file at: file:///home/nattz/.config/nvim/pack/nvim/start/nvim-lspconfig/lua/lspconfig/configs/move_analyzer.lua , size = 1.062 KB
[10:15:38.581][info] [#0:script/workspace/loading.lua:100]: Preload file at: file:///home/nattz/.config/nvim/pack/nvim/start/nvim-lspconfig/lua/lspconfig/configs/tblgen_lsp_server.lua , size = 1.290 KB
[10:15:38.581][info] [#0:script/workspace/loading.lua:100]: Preload file at: file:///home/nattz/.config/nvim/pack/nvim/start/nvim-lspconfig/lua/lspconfig/configs/opencl_ls.lua , size = 0.887 KB
[10:15:38.582][info] [#0:script/workspace/loading.lua:100]: Preload file at: file:///home/nattz/.config/nvim/pack/nvim/start/nvim-lspconfig/lua/lspconfig/configs/antlersls.lua , size = 0.707 KB
[10:15:38.582][info] [#0:script/workspace/loading.lua:100]: Preload file at: file:///home/nattz/.config/nvim/pack/nvim/start/nvim-lspconfig/lua/lspconfig/configs/smarty_ls.lua , size = 1.136 KB
[10:15:38.583][info] [#0:script/workspace/loading.lua:100]: Preload file at: file:///home/nattz/.config/nvim/pack/nvim/start/nvim-lspconfig/lua/lspconfig/configs/clangd.lua , size = 3.697 KB
[10:15:38.584][info] [#0:script/workspace/loading.lua:100]: Preload file at: file:///home/nattz/.config/nvim/pack/nvim/start/nvim-lspconfig/lua/lspconfig/configs/postgres_lsp.lua , size = 0.753 KB
[10:15:38.585][info] [#0:script/workspace/loading.lua:100]: Preload file at: file:///home/nattz/.config/nvim/pack/nvim/start/nvim-lspconfig/lua/lspconfig/configs/tailwindcss.lua , size = 3.131 KB
[10:15:38.586][info] [#0:script/workspace/loading.lua:100]: Preload file at: file:///home/nattz/.config/nvim/pack/nvim/start/nvim-lspconfig/lua/lspconfig/configs/vscoqtop.lua , size = 0.734 KB
[10:15:38.586][info] [#0:script/workspace/loading.lua:100]: Preload file at: file:///home/nattz/.config/nvim/pack/nvim/start/nvim-lspconfig/lua/lspconfig/configs/hhvm.lua , size = 0.756 KB
[10:15:38.586][info] [#0:script/workspace/loading.lua:100]: Preload file at: file:///home/nattz/.config/nvim/pack/nvim/start/nvim-lspconfig/lua/lspconfig/configs/julials.lua , size = 5.299 KB
[10:15:38.588][info] [#0:script/workspace/loading.lua:100]: Preload file at: file:///home/nattz/.config/nvim/pack/nvim/start/nvim-lspconfig/lua/lspconfig/configs/ziggy_schema.lua , size = 0.752 KB
[10:15:38.589][info] [#0:script/workspace/loading.lua:100]: Preload file at: file:///home/nattz/.config/nvim/pack/nvim/start/nvim-lspconfig/lua/lspconfig/configs/lexical.lua , size = 1.061 KB
[10:15:38.589][info] [#0:script/workspace/loading.lua:100]: Preload file at: file:///home/nattz/.config/nvim/pack/nvim/start/nvim-lspconfig/lua/lspconfig/configs/reason_ls.lua , size = 0.721 KB
[10:15:38.589][info] [#0:script/workspace/loading.lua:100]: Preload file at: file:///home/nattz/.config/nvim/pack/nvim/start/nvim-lspconfig/lua/lspconfig/configs/mesonlsp.lua , size = 0.701 KB
[10:15:38.590][info] [#0:script/workspace/loading.lua:100]: Preload file at: file:///home/nattz/.config/nvim/pack/nvim/start/nvim-lspconfig/lua/lspconfig/configs/rune_languageserver.lua , size = 0.794 KB
[10:15:38.590][info] [#0:script/workspace/loading.lua:100]: Preload file at: file:///home/nattz/.config/nvim/pack/nvim/start/nvim-lspconfig/lua/lspconfig/configs/pylyzer.lua , size = 1.133 KB
[10:15:38.591][info] [#0:script/workspace/loading.lua:100]: Preload file at: file:///home/nattz/.config/nvim/pack/nvim/start/nvim-lspconfig/lua/lspconfig/configs/slint_lsp.lua , size = 0.949 KB
[10:15:38.591][info] [#0:script/workspace/loading.lua:100]: Preload file at: file:///home/nattz/.config/nvim/pack/nvim/start/nvim-lspconfig/lua/lspconfig/configs/htmx.lua , size = 1.627 KB
[10:15:38.592][info] [#0:script/workspace/loading.lua:100]: Preload file at: file:///home/nattz/.config/nvim/pack/nvim/start/nvim-lspconfig/lua/lspconfig/configs/mutt_ls.lua , size = 0.817 KB
[10:15:38.592][info] [#0:script/workspace/loading.lua:100]: Preload file at: file:///home/nattz/.config/nvim/pack/nvim/start/nvim-lspconfig/lua/lspconfig/configs/bashls.lua , size = 1.334 KB
[10:15:38.593][info] [#0:script/workspace/loading.lua:100]: Preload file at: file:///home/nattz/.config/nvim/pack/nvim/start/nvim-lspconfig/lua/lspconfig/configs/nginx_language_server.lua , size = 0.866 KB
[10:15:38.593][info] [#0:script/workspace/loading.lua:100]: Preload file at: file:///home/nattz/.config/nvim/pack/nvim/start/nvim-lspconfig/lua/lspconfig/configs/twiggy_language_server.lua , size = 0.741 KB
[10:15:38.593][info] [#0:script/workspace/loading.lua:100]: Preload file at: file:///home/nattz/.config/nvim/pack/nvim/start/nvim-lspconfig/lua/lspconfig/configs/fortls.lua , size = 1.171 KB
[10:15:38.594][info] [#0:script/workspace/loading.lua:100]: Preload file at: file:///home/nattz/.config/nvim/pack/nvim/start/nvim-lspconfig/lua/lspconfig/configs/teal_ls.lua , size = 1.030 KB
[10:15:38.594][info] [#0:script/workspace/loading.lua:100]: Preload file at: file:///home/nattz/.config/nvim/pack/nvim/start/nvim-lspconfig/lua/lspconfig/configs/autohotkey_lsp.lua , size = 1.910 KB
[10:15:38.595][info] [#0:script/workspace/loading.lua:100]: Preload file at: file:///home/nattz/.config/nvim/pack/nvim/start/nvim-lspconfig/lua/lspconfig/configs/lean3ls.lua , size = 1.632 KB
[10:15:38.596][info] [#0:script/workspace/loading.lua:100]: Preload file at: file:///home/nattz/.config/nvim/pack/nvim/start/nvim-lspconfig/lua/lspconfig/configs/quick_lint_js.lua , size = 0.782 KB
[10:15:38.596][info] [#0:script/workspace/loading.lua:100]: Preload file at: file:///home/nattz/.config/nvim/pack/nvim/start/nvim-lspconfig/lua/lspconfig/configs/alloy_ls.lua , size = 1.059 KB
[10:15:38.596][info] [#0:script/workspace/loading.lua:100]: Preload file at: file:///home/nattz/.config/nvim/pack/nvim/start/nvim-lspconfig/lua/lspconfig/configs/emmet_language_server.lua , size = 0.949 KB
[10:15:38.597][info] [#0:script/workspace/loading.lua:100]: Preload file at: file:///home/nattz/.config/nvim/pack/nvim/start/nvim-lspconfig/lua/lspconfig/configs/gdscript.lua , size = 0.761 KB
[10:15:38.597][info] [#0:script/workspace/loading.lua:100]: Preload file at: file:///home/nattz/.config/nvim/pack/nvim/start/nvim-lspconfig/lua/lspconfig/configs/vala_ls.lua , size = 1.229 KB
[10:15:38.598][info] [#0:script/workspace/loading.lua:100]: Preload file at: file:///home/nattz/.config/nvim/pack/nvim/start/nvim-lspconfig/lua/lspconfig/configs/debputy.lua , size = 0.682 KB
[10:15:38.598][info] [#0:script/workspace/loading.lua:100]: Preload file at: file:///home/nattz/.config/nvim/pack/nvim/start/nvim-lspconfig/lua/lspconfig/configs/ginko_ls.lua , size = 0.885 KB
[10:15:38.599][info] [#0:script/workspace/loading.lua:100]: Preload file at: file:///home/nattz/.config/nvim/pack/nvim/start/nvim-lspconfig/lua/lspconfig/configs/ecsact.lua , size = 0.779 KB
[10:15:38.599][info] [#0:script/workspace/loading.lua:100]: Preload file at: file:///home/nattz/.config/nvim/pack/nvim/start/nvim-lspconfig/lua/lspconfig/configs/solc.lua , size = 0.689 KB
[10:15:38.600][info] [#0:script/workspace/loading.lua:100]: Preload file at: file:///home/nattz/.config/nvim/pack/nvim/start/nvim-lspconfig/lua/lspconfig/configs/graphql.lua , size = 1.025 KB
[10:15:38.600][info] [#0:script/workspace/loading.lua:100]: Preload file at: file:///home/nattz/.config/nvim/pack/nvim/start/nvim-lspconfig/lua/lspconfig/configs/mojo.lua , size = 0.919 KB
[10:15:38.600][info] [#0:script/workspace/loading.lua:100]: Preload file at: file:///home/nattz/.config/nvim/pack/nvim/start/nvim-lspconfig/lua/lspconfig/configs/grammarly.lua , size = 1.157 KB
[10:15:38.601][info] [#0:script/workspace/loading.lua:100]: Preload file at: file:///home/nattz/.config/nvim/pack/nvim/start/nvim-lspconfig/lua/lspconfig/configs/pyright.lua , size = 2.253 KB
[10:15:38.602][info] [#0:script/workspace/loading.lua:100]: Preload file at: file:///home/nattz/.config/nvim/pack/nvim/start/nvim-lspconfig/lua/lspconfig/configs/css_variables.lua , size = 1.568 KB
[10:15:38.602][info] [#0:script/workspace/loading.lua:100]: Preload file at: file:///home/nattz/.config/nvim/pack/nvim/start/nvim-lspconfig/lua/lspconfig/configs/syntax_tree.lua , size = 0.962 KB
[10:15:38.603][info] [#0:script/workspace/loading.lua:100]: Preload file at: file:///home/nattz/.config/nvim/pack/nvim/start/nvim-lspconfig/lua/lspconfig/configs/crystalline.lua , size = 0.766 KB
[10:15:38.603][info] [#0:script/workspace/loading.lua:100]: Preload file at: file:///home/nattz/.config/nvim/pack/nvim/start/nvim-lspconfig/lua/lspconfig/configs/esbonio.lua , size = 1.816 KB
[10:15:38.604][info] [#0:script/workspace/loading.lua:100]: Preload file at: file:///home/nattz/.config/nvim/pack/nvim/start/nvim-lspconfig/lua/lspconfig/configs/autotools_ls.lua , size = 0.964 KB
[10:15:38.604][info] [#0:script/workspace/loading.lua:100]: Preload file at: file:///home/nattz/.config/nvim/pack/nvim/start/nvim-lspconfig/lua/lspconfig/configs/dolmenls.lua , size = 0.773 KB
[10:15:38.604][info] [#0:script/workspace/loading.lua:100]: Preload file at: file:///home/nattz/.config/nvim/pack/nvim/start/nvim-lspconfig/lua/lspconfig/configs/perlnavigator.lua , size = 1.243 KB
[10:15:38.605][info] [#0:script/workspace/loading.lua:100]: Preload file at: file:///home/nattz/.config/nvim/pack/nvim/start/nvim-lspconfig/lua/lspconfig/configs/relay_lsp.lua , size = 4.087 KB
[10:15:38.606][info] [#0:script/workspace/loading.lua:100]: Preload file at: file:///home/nattz/.config/nvim/pack/nvim/start/nvim-lspconfig/lua/lspconfig/configs/emmet_ls.lua , size = 0.945 KB
[10:15:38.607][info] [#0:script/workspace/loading.lua:100]: Preload file at: file:///home/nattz/.config/nvim/pack/nvim/start/nvim-lspconfig/lua/lspconfig/configs/markdown_oxide.lua , size = 1.401 KB
[10:15:38.607][info] [#0:script/workspace/loading.lua:100]: Preload file at: file:///home/nattz/.config/nvim/pack/nvim/start/nvim-lspconfig/lua/lspconfig/configs/foam_ls.lua , size = 0.861 KB
[10:15:38.608][info] [#0:script/workspace/loading.lua:100]: Preload file at: file:///home/nattz/.config/nvim/pack/nvim/start/nvim-lspconfig/lua/lspconfig/configs/ocamllsp.lua , size = 1.202 KB
[10:15:38.608][info] [#0:script/workspace/loading.lua:100]: Preload file at: file:///home/nattz/.config/nvim/pack/nvim/start/nvim-lspconfig/lua/lspconfig/configs/java_language_server.lua , size = 0.762 KB
[10:15:38.609][info] [#0:script/workspace/loading.lua:100]: Preload file at: file:///home/nattz/.config/nvim/pack/nvim/start/nvim-lspconfig/lua/lspconfig/configs/sqlls.lua , size = 0.852 KB
[10:15:38.609][info] [#0:script/workspace/loading.lua:100]: Preload file at: file:///home/nattz/.config/nvim/pack/nvim/start/nvim-lspconfig/lua/lspconfig/configs/unison.lua , size = 0.681 KB
[10:15:38.610][info] [#0:script/workspace/loading.lua:100]: Preload file at: file:///home/nattz/.config/nvim/pack/nvim/start/nvim-lspconfig/lua/lspconfig/configs/fsautocomplete.lua , size = 2.301 KB
[10:15:38.610][info] [#0:script/workspace/loading.lua:100]: Preload file at: file:///home/nattz/.config/nvim/pack/nvim/start/nvim-lspconfig/lua/lspconfig/configs/textlsp.lua , size = 1.800 KB
[10:15:38.611][info] [#0:script/workspace/loading.lua:100]: Preload file at: file:///home/nattz/.config/nvim/pack/nvim/start/nvim-lspconfig/lua/lspconfig/configs/eslint.lua , size = 5.939 KB
[10:15:38.613][info] [#0:script/workspace/loading.lua:100]: Preload file at: file:///home/nattz/.config/nvim/pack/nvim/start/nvim-lspconfig/lua/lspconfig/configs/vimls.lua , size = 1.176 KB
[10:15:38.613][info] [#0:script/workspace/loading.lua:100]: Preload file at: file:///home/nattz/.config/nvim/pack/nvim/start/nvim-lspconfig/lua/lspconfig/configs/ols.lua , size = 0.641 KB
[10:15:38.614][info] [#0:script/workspace/loading.lua:100]: Preload file at: file:///home/nattz/.config/nvim/pack/nvim/start/nvim-lspconfig/lua/lspconfig/configs/cairo_ls.lua , size = 1.060 KB
[10:15:38.614][info] [#0:script/workspace/loading.lua:100]: Preload file at: file:///home/nattz/.config/nvim/pack/nvim/start/nvim-lspconfig/lua/lspconfig/configs/superhtml.lua , size = 1.029 KB
[10:15:38.615][info] [#0:script/workspace/loading.lua:100]: Preload file at: file:///home/nattz/.config/nvim/pack/nvim/start/nvim-lspconfig/lua/lspconfig/configs/denols.lua , size = 3.382 KB
[10:15:38.616][info] [#0:script/workspace/loading.lua:100]: Preload file at: file:///home/nattz/.config/nvim/pack/nvim/start/nvim-lspconfig/lua/lspconfig/configs/solidity_ls.lua , size = 1.080 KB
[10:15:38.617][info] [#0:script/workspace/loading.lua:100]: Preload file at: file:///home/nattz/.config/nvim/pack/nvim/start/nvim-lspconfig/lua/lspconfig/configs/efm.lua , size = 1.725 KB
[10:15:38.618][info] [#0:script/workspace/loading.lua:100]: Preload file at: file:///home/nattz/.config/nvim/pack/nvim/start/nvim-lspconfig/lua/lspconfig/configs/marko-js.lua , size = 0.826 KB
[10:15:38.618][info] [#0:script/workspace/loading.lua:100]: Preload file at: file:///home/nattz/.config/nvim/pack/nvim/start/nvim-lspconfig/lua/lspconfig/configs/starlark_rust.lua , size = 0.931 KB
[10:15:38.618][info] [#0:script/workspace/loading.lua:100]: Preload file at: file:///home/nattz/.config/nvim/pack/nvim/start/nvim-lspconfig/lua/lspconfig/configs/glasgow.lua , size = 1.184 KB
[10:15:38.619][info] [#0:script/workspace/loading.lua:100]: Preload file at: file:///home/nattz/.config/nvim/pack/nvim/start/nvim-lspconfig/lua/lspconfig/configs/nim_langserver.lua , size = 0.847 KB
[10:15:38.619][info] [#0:script/workspace/loading.lua:100]: Preload file at: file:///home/nattz/.config/nvim/pack/nvim/start/nvim-lspconfig/lua/lspconfig/configs/biome.lua , size = 1.144 KB
[10:15:38.620][info] [#0:script/workspace/loading.lua:100]: Preload file at: file:///home/nattz/.config/nvim/pack/nvim/start/nvim-lspconfig/lua/lspconfig/configs/dprint.lua , size = 0.954 KB
[10:15:38.621][info] [#0:script/workspace/loading.lua:100]: Preload file at: file:///home/nattz/.config/nvim/pack/nvim/start/nvim-lspconfig/lua/lspconfig/configs/beancount.lua , size = 0.839 KB
[10:15:38.621][info] [#0:script/workspace/loading.lua:100]: Preload file at: file:///home/nattz/.config/nvim/pack/nvim/start/nvim-lspconfig/lua/lspconfig/configs/arduino_language_server.lua , size = 2.785 KB
[10:15:38.622][info] [#0:script/workspace/loading.lua:100]: Preload file at: file:///home/nattz/.config/nvim/pack/nvim/start/nvim-lspconfig/lua/lspconfig/configs/steep.lua , size = 0.712 KB
[10:15:38.622][info] [#0:script/workspace/loading.lua:100]: Preload file at: file:///home/nattz/.config/nvim/pack/nvim/start/nvim-lspconfig/lua/lspconfig/configs/cmake.lua , size = 0.815 KB
[10:15:38.623][info] [#0:script/workspace/loading.lua:100]: Preload file at: file:///home/nattz/.config/nvim/pack/nvim/start/nvim-lspconfig/lua/lspconfig/configs/prismals.lua , size = 0.815 KB
[10:15:38.623][info] [#0:script/workspace/loading.lua:100]: Preload file at: file:///home/nattz/.config/nvim/pack/nvim/start/nvim-lspconfig/lua/lspconfig/configs/typst_lsp.lua , size = 0.680 KB
[10:15:38.624][info] [#0:script/workspace/loading.lua:100]: Preload file at: file:///home/nattz/.config/nvim/pack/nvim/start/nvim-lspconfig/lua/lspconfig/configs/fsharp_language_server.lua , size = 1.286 KB
[10:15:38.624][info] [#0:script/workspace/loading.lua:100]: Preload file at: file:///home/nattz/.config/nvim/pack/nvim/start/nvim-lspconfig/lua/lspconfig/configs/nixd.lua , size = 0.930 KB
[10:15:38.625][info] [#0:script/workspace/loading.lua:100]: Preload file at: file:///home/nattz/.config/nvim/pack/nvim/start/nvim-lspconfig/lua/lspconfig/configs/elixirls.lua , size = 1.954 KB
[10:15:38.625][info] [#0:script/workspace/loading.lua:100]: Preload file at: file:///home/nattz/.config/nvim/pack/nvim/start/nvim-lspconfig/lua/lspconfig/configs/gradle_ls.lua , size = 1.133 KB
[10:15:38.626][info] [#0:script/workspace/loading.lua:100]: Preload file at: file:///home/nattz/.config/nvim/pack/nvim/start/nvim-lspconfig/lua/lspconfig/configs/yang_lsp.lua , size = 0.681 KB
[10:15:38.626][info] [#0:script/workspace/loading.lua:100]: Preload file at: file:///home/nattz/.config/nvim/pack/nvim/start/nvim-lspconfig/lua/lspconfig/configs/dafny.lua , size = 0.980 KB
[10:15:38.627][info] [#0:script/workspace/loading.lua:100]: Preload file at: file:///home/nattz/.config/nvim/pack/nvim/start/nvim-lspconfig/lua/lspconfig/configs/ada_ls.lua , size = 1.179 KB
[10:15:38.627][info] [#0:script/workspace/loading.lua:100]: Preload file at: file:///home/nattz/.config/nvim/pack/nvim/start/nvim-lspconfig/lua/lspconfig/configs/jsonnet_ls.lua , size = 1.388 KB
[10:15:38.628][info] [#0:script/workspace/loading.lua:100]: Preload file at: file:///home/nattz/.config/nvim/pack/nvim/start/nvim-lspconfig/lua/lspconfig/configs/elp.lua , size = 0.759 KB
[10:15:38.628][info] [#0:script/workspace/loading.lua:100]: Preload file at: file:///home/nattz/.config/nvim/pack/nvim/start/nvim-lspconfig/lua/lspconfig/configs/pyre.lua , size = 0.811 KB
[10:15:38.629][info] [#0:script/workspace/loading.lua:100]: Preload file at: file:///home/nattz/.config/nvim/pack/nvim/start/nvim-lspconfig/lua/lspconfig/configs/robotframework_ls.lua , size = 0.830 KB
[10:15:38.629][info] [#0:script/workspace/loading.lua:100]: Preload file at: file:///home/nattz/.config/nvim/pack/nvim/start/nvim-lspconfig/lua/lspconfig/configs/standardrb.lua , size = 0.653 KB
[10:15:38.630][info] [#0:script/workspace/loading.lua:100]: Preload file at: file:///home/nattz/.config/nvim/pack/nvim/start/nvim-lspconfig/lua/lspconfig/configs/prosemd_lsp.lua , size = 0.805 KB
[10:15:38.630][info] [#0:script/workspace/loading.lua:100]: Preload file at: file:///home/nattz/.config/nvim/pack/nvim/start/nvim-lspconfig/lua/lspconfig/configs/please.lua , size = 0.774 KB
[10:15:38.630][info] [#0:script/workspace/loading.lua:100]: Preload file at: file:///home/nattz/.config/nvim/pack/nvim/start/nvim-lspconfig/lua/lspconfig/configs/c3_lsp.lua , size = 0.678 KB
[10:15:38.631][info] [#0:script/workspace/loading.lua:100]: Preload file at: file:///home/nattz/.config/nvim/pack/nvim/start/nvim-lspconfig/lua/lspconfig/configs/fennel_language_server.lua , size = 0.740 KB
[10:15:38.631][info] [#0:script/workspace/loading.lua:100]: Preload file at: file:///home/nattz/.config/nvim/pack/nvim/start/nvim-lspconfig/lua/lspconfig/configs/ziggy.lua , size = 0.718 KB
[10:15:38.632][info] [#0:script/workspace/loading.lua:100]: Preload file at: file:///home/nattz/.config/nvim/pack/nvim/start/nvim-lspconfig/lua/lspconfig/configs/laravel_ls.lua , size = 0.718 KB
[10:15:38.632][info] [#0:script/workspace/loading.lua:100]: Preload file at: file:///home/nattz/.config/nvim/pack/nvim/start/nvim-lspconfig/lua/lspconfig/configs/visualforce_ls.lua , size = 1.186 KB
[10:15:38.633][info] [#0:script/workspace/loading.lua:100]: Preload file at: file:///home/nattz/.config/nvim/pack/nvim/start/nvim-lspconfig/lua/lspconfig/configs/nelua_lsp.lua , size = 1.426 KB
[10:15:38.633][info] [#0:script/workspace/loading.lua:100]: Preload file at: file:///home/nattz/.config/nvim/pack/nvim/start/nvim-lspconfig/lua/lspconfig/configs/texlab.lua , size = 7.394 KB
[10:15:38.637][info] [#0:script/workspace/loading.lua:100]: Preload file at: file:///home/nattz/.config/nvim/pack/nvim/start/nvim-lspconfig/lua/lspconfig/configs/lelwel_ls.lua , size = 0.735 KB
[10:15:38.637][info] [#0:script/workspace/loading.lua:100]: Preload file at: file:///home/nattz/.config/nvim/pack/nvim/start/nvim-lspconfig/lua/lspconfig/configs/sourcekit.lua , size = 1.489 KB
[10:15:38.638][info] [#0:script/workspace/loading.lua:100]: Preload file at: file:///home/nattz/.config/nvim/pack/nvim/start/nvim-lspconfig/lua/lspconfig/configs/nextls.lua , size = 0.924 KB
[10:15:38.638][info] [#0:script/workspace/loading.lua:100]: Preload file at: file:///home/nattz/.config/nvim/pack/nvim/start/nvim-lspconfig/lua/lspconfig/configs/aiken.lua , size = 0.759 KB
[10:15:38.639][info] [#0:script/workspace/loading.lua:100]: Preload file at: file:///home/nattz/.config/nvim/pack/nvim/start/nvim-lspconfig/lua/lspconfig/configs/mm0_ls.lua , size = 0.827 KB
[10:15:38.639][info] [#0:script/workspace/loading.lua:100]: Preload file at: file:///home/nattz/.config/nvim/pack/nvim/start/nvim-lspconfig/lua/lspconfig/configs/dartls.lua , size = 0.982 KB
[10:15:38.640][info] [#0:script/workspace/loading.lua:100]: Preload file at: file:///home/nattz/.config/nvim/pack/nvim/start/nvim-lspconfig/lua/lspconfig/configs/marksman.lua , size = 1.147 KB
[10:15:38.640][info] [#0:script/workspace/loading.lua:100]: Preload file at: file:///home/nattz/.config/nvim/pack/nvim/start/nvim-lspconfig/lua/lspconfig/configs/vhdl_ls.lua , size = 1.435 KB
[10:15:38.641][info] [#0:script/workspace/loading.lua:100]: Preload file at: file:///home/nattz/.config/nvim/pack/nvim/start/nvim-lspconfig/lua/lspconfig/configs/pkgbuild_language_server.lua , size = 0.706 KB
[10:15:38.641][info] [#0:script/workspace/loading.lua:100]: Preload file at: file:///home/nattz/.config/nvim/pack/nvim/start/nvim-lspconfig/lua/lspconfig/configs/protols.lua , size = 0.803 KB
[10:15:38.642][info] [#0:script/workspace/loading.lua:100]: Preload file at: file:///home/nattz/.config/nvim/pack/nvim/start/nvim-lspconfig/lua/lspconfig/configs/uiua.lua , size = 0.827 KB
[10:15:38.642][info] [#0:script/workspace/loading.lua:100]: Preload file at: file:///home/nattz/.config/nvim/pack/nvim/start/nvim-lspconfig/lua/lspconfig/configs/jqls.lua , size = 1.014 KB
[10:15:38.643][info] [#0:script/workspace/loading.lua:100]: Preload file at: file:///home/nattz/.config/nvim/pack/nvim/start/nvim-lspconfig/lua/lspconfig/configs/vdmj.lua , size = 4.028 KB
[10:15:38.645][info] [#0:script/workspace/loading.lua:100]: Preload file at: file:///home/nattz/.config/nvim/pack/nvim/start/nvim-lspconfig/lua/lspconfig/configs/dotls.lua , size = 0.773 KB
[10:15:38.645][info] [#0:script/workspace/loading.lua:100]: Preload file at: file:///home/nattz/.config/nvim/pack/nvim/start/nvim-lspconfig/lua/lspconfig/configs/glslls.lua , size = 1.066 KB
[10:15:38.646][info] [#0:script/workspace/loading.lua:100]: Preload file at: file:///home/nattz/.config/nvim/pack/nvim/start/nvim-lspconfig/lua/lspconfig/configs/powershell_es.lua , size = 2.589 KB
[10:15:38.646][info] [#0:script/workspace/loading.lua:100]: Preload file at: file:///home/nattz/.config/nvim/pack/nvim/start/nvim-lspconfig/lua/lspconfig/configs/astro.lua , size = 1.088 KB
[10:15:38.647][info] [#0:script/workspace/loading.lua:100]: Preload file at: file:///home/nattz/.config/nvim/pack/nvim/start/nvim-lspconfig/lua/lspconfig/configs/bsl_ls.lua , size = 0.714 KB
[10:15:38.647][info] [#0:script/workspace/loading.lua:100]: Preload file at: file:///home/nattz/.config/nvim/pack/nvim/start/nvim-lspconfig/lua/lspconfig/configs/haxe_language_server.lua , size = 1.996 KB
[10:15:38.648][info] [#0:script/workspace/loading.lua:100]: Preload file at: file:///home/nattz/.config/nvim/pack/nvim/start/nvim-lspconfig/lua/lspconfig/configs/salt_ls.lua , size = 0.779 KB
[10:15:38.649][info] [#0:script/workspace/loading.lua:100]: Preload file at: file:///home/nattz/.config/nvim/pack/nvim/start/nvim-lspconfig/lua/lspconfig/configs/spectral.lua , size = 1.186 KB
[10:15:38.649][info] [#0:script/workspace/loading.lua:100]: Preload file at: file:///home/nattz/.config/nvim/pack/nvim/start/nvim-lspconfig/lua/lspconfig/configs/rpmspec.lua , size = 0.857 KB
[10:15:38.649][info] [#0:script/workspace/loading.lua:100]: Preload file at: file:///home/nattz/.config/nvim/pack/nvim/start/nvim-lspconfig/lua/lspconfig/configs/starpls.lua , size = 0.726 KB
[10:15:38.650][info] [#0:script/workspace/loading.lua:100]: Preload file at: file:///home/nattz/.config/nvim/pack/nvim/start/nvim-lspconfig/lua/lspconfig/configs/jinja_lsp.lua , size = 1.057 KB
[10:15:38.650][info] [#0:script/workspace/loading.lua:100]: Preload file at: file:///home/nattz/.config/nvim/pack/nvim/start/nvim-lspconfig/lua/lspconfig/configs/ds_pinyin_lsp.lua , size = 2.654 KB
[10:15:38.651][info] [#0:script/workspace/loading.lua:100]: Preload file at: file:///home/nattz/.config/nvim/pack/nvim/start/nvim-lspconfig/lua/lspconfig/configs/robotcode.lua , size = 1.018 KB
[10:15:38.652][info] [#0:script/workspace/loading.lua:100]: Preload file at: file:///home/nattz/.config/nvim/pack/nvim/start/nvim-lspconfig/lua/lspconfig/configs/openscad_lsp.lua , size = 0.815 KB
[10:15:38.652][info] [#0:script/workspace/loading.lua:100]: Preload file at: file:///home/nattz/.config/nvim/pack/nvim/start/nvim-lspconfig/lua/lspconfig/configs/angularls.lua , size = 3.303 KB
[10:15:38.654][info] [#0:script/workspace/loading.lua:100]: Preload file at: file:///home/nattz/.config/nvim/pack/nvim/start/nvim-lspconfig/lua/lspconfig/configs/ts_query_ls.lua , size = 1.354 KB
[10:15:38.654][info] [#0:script/workspace/loading.lua:100]: Preload file at: file:///home/nattz/.config/nvim/pack/nvim/start/nvim-lspconfig/lua/lspconfig/configs/phan.lua , size = 1.014 KB
[10:15:38.655][info] [#0:script/workspace/loading.lua:100]: Preload file at: file:///home/nattz/.config/nvim/pack/nvim/start/nvim-lspconfig/lua/lspconfig/configs/solargraph.lua , size = 0.837 KB
[10:15:38.655][info] [#0:script/workspace/loading.lua:100]: Preload file at: file:///home/nattz/.config/nvim/pack/nvim/start/nvim-lspconfig/lua/lspconfig/configs/theme_check.lua , size = 0.979 KB
[10:15:38.655][info] [#0:script/workspace/loading.lua:100]: Preload file at: file:///home/nattz/.config/nvim/pack/nvim/start/nvim-lspconfig/lua/lspconfig/configs/stimulus_ls.lua , size = 0.818 KB
[10:15:38.656][info] [#0:script/workspace/loading.lua:100]: Preload file at: file:///home/nattz/.config/nvim/pack/nvim/start/nvim-lspconfig/lua/lspconfig/configs/tsp_server.lua , size = 0.814 KB
[10:15:38.656][info] [#0:script/workspace/loading.lua:100]: Preload file at: file:///home/nattz/.config/nvim/pack/nvim/start/nvim-lspconfig/lua/lspconfig/configs/qmlls.lua , size = 0.871 KB
[10:15:38.657][info] [#0:script/workspace/loading.lua:100]: Preload file at: file:///home/nattz/.config/nvim/pack/nvim/start/nvim-lspconfig/lua/lspconfig/configs/dts_lsp.lua , size = 1.042 KB
[10:15:38.657][info] [#0:script/workspace/loading.lua:100]: Preload file at: file:///home/nattz/.config/nvim/pack/nvim/start/nvim-lspconfig/lua/lspconfig/configs/typeprof.lua , size = 0.675 KB
[10:15:38.658][info] [#0:script/workspace/loading.lua:100]: Preload file at: file:///home/nattz/.config/nvim/pack/nvim/start/nvim-lspconfig/lua/lspconfig/configs/kcl.lua , size = 0.645 KB
[10:15:38.658][info] [#0:script/workspace/loading.lua:100]: Preload file at: file:///home/nattz/.config/nvim/pack/nvim/start/nvim-lspconfig/lua/lspconfig/configs/sqls.lua , size = 0.937 KB
[10:15:38.659][info] [#0:script/workspace/loading.lua:100]: Preload file at: file:///home/nattz/.config/nvim/pack/nvim/start/nvim-lspconfig/lua/lspconfig/configs/cypher_ls.lua , size = 0.988 KB
[10:15:38.659][info] [#0:script/workspace/loading.lua:100]: Preload file at: file:///home/nattz/.config/nvim/pack/nvim/start/nvim-lspconfig/lua/lspconfig/configs/gh_actions_ls.lua , size = 2.029 KB
[10:15:38.660][info] [#0:script/workspace/loading.lua:100]: Preload file at: file:///home/nattz/.config/nvim/pack/nvim/start/nvim-lspconfig/lua/lspconfig/configs/hyprls.lua , size = 0.769 KB
[10:15:38.660][info] [#0:script/workspace/loading.lua:100]: Preload file at: file:///home/nattz/.config/nvim/pack/nvim/start/nvim-lspconfig/lua/lspconfig/configs/spyglassmc_language_server.lua , size = 1.084 KB
[10:15:38.661][info] [#0:script/workspace/loading.lua:100]: Preload file at: file:///home/nattz/.config/nvim/pack/nvim/start/nvim-lspconfig/lua/lspconfig/configs/buck2.lua , size = 0.805 KB
[10:15:38.661][info] [#0:script/workspace/loading.lua:100]: Preload file at: file:///home/nattz/.config/nvim/pack/nvim/start/nvim-lspconfig/lua/lspconfig/configs/coq_lsp.lua , size = 0.732 KB
[10:15:38.662][info] [#0:script/workspace/loading.lua:100]: Preload file at: file:///home/nattz/.config/nvim/pack/nvim/start/nvim-lspconfig/lua/lspconfig/configs/motoko_lsp.lua , size = 0.743 KB
[10:15:38.662][info] [#0:script/workspace/loading.lua:100]: Preload file at: file:///home/nattz/.config/nvim/pack/nvim/start/nvim-lspconfig/lua/lspconfig/configs/systemd_ls.lua , size = 0.815 KB
[10:15:38.663][info] [#0:script/workspace/loading.lua:100]: Preload file at: file:///home/nattz/.config/nvim/pack/nvim/start/nvim-lspconfig/lua/lspconfig/configs/mdx_analyzer.lua , size = 1.036 KB
[10:15:38.663][info] [#0:script/workspace/loading.lua:100]: Preload file at: file:///home/nattz/.config/nvim/pack/nvim/start/nvim-lspconfig/lua/lspconfig/configs/hlasm.lua , size = 0.868 KB
[10:15:38.663][info] [#0:script/workspace/loading.lua:100]: Preload file at: file:///home/nattz/.config/nvim/pack/nvim/start/nvim-lspconfig/lua/lspconfig/configs/turtle_ls.lua , size = 1.626 KB
[10:15:38.664][info] [#0:script/workspace/loading.lua:100]: Preload file at: file:///home/nattz/.config/nvim/pack/nvim/start/nvim-lspconfig/lua/lspconfig/configs/smithy_ls.lua , size = 0.863 KB
[10:15:38.665][info] [#0:script/workspace/loading.lua:100]: Preload file at: file:///home/nattz/.config/nvim/pack/nvim/start/nvim-lspconfig/lua/lspconfig/configs/ember.lua , size = 0.824 KB
[10:15:38.665][info] [#0:script/workspace/loading.lua:100]: Preload file at: file:///home/nattz/.config/nvim/pack/nvim/start/nvim-lspconfig/lua/lspconfig/configs/apex_ls.lua , size = 1.850 KB
[10:15:38.666][info] [#0:script/workspace/loading.lua:100]: Preload file at: file:///home/nattz/.config/nvim/pack/nvim/start/nvim-lspconfig/lua/lspconfig/configs/basedpyright.lua , size = 2.299 KB
[10:15:38.667][info] [#0:script/workspace/loading.lua:100]: Preload file at: file:///home/nattz/.config/nvim/pack/nvim/start/nvim-lspconfig/lua/lspconfig/configs/pest_ls.lua , size = 0.702 KB
[10:15:38.667][info] [#0:script/workspace/loading.lua:100]: Preload file at: file:///home/nattz/.config/nvim/pack/nvim/start/nvim-lspconfig/lua/lspconfig/configs/azure_pipelines_ls.lua , size = 1.571 KB
[10:15:38.668][info] [#0:script/workspace/loading.lua:100]: Preload file at: file:///home/nattz/.config/nvim/pack/nvim/start/nvim-lspconfig/lua/lspconfig/configs/hdl_checker.lua , size = 0.768 KB
[10:15:38.668][info] [#0:script/workspace/loading.lua:100]: Preload file at: file:///home/nattz/.config/nvim/pack/nvim/start/nvim-lspconfig/lua/lspconfig/configs/serve_d.lua , size = 0.794 KB
[10:15:38.669][info] [#0:script/workspace/loading.lua:100]: Preload file at: file:///home/nattz/.config/nvim/pack/nvim/start/nvim-lspconfig/lua/lspconfig/configs/racket_langserver.lua , size = 1.000 KB
[10:15:38.669][info] [#0:script/workspace/loading.lua:100]: Preload file at: file:///home/nattz/.config/nvim/pack/nvim/start/nvim-lspconfig/lua/lspconfig/configs/pact_ls.lua , size = 0.677 KB
[10:15:38.670][info] [#0:script/workspace/loading.lua:100]: Preload file at: file:///home/nattz/.config/nvim/pack/nvim/start/nvim-lspconfig/lua/lspconfig/configs/terraform_lsp.lua , size = 1.658 KB
[10:15:38.670][info] [#0:script/workspace/loading.lua:100]: Preload file at: file:///home/nattz/.config/nvim/pack/nvim/start/nvim-lspconfig/lua/lspconfig/configs/neocmake.lua , size = 1.246 KB
[10:15:38.671][info] [#0:script/workspace/loading.lua:100]: Preload file at: file:///home/nattz/.config/nvim/pack/nvim/start/nvim-lspconfig/lua/lspconfig/configs/cssls.lua , size = 1.524 KB
[10:15:38.671][info] [#0:script/workspace/loading.lua:100]: Preload file at: file:///home/nattz/.config/nvim/pack/nvim/start/nvim-lspconfig/lua/lspconfig/configs/erlangls.lua , size = 1.049 KB
[10:15:38.672][info] [#0:script/workspace/loading.lua:100]: Preload file at: file:///home/nattz/.config/nvim/pack/nvim/start/nvim-lspconfig/lua/lspconfig/configs/diagnosticls.lua , size = 0.873 KB
[10:15:38.673][info] [#0:script/workspace/loading.lua:100]: Preload file at: file:///home/nattz/.config/nvim/pack/nvim/start/nvim-lspconfig/lua/lspconfig/configs/idris2_lsp.lua , size = 1.919 KB
[10:15:38.673][info] [#0:script/workspace/loading.lua:100]: Preload file at: file:///home/nattz/.config/nvim/pack/nvim/start/nvim-lspconfig/lua/lspconfig/configs/flow.lua , size = 0.802 KB
[10:15:38.674][info] [#0:script/workspace/loading.lua:100]: Preload file at: file:///home/nattz/.config/nvim/pack/nvim/start/nvim-lspconfig/lua/lspconfig/configs/leanls.lua , size = 1.794 KB
[10:15:38.675][info] [#0:script/workspace/loading.lua:100]: Preload file at: file:///home/nattz/.config/nvim/pack/nvim/start/nvim-lspconfig/lua/lspconfig/configs/oxlint.lua , size = 1.365 KB
[10:15:38.675][info] [#0:script/workspace/loading.lua:100]: Preload file at: file:///home/nattz/.config/nvim/pack/nvim/start/nvim-lspconfig/lua/lspconfig/configs/earthlyls.lua , size = 0.619 KB
[10:15:38.676][info] [#0:script/workspace/loading.lua:100]: Preload file at: file:///home/nattz/.config/nvim/pack/nvim/start/nvim-lspconfig/lua/lspconfig/configs/turbo_ls.lua , size = 0.778 KB
[10:15:38.676][info] [#0:script/workspace/loading.lua:100]: Preload file at: file:///home/nattz/.config/nvim/pack/nvim/start/nvim-lspconfig/lua/lspconfig/configs/regal.lua , size = 0.896 KB
[10:15:38.677][info] [#0:script/workspace/loading.lua:100]: Preload file at: file:///home/nattz/.config/nvim/pack/nvim/start/nvim-lspconfig/lua/lspconfig/configs/solang.lua , size = 0.962 KB
[10:15:38.677][info] [#0:script/workspace/loading.lua:100]: Preload file at: file:///home/nattz/.config/nvim/pack/nvim/start/nvim-lspconfig/lua/lspconfig/configs/pbls.lua , size = 0.762 KB
[10:15:38.677][info] [#0:script/workspace/loading.lua:100]: Preload file at: file:///home/nattz/.config/nvim/pack/nvim/start/nvim-lspconfig/lua/lspconfig/configs/rls.lua , size = 1.143 KB
[10:15:38.678][info] [#0:script/workspace/loading.lua:100]: Preload file at: file:///home/nattz/.config/nvim/pack/nvim/start/nvim-lspconfig/lua/lspconfig/configs/tinymist.lua , size = 3.747 KB
[10:15:38.680][info] [#0:script/workspace/loading.lua:100]: Preload file at: file:///home/nattz/.config/nvim/pack/nvim/start/nvim-lspconfig/lua/lspconfig/configs/wgsl_analyzer.lua , size = 0.739 KB
[10:15:38.680][info] [#0:script/workspace/loading.lua:100]: Preload file at: file:///home/nattz/.config/nvim/pack/nvim/start/nvim-lspconfig/lua/lspconfig/configs/circom-lsp.lua , size = 0.740 KB
[10:15:38.680][info] [#0:script/workspace/loading.lua:100]: Preload file at: file:///home/nattz/.config/nvim/pack/nvim/start/nvim-lspconfig/lua/lspconfig/configs/lua_ls.lua , size = 2.710 KB
[10:15:38.681][info] [#0:script/workspace/loading.lua:100]: Preload file at: file:///home/nattz/.config/nvim/pack/nvim/start/nvim-lspconfig/lua/lspconfig/configs/glint.lua , size = 1.625 KB
[10:15:38.682][info] [#0:script/workspace/loading.lua:100]: Preload file at: file:///home/nattz/.config/nvim/pack/nvim/start/nvim-lspconfig/lua/lspconfig/configs/html.lua , size = 1.603 KB
[10:15:38.682][info] [#0:script/workspace/loading.lua:100]: Preload file at: file:///home/nattz/.config/nvim/pack/nvim/start/nvim-lspconfig/lua/lspconfig/configs/bufls.lua , size = 0.860 KB
[10:15:38.683][info] [#0:script/workspace/loading.lua:100]: Preload file at: file:///home/nattz/.config/nvim/pack/nvim/start/nvim-lspconfig/lua/lspconfig/configs/ruff_lsp.lua , size = 1.175 KB
[10:15:38.683][info] [#0:script/workspace/loading.lua:100]: Preload file at: file:///home/nattz/.config/nvim/pack/nvim/start/nvim-lspconfig/lua/lspconfig/configs/pico8_ls.lua , size = 0.649 KB
[10:15:38.684][info] [#0:script/workspace/loading.lua:100]: Preload file at: file:///home/nattz/.config/nvim/pack/nvim/start/nvim-lspconfig/lua/lspconfig/configs/gitlab_ci_ls.lua , size = 0.874 KB
[10:15:38.684][info] [#0:script/workspace/loading.lua:100]: Preload file at: file:///home/nattz/.config/nvim/pack/nvim/start/nvim-lspconfig/lua/lspconfig/configs/fstar.lua , size = 0.696 KB
[10:15:38.685][info] [#0:script/workspace/loading.lua:100]: Preload file at: file:///home/nattz/.config/nvim/pack/nvim/start/nvim-lspconfig/lua/lspconfig/configs/bitbake_ls.lua , size = 0.901 KB
[10:15:38.685][info] [#0:script/workspace/loading.lua:100]: Preload file at: file:///home/nattz/.config/nvim/pack/nvim/start/nvim-lspconfig/lua/lspconfig/configs/shopify_theme_ls.lua , size = 1.068 KB
[10:15:38.686][info] [#0:script/workspace/loading.lua:100]: Preload file at: file:///home/nattz/.config/nvim/pack/nvim/start/nvim-lspconfig/lua/lspconfig/configs/agda_ls.lua , size = 0.646 KB
[10:15:38.686][info] [#0:script/workspace/loading.lua:100]: Preload file at: file:///home/nattz/.config/nvim/pack/nvim/start/nvim-lspconfig/lua/lspconfig/configs/terraformls.lua , size = 2.094 KB
[10:15:38.687][info] [#0:script/workspace/loading.lua:100]: Preload file at: file:///home/nattz/.config/nvim/pack/nvim/start/nvim-lspconfig/lua/lspconfig/configs/asm_lsp.lua , size = 0.777 KB
[10:15:38.687][info] [#0:script/workspace/loading.lua:100]: Preload file at: file:///home/nattz/.config/nvim/pack/nvim/start/nvim-lspconfig/lua/lspconfig/configs/luau_lsp.lua , size = 0.981 KB
[10:15:38.688][info] [#0:script/workspace/loading.lua:100]: Preload file at: file:///home/nattz/.config/nvim/pack/nvim/start/nvim-lspconfig/lua/lspconfig/configs/uvls.lua , size = 0.982 KB
[10:15:38.688][info] [#0:script/workspace/loading.lua:100]: Preload file at: file:///home/nattz/.config/nvim/pack/nvim/start/nvim-lspconfig/lua/lspconfig/configs/helm_ls.lua , size = 1.100 KB
[10:15:38.688][info] [#0:script/workspace/loading.lua:100]: Preload file at: file:///home/nattz/.config/nvim/pack/nvim/start/nvim-lspconfig/lua/lspconfig/configs/futhark_lsp.lua , size = 0.784 KB
[10:15:38.689][info] [#0:script/workspace/loading.lua:100]: Preload file at: file:///home/nattz/.config/nvim/pack/nvim/start/nvim-lspconfig/lua/lspconfig/configs/tvm_ffi_navigator.lua , size = 0.879 KB
[10:15:38.689][info] [#0:script/workspace/loading.lua:100]: Preload file at: file:///home/nattz/.config/nvim/pack/nvim/start/nvim-lspconfig/lua/lspconfig/configs/wasm_language_tools.lua , size = 0.735 KB
[10:15:38.690][info] [#0:script/workspace/loading.lua:100]: Preload file at: file:///home/nattz/.config/nvim/pack/nvim/start/nvim-lspconfig/lua/lspconfig/configs/atlas.lua , size = 2.503 KB
[10:15:38.690][info] [#0:script/workspace/loading.lua:100]: Preload file at: file:///home/nattz/.config/nvim/pack/nvim/start/nvim-lspconfig/lua/lspconfig/configs/cucumber_language_server.lua , size = 0.856 KB
[10:15:38.691][info] [#0:script/workspace/loading.lua:100]: Preload file at: file:///home/nattz/.config/nvim/pack/nvim/start/nvim-lspconfig/lua/lspconfig/configs/zk.lua , size = 2.082 KB
[10:15:38.692][info] [#0:script/workspace/loading.lua:100]: Preload file at: file:///home/nattz/.config/nvim/pack/nvim/start/nvim-lspconfig/lua/lspconfig/configs/cssmodules_ls.lua , size = 0.907 KB
[10:15:38.692][info] [#0:script/workspace/loading.lua:100]: Preload file at: file:///home/nattz/.config/nvim/pack/nvim/start/nvim-lspconfig/lua/lspconfig/configs/nimls.lua , size = 0.819 KB
[10:15:38.693][info] [#0:script/workspace/loading.lua:100]: Preload file at: file:///home/nattz/.config/nvim/pack/nvim/start/nvim-lspconfig/lua/lspconfig/configs/matlab_ls.lua , size = 0.963 KB
[10:15:38.693][info] [#0:script/workspace/loading.lua:100]: Preload file at: file:///home/nattz/.config/nvim/pack/nvim/start/nvim-lspconfig/lua/lspconfig/configs/ballerina.lua , size = 0.760 KB
[10:15:38.694][info] [#0:script/workspace/loading.lua:100]: Preload file at: file:///home/nattz/.config/nvim/pack/nvim/start/nvim-lspconfig/lua/lspconfig/async.lua , size = 1.498 KB
[10:15:38.695][info] [#0:script/workspace/loading.lua:100]: Preload file at: file:///home/nattz/.config/nvim/pack/nvim/start/nvim-lspconfig/lua/lspconfig/health.lua , size = 11.497 KB
[10:15:38.701][info] [#0:script/workspace/loading.lua:100]: Preload file at: file:///home/nattz/.config/nvim/pack/nvim/start/nvim-lspconfig/lua/lspconfig/manager.lua , size = 6.464 KB
[10:15:38.705][info] [#0:script/workspace/loading.lua:100]: Preload file at: file:///home/nattz/.config/nvim/pack/nvim/start/nvim-lspconfig/lua/lspconfig/util.lua , size = 12.171 KB
[10:15:38.711][info] [#0:script/workspace/loading.lua:100]: Preload file at: file:///home/nattz/.config/nvim/pack/nvim/start/nvim-lspconfig/lua/lspconfig.lua , size = 3.004 KB
[10:15:38.713][info] [#0:script/workspace/loading.lua:100]: Preload file at: file:///home/nattz/.config/nvim/pack/nvim/start/nvim-lspconfig/plugin/lspconfig.lua , size = 7.845 KB
[10:15:38.824][info] [#0:script/workspace/loading.lua:172]: Loaded files takes [2.497] sec: file:///home/nattz/.config/nvim
[10:15:38.824][info] [#0:script/workspace/loading.lua:181]: Compile files takes [0.000] sec: file:///home/nattz/.config/nvim
[10:15:38.824][info] [#0:script/workspace/loading.lua:182]: Loaded finish:	file:///home/nattz/.config/nvim
[10:15:38.824][info] [#0:script/workspace/workspace.lua:389]: Preload finish at:	file:///home/nattz/.config/nvim
[10:15:38.848][info] [#0:script/provider/diagnostic.lua:560]: Diagnostics scope [file:///home/nattz/.config/nvim], files count:[1058]
[10:15:38.873][warn] [#0:script/proto/proto.lua:189]: Method [textDocument/semanticTokens/full] takes [2.642]sec. {
  id = 30,
  jsonrpc = "2.0",
  method = "textDocument/semanticTokens/full",
  params = {
    textDocument = {
      uri = "file:///home/nattz/.config/nvim/lua/plugins/lsp.lua"
    }
  }
}
[10:15:38.874][warn] [#0:script/proto/proto.lua:189]: Method [textDocument/inlayHint] takes [2.644]sec. {
  id = 31,
  jsonrpc = "2.0",
  method = "textDocument/inlayHint",
  params = {
    range = {
      end = {
        character = 0,
        line = 64
      },
      start = {
        character = 0,
        line = 0
      }
    },
    textDocument = {
      uri = "file:///home/nattz/.config/nvim/lua/plugins/lsp.lua"
    }
  }
}
[10:15:39.680][info] [#0:script/provider/provider.lua:176]: Server shutdown.
[10:15:39.705][warn] [#0:script/pub/report.lua:24]: Load proto error:	Disconnected!
